storm_id,season,name,timestamp_utc,nature,latitude,longitude,wmo_wind_kt,wmo_pressure_mb,wmo_agency,track_type,distance_to_land_km,landfall_next3h_km,storm_speed_kt,storm_direction_deg,wmo_wind_kmh,landfall_window_flag,on_land_flag,relevance,storm_max_wind_kt,storm_min_pressure_mb,odisha_role
1982120N11083,1982,UNNAMED,1982-04-30 02:00:00,DS,11.4,82.7,,, ,main,298,284.0,7.0,330.0,,0,0,regional_comparator,115.0,,regional_comparator
1982120N11083,1982,UNNAMED,1982-04-30 03:00:00,DS,11.5,82.6,,, ,main,284,262.0,7.0,330.0,,0,0,regional_comparator,115.0,,regional_comparator
1982120N11083,1982,UNNAMED,1982-04-30 06:00:00,DS,11.8,82.4,,, ,main,251,232.0,7.0,330.0,,0,0,regional_comparator,115.0,,regional_comparator
1982120N11083,1982,UNNAMED,1982-04-30 09:00:00,DS,12.1,82.3,,, ,main,232,206.0,7.0,335.0,,0,0,regional_comparator,115.0,,regional_comparator
1982120N11083,1982,UNNAMED,1982-04-30 12:00:00,DS,12.5,82.1,,, ,main,206,206.0,7.0,345.0,,0,0,regional_comparator,115.0,,regional_comparator
1982120N11083,1982,UNNAMED,1982-04-30 14:00:00,TS,12.7,82.1,,, ,main,206,202.0,7.0,350.0,,0,0,regional_comparator,115.0,,regional_comparator
1982120N11083,1982,UNNAMED,1982-04-30 15:00:00,TS,12.8,82.1,,, ,main,202,195.0,8.0,0.0,,0,0,regional_comparator,115.0,,regional_comparator
1982120N11083,1982,UNNAMED,1982-04-30 18:00:00,TS,13.2,82.1,,, ,main,195,194.0,8.0,0.0,,0,0,regional_comparator,115.0,,regional_comparator
1982120N11083,1982,UNNAMED,1982-04-30 21:00:00,TS,13.7,82.1,,, ,main,194,194.0,9.0,0.0,,0,0,regional_comparator,115.0,,regional_comparator
1982120N11083,1982,UNNAMED,1982-05-01 00:00:00,TS,14.1,82.1,,, ,main,197,197.0,8.0,10.0,,0,0,regional_comparator,115.0,,regional_comparator
1982120N11083,1982,UNNAMED,1982-05-01 02:00:00,TS,14.3,82.2,,, ,main,209,201.0,7.0,25.0,,0,0,regional_comparator,115.0,,regional_comparator
1982120N11083,1982,UNNAMED,1982-05-01 03:00:00,TS,14.4,82.3,25.0,,newdelhi,main,209,201.0,6.0,30.0,46.300000000000004,0,0,regional_comparator,115.0,,regional_comparator
1982120N11083,1982,UNNAMED,1982-05-01 06:00:00,TS,14.7,82.4,30.0,,newdelhi,main,193,173.0,5.0,20.0,55.56,0,0,regional_comparator,115.0,,regional_comparator
1982120N11083,1982,UNNAMED,1982-05-01 09:00:00,TS,14.9,82.4,,, ,main,173,153.0,4.0,5.0,,0,0,regional_comparator,115.0,,regional_comparator
1982120N11083,1982,UNNAMED,1982-05-01 12:00:00,TS,15.1,82.5,35.0,,newdelhi,main,159,148.0,5.0,20.0,64.82000000000001,0,0,regional_comparator,115.0,,regional_comparator
1982120N11083,1982,UNNAMED,1982-05-01 14:00:00,TS,15.2,82.6,,, ,main,153,144.0,6.0,35.0,,0,0,regional_comparator,115.0,,regional_comparator
1982120N11083,1982,UNNAMED,1982-05-01 15:00:00,TS,15.3,82.6,,, ,main,144,128.0,7.0,45.0,,0,0,regional_comparator,115.0,,regional_comparator
1982120N11083,1982,UNNAMED,1982-05-01 18:00:00,TS,15.6,82.9,40.0,,newdelhi,main,128,123.0,7.0,45.0,74.08,0,0,regional_comparator,115.0,,regional_comparator
1982120N11083,1982,UNNAMED,1982-05-01 21:00:00,TS,15.8,83.1,,, ,main,123,123.0,7.0,45.0,,0,0,regional_comparator,115.0,,regional_comparator
1982120N11083,1982,UNNAMED,1982-05-02 00:00:00,TS,16.1,83.4,45.0,,newdelhi,main,130,130.0,8.0,50.0,83.34,0,0,regional_comparator,115.0,,regional_comparator
1982120N11083,1982,UNNAMED,1982-05-02 02:00:00,TS,16.3,83.6,,, ,main,139,139.0,9.0,50.0,,0,0,regional_comparator,115.0,,regional_comparator
1982120N11083,1982,UNNAMED,1982-05-02 03:00:00,TS,16.3,83.8,45.0,,newdelhi,main,158,148.0,8.0,70.0,83.34,0,0,regional_comparator,115.0,,regional_comparator
1982120N11083,1982,UNNAMED,1982-05-02 06:00:00,TS,16.4,84.1,50.0,,newdelhi,main,164,162.0,7.0,75.0,92.60000000000001,0,0,regional_comparator,115.0,,regional_comparator
1982120N11083,1982,UNNAMED,1982-05-02 09:00:00,TS,16.5,84.5,,, ,main,185,185.0,7.0,75.0,,0,0,regional_comparator,115.0,,regional_comparator
1982120N11083,1982,UNNAMED,1982-05-02 12:00:00,TS,16.6,84.8,55.0,,newdelhi,main,200,198.0,7.0,65.0,101.86,0,0,regional_comparator,115.0,,regional_comparator
1982120N11083,1982,UNNAMED,1982-05-02 14:00:00,TS,16.8,85.0,,, ,main,193,193.0,7.0,60.0,,0,0,regional_comparator,115.0,,regional_comparator
1982120N11083,1982,UNNAMED,1982-05-02 15:00:00,TS,16.8,85.1,,, ,main,198,195.0,7.0,60.0,,0,0,regional_comparator,115.0,,regional_comparator
1982120N11083,1982,UNNAMED,1982-05-02 18:00:00,TS,17.0,85.5,55.0,,newdelhi,main,207,207.0,8.0,70.0,101.86,0,0,regional_comparator,115.0,,regional_comparator
1982120N11083,1982,UNNAMED,1982-05-02 21:00:00,TS,17.1,85.9,,, ,main,230,230.0,8.0,80.0,,0,0,regional_comparator,115.0,,regional_comparator
1982120N11083,1982,UNNAMED,1982-05-03 00:00:00,TS,17.1,86.3,60.0,,newdelhi,main,261,261.0,9.0,85.0,111.12,0,0,regional_comparator,115.0,,regional_comparator
1982120N11083,1982,UNNAMED,1982-05-03 02:00:00,TS,17.1,86.6,,, ,main,284,284.0,9.0,85.0,,0,0,regional_comparator,115.0,,regional_comparator
1982120N11083,1982,UNNAMED,1982-05-03 03:00:00,TS,17.2,86.8,65.0,,newdelhi,main,293,293.0,12.0,75.0,120.38000000000001,0,0,regional_comparator,115.0,,regional_comparator
1982120N11083,1982,UNNAMED,1982-05-03 06:00:00,TS,17.4,87.4,80.0,,newdelhi,main,309,309.0,12.0,75.0,148.16,0,0,regional_comparator,115.0,,regional_comparator
1982120N11083,1982,UNNAMED,1982-05-03 09:00:00,TS,17.4,88.0,,, ,main,336,336.0,10.0,85.0,,0,0,regional_comparator,115.0,,regional_comparator
1982120N11083,1982,UNNAMED,1982-05-03 12:00:00,TS,17.4,88.5,90.0,,newdelhi,main,365,365.0,11.0,90.0,166.68,0,0,regional_comparator,115.0,,regional_comparator
1982120N11083,1982,UNNAMED,1982-05-03 14:00:00,TS,17.4,88.9,,, ,main,392,392.0,12.0,90.0,,0,0,regional_comparator,115.0,,regional_comparator
1982120N11083,1982,UNNAMED,1982-05-03 15:00:00,TS,17.4,89.1,,, ,main,406,406.0,12.0,90.0,,0,0,regional_comparator,115.0,,regional_comparator
1982120N11083,1982,UNNAMED,1982-05-03 18:00:00,TS,17.5,89.8,105.0,,newdelhi,main,436,396.0,11.0,90.0,194.46,0,0,regional_comparator,115.0,,regional_comparator
1982120N11083,1982,UNNAMED,1982-05-03 21:00:00,TS,17.5,90.3,,, ,main,396,340.0,11.0,85.0,,0,0,regional_comparator,115.0,,regional_comparator
1982120N11083,1982,UNNAMED,1982-05-04 00:00:00,TS,17.5,90.9,115.0,,newdelhi,main,340,303.0,11.0,90.0,212.98000000000002,0,0,regional_comparator,115.0,,regional_comparator
1982120N11083,1982,UNNAMED,1982-05-04 02:00:00,TS,17.5,91.3,,, ,main,303,286.0,12.0,90.0,,0,0,regional_comparator,115.0,,regional_comparator
1982120N11083,1982,UNNAMED,1982-05-04 03:00:00,TS,17.5,91.6,115.0,,newdelhi,main,278,230.0,14.0,90.0,212.98000000000002,0,0,regional_comparator,115.0,,regional_comparator
1982120N11083,1982,UNNAMED,1982-05-04 06:00:00,TS,17.5,92.3,115.0,,newdelhi,main,222,149.0,15.0,90.0,212.98000000000002,0,0,regional_comparator,115.0,,regional_comparator
1982120N11083,1982,UNNAMED,1982-05-04 09:00:00,TS,17.5,93.2,,, ,main,140,57.0,17.0,90.0,,0,0,regional_comparator,115.0,,regional_comparator
1982120N11083,1982,UNNAMED,1982-05-04 12:00:00,TS,17.4,94.0,115.0,,newdelhi,main,57,21.0,15.0,90.0,212.98000000000002,0,0,regional_comparator,115.0,,regional_comparator
1982120N11083,1982,UNNAMED,1982-05-04 14:00:00,TS,17.4,94.5,,, ,main,10,0.0,13.0,90.0,,1,0,regional_comparator,115.0,,regional_comparator
1982120N11083,1982,UNNAMED,1982-05-04 15:00:00,TS,17.4,94.7,,, ,main,0,0.0,12.0,90.0,,1,1,regional_comparator,115.0,,regional_comparator
1982120N11083,1982,UNNAMED,1982-05-04 18:00:00,TS,17.4,95.3,115.0,,newdelhi,main,0,0.0,13.0,85.0,212.98000000000002,1,1,regional_comparator,115.0,,regional_comparator
1982120N11083,1982,UNNAMED,1982-05-04 21:00:00,TS,17.5,96.0,,, ,main,0,0.0,14.0,85.0,,1,1,regional_comparator,115.0,,regional_comparator
1982120N11083,1982,UNNAMED,1982-05-05 00:00:00,TS,17.6,96.8,,, ,main,0,0.0,13.0,80.0,,1,1,regional_comparator,115.0,,regional_comparator
1982120N11083,1982,UNNAMED,1982-05-05 02:00:00,TS,17.7,97.1,,, ,main,0,0.0,9.0,65.0,,1,1,regional_comparator,115.0,,regional_comparator
1982120N11083,1982,UNNAMED,1982-05-05 03:00:00,TS,17.8,97.2,30.0,,newdelhi,main,0,0.0,4.0,20.0,55.56,1,1,regional_comparator,115.0,,regional_comparator
1982120N11083,1982,UNNAMED,1982-05-05 06:00:00,TS,17.9,97.2,,, ,main,0,0.0,3.0,25.0,,1,1,regional_comparator,115.0,,regional_comparator
1982120N11083,1982,UNNAMED,1982-05-05 09:00:00,TS,18.0,97.3,,, ,main,0,0.0,2.0,35.0,,1,1,regional_comparator,115.0,,regional_comparator
1982120N11083,1982,UNNAMED,1982-05-05 12:00:00,TS,18.1,97.4,,, ,main,0,0.0,2.0,15.0,,1,1,regional_comparator,115.0,,regional_comparator
1982120N11083,1982,UNNAMED,1982-05-05 14:00:00,DS,18.2,97.4,,, ,main,0,,2.0,20.0,,0,1,regional_comparator,115.0,,regional_comparator
1982150N13087,1982,UNNAMED,1982-05-30 02:00:00,DS,13.1,87.3,,, ,main,665,665.0,7.0,70.0,,0,0,direct_odisha,90.0,952.0,direct_odisha
1982150N13087,1982,UNNAMED,1982-05-30 03:00:00,DS,13.1,87.4,,, ,main,673,673.0,7.0,70.0,,0,0,direct_odisha,90.0,952.0,direct_odisha
1982150N13087,1982,UNNAMED,1982-05-30 06:00:00,DS,13.2,87.8,,, ,main,694,685.0,7.0,70.0,,0,0,direct_odisha,90.0,952.0,direct_odisha
1982150N13087,1982,UNNAMED,1982-05-30 09:00:00,DS,13.3,88.1,,, ,main,704,695.0,6.0,70.0,,0,0,direct_odisha,90.0,952.0,direct_odisha
1982150N13087,1982,UNNAMED,1982-05-30 12:00:00,DS,13.4,88.3,,, ,main,698,673.0,5.0,70.0,,0,0,direct_odisha,90.0,952.0,direct_odisha
1982150N13087,1982,UNNAMED,1982-05-30 14:00:00,DS,13.5,88.5,,, ,main,673,664.0,5.0,70.0,,0,0,direct_odisha,90.0,952.0,direct_odisha
1982150N13087,1982,UNNAMED,1982-05-30 15:00:00,DS,13.5,88.6,,, ,main,664,639.0,4.0,70.0,,0,0,direct_odisha,90.0,952.0,direct_odisha
1982150N13087,1982,UNNAMED,1982-05-30 18:00:00,DS,13.6,88.8,,, ,main,639,630.0,4.0,70.0,,0,0,direct_odisha,90.0,952.0,direct_odisha
1982150N13087,1982,UNNAMED,1982-05-30 21:00:00,DS,13.6,88.9,,, ,main,630,605.0,3.0,70.0,,0,0,direct_odisha,90.0,952.0,direct_odisha
1982150N13087,1982,UNNAMED,1982-05-31 00:00:00,DS,13.7,89.1,,, ,main,605,591.0,4.0,60.0,,0,0,direct_odisha,90.0,952.0,direct_odisha
1982150N13087,1982,UNNAMED,1982-05-31 02:00:00,DS,13.8,89.2,,, ,main,591,576.0,5.0,55.0,,0,0,direct_odisha,90.0,952.0,direct_odisha
1982150N13087,1982,UNNAMED,1982-05-31 03:00:00,DS,13.9,89.3,,, ,main,576,537.0,7.0,50.0,,0,0,direct_odisha,90.0,952.0,direct_odisha
1982150N13087,1982,UNNAMED,1982-05-31 06:00:00,DS,14.1,89.6,,, ,main,537,495.0,8.0,45.0,,0,0,direct_odisha,90.0,952.0,direct_odisha
1982150N13087,1982,UNNAMED,1982-05-31 09:00:00,DS,14.4,89.9,,, ,main,495,453.0,9.0,50.0,,0,0,direct_odisha,90.0,952.0,direct_odisha
1982150N13087,1982,UNNAMED,1982-05-31 12:00:00,MX,14.7,90.3,25.0,990.0,newdelhi,main,442,429.0,8.0,50.0,46.300000000000004,0,0,direct_odisha,90.0,952.0,direct_odisha
1982150N13087,1982,UNNAMED,1982-05-31 14:00:00,MX,14.8,90.4,,, ,main,429,415.0,7.0,50.0,,0,0,direct_odisha,90.0,952.0,direct_odisha
1982150N13087,1982,UNNAMED,1982-05-31 15:00:00,MX,14.9,90.5,,, ,main,415,398.0,5.0,20.0,,0,0,direct_odisha,90.0,952.0,direct_odisha
1982150N13087,1982,UNNAMED,1982-05-31 18:00:00,MX,15.1,90.5,30.0,988.0,newdelhi,main,409,403.0,5.0,345.0,55.56,0,0,direct_odisha,90.0,952.0,direct_odisha
1982150N13087,1982,UNNAMED,1982-05-31 21:00:00,MX,15.4,90.4,,, ,main,412,410.0,5.0,335.0,,0,0,direct_odisha,90.0,952.0,direct_odisha
1982150N13087,1982,UNNAMED,1982-06-01 00:00:00,MX,15.6,90.3,35.0,986.0,newdelhi,main,419,417.0,6.0,340.0,64.82000000000001,0,0,direct_odisha,90.0,952.0,direct_odisha
1982150N13087,1982,UNNAMED,1982-06-01 02:00:00,MX,15.8,90.3,,, ,main,417,417.0,6.0,350.0,,0,0,direct_odisha,90.0,952.0,direct_odisha
1982150N13087,1982,UNNAMED,1982-06-01 03:00:00,MX,15.9,90.2,40.0,984.0,newdelhi,main,427,427.0,6.0,355.0,74.08,0,0,direct_odisha,90.0,952.0,direct_odisha
1982150N13087,1982,UNNAMED,1982-06-01 06:00:00,MX,16.2,90.2,40.0,984.0,newdelhi,main,428,428.0,4.0,345.0,74.08,0,0,direct_odisha,90.0,952.0,direct_odisha
1982150N13087,1982,UNNAMED,1982-06-01 09:00:00,MX,16.3,90.1,,, ,main,439,439.0,3.0,320.0,,0,0,direct_odisha,90.0,952.0,direct_odisha
1982150N13087,1982,UNNAMED,1982-06-01 12:00:00,MX,16.4,90.0,40.0,984.0,newdelhi,main,450,450.0,4.0,320.0,74.08,0,0,direct_odisha,90.0,952.0,direct_odisha
1982150N13087,1982,UNNAMED,1982-06-01 14:00:00,MX,16.6,89.9,,, ,main,463,463.0,5.0,330.0,,0,0,direct_odisha,90.0,952.0,direct_odisha
1982150N13087,1982,UNNAMED,1982-06-01 15:00:00,MX,16.6,89.9,,, ,main,463,463.0,5.0,330.0,,0,0,direct_odisha,90.0,952.0,direct_odisha
1982150N13087,1982,UNNAMED,1982-06-01 18:00:00,MX,16.9,89.7,40.0,984.0,newdelhi,main,484,475.0,4.0,320.0,74.08,0,0,direct_odisha,90.0,952.0,direct_odisha
1982150N13087,1982,UNNAMED,1982-06-01 21:00:00,MX,17.0,89.6,,, ,main,475,453.0,4.0,315.0,,0,0,direct_odisha,90.0,952.0,direct_odisha
1982150N13087,1982,UNNAMED,1982-06-02 00:00:00,MX,17.1,89.4,40.0,984.0,newdelhi,main,453,437.0,5.0,330.0,74.08,0,0,direct_odisha,90.0,952.0,direct_odisha
1982150N13087,1982,UNNAMED,1982-06-02 02:00:00,TS,17.3,89.4,,, ,main,437,421.0,6.0,345.0,,0,0,direct_odisha,90.0,952.0,direct_odisha
1982150N13087,1982,UNNAMED,1982-06-02 03:00:00,TS,17.4,89.3,45.0,982.0,newdelhi,main,421,406.0,3.0,330.0,83.34,0,0,direct_odisha,90.0,952.0,direct_odisha
1982150N13087,1982,UNNAMED,1982-06-02 06:00:00,TS,17.5,89.2,45.0,982.0,newdelhi,main,406,383.0,4.0,320.0,83.34,0,0,direct_odisha,90.0,952.0,direct_odisha
1982150N13087,1982,UNNAMED,1982-06-02 09:00:00,TS,17.7,89.1,,, ,main,383,352.0,5.0,320.0,,0,0,direct_odisha,90.0,952.0,direct_odisha
1982150N13087,1982,UNNAMED,1982-06-02 12:00:00,TS,17.9,88.9,45.0,982.0,newdelhi,main,352,329.0,6.0,320.0,83.34,0,0,direct_odisha,90.0,952.0,direct_odisha
1982150N13087,1982,UNNAMED,1982-06-02 14:00:00,TS,18.1,88.7,,, ,main,321,321.0,5.0,315.0,,0,0,direct_odisha,90.0,952.0,direct_odisha
1982150N13087,1982,UNNAMED,1982-06-02 15:00:00,TS,18.1,88.7,,, ,main,321,291.0,5.0,315.0,,0,0,direct_odisha,90.0,952.0,direct_odisha
1982150N13087,1982,UNNAMED,1982-06-02 18:00:00,TS,18.3,88.5,50.0,979.0,newdelhi,main,291,268.0,5.0,330.0,92.60000000000001,0,0,direct_odisha,90.0,952.0,direct_odisha
1982150N13087,1982,UNNAMED,1982-06-02 21:00:00,TS,18.5,88.4,,, ,main,268,229.0,5.0,330.0,,0,0,direct_odisha,90.0,952.0,direct_odisha
1982150N13087,1982,UNNAMED,1982-06-03 00:00:00,TS,18.8,88.2,55.0,976.0,newdelhi,main,229,207.0,6.0,310.0,101.86,0,0,direct_odisha,90.0,952.0,direct_odisha
1982150N13087,1982,UNNAMED,1982-06-03 02:00:00,TS,18.9,88.0,,, ,main,207,199.0,7.0,295.0,,0,0,direct_odisha,90.0,952.0,direct_odisha
1982150N13087,1982,UNNAMED,1982-06-03 03:00:00,TS,18.9,87.9,65.0,972.0,newdelhi,main,199,139.0,9.0,315.0,120.38000000000001,0,0,direct_odisha,90.0,952.0,direct_odisha
1982150N13087,1982,UNNAMED,1982-06-03 06:00:00,TS,19.3,87.5,80.0,960.0,newdelhi,main,139,109.0,8.0,320.0,148.16,0,0,direct_odisha,90.0,952.0,direct_odisha
1982150N13087,1982,UNNAMED,1982-06-03 09:00:00,TS,19.5,87.3,90.0,952.0,newdelhi,main,109,54.0,8.0,320.0,166.68,0,0,direct_odisha,90.0,952.0,direct_odisha
1982150N13087,1982,UNNAMED,1982-06-03 12:00:00,TS,19.9,86.9,90.0,952.0,newdelhi,main,49,11.0,11.0,320.0,166.68,0,0,direct_odisha,90.0,952.0,direct_odisha
1982150N13087,1982,UNNAMED,1982-06-03 14:00:00,TS,20.2,86.7,,, ,main,11,0.0,11.0,325.0,,1,0,direct_odisha,90.0,952.0,direct_odisha
1982150N13087,1982,UNNAMED,1982-06-03 15:00:00,TS,20.4,86.6,,, ,main,0,0.0,11.0,325.0,,1,1,direct_odisha,90.0,952.0,direct_odisha
1982150N13087,1982,UNNAMED,1982-06-03 18:00:00,TS,20.9,86.3,90.0,952.0,newdelhi,main,0,0.0,11.0,325.0,166.68,1,1,direct_odisha,90.0,952.0,direct_odisha
1982150N13087,1982,UNNAMED,1982-06-03 21:00:00,TS,21.3,86.0,,, ,main,0,0.0,11.0,325.0,,1,1,direct_odisha,90.0,952.0,direct_odisha
1982150N13087,1982,UNNAMED,1982-06-04 00:00:00,TS,21.7,85.6,65.0,970.0,newdelhi,main,0,0.0,11.0,325.0,120.38000000000001,1,1,direct_odisha,90.0,952.0,direct_odisha
1982150N13087,1982,UNNAMED,1982-06-04 02:00:00,TS,22.1,85.4,,, ,main,0,0.0,12.0,330.0,,1,1,direct_odisha,90.0,952.0,direct_odisha
1982150N13087,1982,UNNAMED,1982-06-04 03:00:00,TS,22.2,85.3,45.0,982.0,newdelhi,main,0,0.0,11.0,325.0,83.34,1,1,direct_odisha,90.0,952.0,direct_odisha
1982150N13087,1982,UNNAMED,1982-06-04 06:00:00,TS,22.7,84.9,35.0,986.0,newdelhi,main,0,0.0,10.0,320.0,64.82000000000001,1,1,direct_odisha,90.0,952.0,direct_odisha
1982150N13087,1982,UNNAMED,1982-06-04 08:00:00,MX,22.8,84.7,,, ,main,0,0.0,8.0,285.0,,1,1,direct_odisha,90.0,952.0,direct_odisha
1982150N13087,1982,UNNAMED,1982-06-04 09:00:00,TS,22.8,84.5,,, ,main,0,0.0,10.0,285.0,,1,1,direct_odisha,90.0,952.0,direct_odisha
1982150N13087,1982,UNNAMED,1982-06-04 12:00:00,TS,23.0,84.0,30.0,988.0,newdelhi,main,0,0.0,14.0,305.0,55.56,1,1,direct_odisha,90.0,952.0,direct_odisha
1982150N13087,1982,UNNAMED,1982-06-04 15:00:00,TS,23.5,83.3,,, ,main,0,0.0,17.0,305.0,,1,1,direct_odisha,90.0,952.0,direct_odisha
1982150N13087,1982,UNNAMED,1982-06-04 18:00:00,TS,24.0,82.5,30.0,988.0,newdelhi,main,0,0.0,18.0,295.0,55.56,1,1,direct_odisha,90.0,952.0,direct_odisha
1982150N13087,1982,UNNAMED,1982-06-04 21:00:00,TS,24.2,81.5,,, ,main,0,0.0,15.0,290.0,,1,1,direct_odisha,90.0,952.0,direct_odisha
1982150N13087,1982,UNNAMED,1982-06-05 00:00:00,TS,24.5,81.0,25.0,990.0,newdelhi,main,0,0.0,8.0,0.0,46.300000000000004,1,1,direct_odisha,90.0,952.0,direct_odisha
1982150N13087,1982,UNNAMED,1982-06-05 03:00:00,TS,25.0,81.5,20.0,991.0,newdelhi,main,0,,14.0,40.0,37.04,0,1,direct_odisha,90.0,952.0,direct_odisha
1984285N17089,1984,UNNAMED,1984-10-10 12:00:00,TS,16.8,88.6,,, ,main,426,398.0,7.0,0.0,,0,0,direct_odisha,65.0,,direct_odisha
1984285N17089,1984,UNNAMED,1984-10-10 15:00:00,TS,17.1,88.6,,, ,main,398,371.0,6.0,0.0,,0,0,direct_odisha,65.0,,direct_odisha
1984285N17089,1984,UNNAMED,1984-10-10 18:00:00,TS,17.4,88.6,,, ,main,371,354.0,4.0,0.0,,0,0,direct_odisha,65.0,,direct_odisha
1984285N17089,1984,UNNAMED,1984-10-10 21:00:00,TS,17.6,88.6,,, ,main,354,346.0,3.0,0.0,,0,0,direct_odisha,65.0,,direct_odisha
1984285N17089,1984,UNNAMED,1984-10-11 00:00:00,TS,17.7,88.6,,, ,main,346,337.0,3.0,5.0,,0,0,direct_odisha,65.0,,direct_odisha
1984285N17089,1984,UNNAMED,1984-10-11 03:00:00,TS,17.9,88.6,,, ,main,329,321.0,3.0,5.0,,0,0,direct_odisha,65.0,,direct_odisha
1984285N17089,1984,UNNAMED,1984-10-11 06:00:00,TS,18.0,88.6,,, ,main,321,314.0,2.0,0.0,,0,0,direct_odisha,65.0,,direct_odisha
1984285N17089,1984,UNNAMED,1984-10-11 09:00:00,TS,18.1,88.6,,, ,main,314,306.0,2.0,0.0,,0,0,direct_odisha,65.0,,direct_odisha
1984285N17089,1984,UNNAMED,1984-10-11 12:00:00,TS,18.2,88.6,,, ,main,306,299.0,2.0,0.0,,0,0,direct_odisha,65.0,,direct_odisha
1984285N17089,1984,UNNAMED,1984-10-11 15:00:00,TS,18.3,88.6,,, ,main,299,291.0,2.0,0.0,,0,0,direct_odisha,65.0,,direct_odisha
1984285N17089,1984,UNNAMED,1984-10-11 18:00:00,TS,18.4,88.6,,, ,main,291,275.0,3.0,0.0,,0,0,direct_odisha,65.0,,direct_odisha
1984285N17089,1984,UNNAMED,1984-10-11 21:00:00,TS,18.6,88.6,,, ,main,275,267.0,3.0,0.0,,0,0,direct_odisha,65.0,,direct_odisha
1984285N17089,1984,UNNAMED,1984-10-12 00:00:00,TS,18.7,88.6,,, ,main,267,260.0,3.0,360.0,,0,0,direct_odisha,65.0,,direct_odisha
1984285N17089,1984,UNNAMED,1984-10-12 03:00:00,TS,18.8,88.6,,, ,main,260,246.0,3.0,0.0,,0,0,direct_odisha,65.0,,direct_odisha
1984285N17089,1984,UNNAMED,1984-10-12 06:00:00,TS,19.0,88.6,,, ,main,246,231.0,3.0,350.0,,0,0,direct_odisha,65.0,,direct_odisha
1984285N17089,1984,UNNAMED,1984-10-12 09:00:00,TS,19.1,88.5,,, ,main,231,224.0,2.0,340.0,,0,0,direct_odisha,65.0,,direct_odisha
1984285N17089,1984,UNNAMED,1984-10-12 12:00:00,TS,19.2,88.5,,, ,main,224,219.0,3.0,340.0,,0,0,direct_odisha,65.0,,direct_odisha
1984285N17089,1984,UNNAMED,1984-10-12 15:00:00,TS,19.3,88.5,,, ,main,219,198.0,3.0,345.0,,0,0,direct_odisha,65.0,,direct_odisha
1984285N17089,1984,UNNAMED,1984-10-12 18:00:00,TS,19.5,88.4,,, ,main,198,191.0,3.0,340.0,,0,0,direct_odisha,65.0,,direct_odisha
1984285N17089,1984,UNNAMED,1984-10-12 21:00:00,TS,19.6,88.4,,, ,main,191,183.0,2.0,315.0,,0,0,direct_odisha,65.0,,direct_odisha
1984285N17089,1984,UNNAMED,1984-10-13 00:00:00,TS,19.6,88.3,25.0,,newdelhi,main,183,160.0,3.0,300.0,46.300000000000004,0,0,direct_odisha,65.0,,direct_odisha
1984285N17089,1984,UNNAMED,1984-10-13 03:00:00,TS,19.7,88.1,25.0,,newdelhi,main,160,129.0,5.0,310.0,46.300000000000004,0,0,direct_odisha,65.0,,direct_odisha
1984285N17089,1984,UNNAMED,1984-10-13 06:00:00,TS,19.9,87.9,,, ,main,129,107.0,5.0,325.0,,0,0,direct_odisha,65.0,,direct_odisha
1984285N17089,1984,UNNAMED,1984-10-13 09:00:00,TS,20.1,87.8,,, ,main,107,94.0,4.0,340.0,,0,0,direct_odisha,65.0,,direct_odisha
1984285N17089,1984,UNNAMED,1984-10-13 12:00:00,TS,20.3,87.8,65.0,,newdelhi,main,94,80.0,3.0,340.0,120.38000000000001,0,0,direct_odisha,65.0,,direct_odisha
1984285N17089,1984,UNNAMED,1984-10-13 15:00:00,TS,20.4,87.7,,, ,main,80,63.0,3.0,325.0,,0,0,direct_odisha,65.0,,direct_odisha
1984285N17089,1984,UNNAMED,1984-10-13 18:00:00,TS,20.6,87.6,,, ,main,63,41.0,4.0,315.0,,0,0,direct_odisha,65.0,,direct_odisha
1984285N17089,1984,UNNAMED,1984-10-13 21:00:00,TS,20.7,87.4,,, ,main,41,20.0,5.0,315.0,,0,0,direct_odisha,65.0,,direct_odisha
1984285N17089,1984,UNNAMED,1984-10-14 00:00:00,TS,20.9,87.2,,, ,main,23,10.0,6.0,310.0,,0,0,direct_odisha,65.0,,direct_odisha
1984285N17089,1984,UNNAMED,1984-10-14 03:00:00,TS,21.1,86.9,55.0,,newdelhi,main,10,0.0,7.0,310.0,101.86,1,0,direct_odisha,65.0,,direct_odisha
1984285N17089,1984,UNNAMED,1984-10-14 06:00:00,TS,21.3,86.6,,, ,main,0,0.0,8.0,305.0,,1,1,direct_odisha,65.0,,direct_odisha
1984285N17089,1984,UNNAMED,1984-10-14 09:00:00,TS,21.6,86.3,,, ,main,0,0.0,7.0,305.0,,1,1,direct_odisha,65.0,,direct_odisha
1984285N17089,1984,UNNAMED,1984-10-14 12:00:00,TS,21.7,86.0,35.0,,newdelhi,main,0,0.0,5.0,290.0,64.82000000000001,1,1,direct_odisha,65.0,,direct_odisha
1984285N17089,1984,UNNAMED,1984-10-14 15:00:00,TS,21.7,85.8,,, ,main,0,0.0,4.0,290.0,,1,1,direct_odisha,65.0,,direct_odisha
1984285N17089,1984,UNNAMED,1984-10-14 18:00:00,TS,21.9,85.6,,, ,main,0,0.0,5.0,315.0,,1,1,direct_odisha,65.0,,direct_odisha
1984285N17089,1984,UNNAMED,1984-10-14 21:00:00,TS,22.1,85.4,,, ,main,0,0.0,5.0,315.0,,1,1,direct_odisha,65.0,,direct_odisha
1984285N17089,1984,UNNAMED,1984-10-15 00:00:00,TS,22.3,85.2,,, ,main,0,0.0,6.0,325.0,,1,1,direct_odisha,65.0,,direct_odisha
1984285N17089,1984,UNNAMED,1984-10-15 03:00:00,TS,22.5,85.0,25.0,,newdelhi,main,0,0.0,6.0,330.0,46.300000000000004,1,1,direct_odisha,65.0,,direct_odisha
1984285N17089,1984,UNNAMED,1984-10-15 06:00:00,TS,22.8,84.8,,, ,main,0,0.0,7.0,335.0,,1,1,direct_odisha,65.0,,direct_odisha
1984285N17089,1984,UNNAMED,1984-10-15 09:00:00,TS,23.1,84.7,,, ,main,0,0.0,8.0,335.0,,1,1,direct_odisha,65.0,,direct_odisha
1984285N17089,1984,UNNAMED,1984-10-15 12:00:00,TS,23.5,84.5,20.0,,newdelhi,main,0,,8.0,335.0,37.04,0,1,direct_odisha,65.0,,direct_odisha
1985262N18090,1985,UNNAMED,1985-09-19 03:00:00,TS,17.5,90.0,25.0,,newdelhi,main,421,398.0,14.0,310.0,46.300000000000004,0,0,direct_odisha,45.0,,direct_odisha
1985262N18090,1985,UNNAMED,1985-09-19 06:00:00,TS,17.9,89.4,,, ,main,390,321.0,13.0,310.0,,0,0,direct_odisha,45.0,,direct_odisha
1985262N18090,1985,UNNAMED,1985-09-19 09:00:00,TS,18.3,88.9,,, ,main,321,276.0,10.0,300.0,,0,0,direct_odisha,45.0,,direct_odisha
1985262N18090,1985,UNNAMED,1985-09-19 12:00:00,TS,18.5,88.5,25.0,,newdelhi,main,276,252.0,7.0,285.0,46.300000000000004,0,0,direct_odisha,45.0,,direct_odisha
1985262N18090,1985,UNNAMED,1985-09-19 15:00:00,TS,18.5,88.2,,, ,main,252,237.0,5.0,270.0,,0,0,direct_odisha,45.0,,direct_odisha
1985262N18090,1985,UNNAMED,1985-09-19 18:00:00,TS,18.5,88.0,30.0,,newdelhi,main,237,206.0,4.0,295.0,55.56,0,0,direct_odisha,45.0,,direct_odisha
1985262N18090,1985,UNNAMED,1985-09-19 21:00:00,TS,18.7,87.8,,, ,main,206,160.0,7.0,315.0,,0,0,direct_odisha,45.0,,direct_odisha
1985262N18090,1985,UNNAMED,1985-09-20 00:00:00,TS,19.0,87.5,30.0,,newdelhi,main,160,84.0,11.0,320.0,55.56,0,0,direct_odisha,45.0,,direct_odisha
1985262N18090,1985,UNNAMED,1985-09-20 03:00:00,TS,19.5,87.0,35.0,,newdelhi,main,84,56.0,11.0,300.0,64.82000000000001,0,0,direct_odisha,45.0,,direct_odisha
1985262N18090,1985,UNNAMED,1985-09-20 06:00:00,TS,19.5,86.5,40.0,,newdelhi,main,56,39.0,7.0,280.0,74.08,0,0,direct_odisha,45.0,,direct_odisha
1985262N18090,1985,UNNAMED,1985-09-20 09:00:00,TS,19.6,86.3,,, ,main,39,15.0,4.0,315.0,,0,0,direct_odisha,45.0,,direct_odisha
1985262N18090,1985,UNNAMED,1985-09-20 12:00:00,TS,19.8,86.2,45.0,,newdelhi,main,15,0.0,6.0,330.0,83.34,1,0,direct_odisha,45.0,,direct_odisha
1985262N18090,1985,UNNAMED,1985-09-20 15:00:00,TS,20.1,85.9,,, ,main,0,0.0,10.0,315.0,,1,1,direct_odisha,45.0,,direct_odisha
1985262N18090,1985,UNNAMED,1985-09-20 18:00:00,TS,20.5,85.5,35.0,,newdelhi,main,0,0.0,12.0,300.0,64.82000000000001,1,1,direct_odisha,45.0,,direct_odisha
1985262N18090,1985,UNNAMED,1985-09-20 21:00:00,TS,20.7,84.9,,, ,main,0,0.0,15.0,290.0,,1,1,direct_odisha,45.0,,direct_odisha
1985262N18090,1985,UNNAMED,1985-09-21 00:00:00,TS,21.0,84.0,30.0,,newdelhi,main,0,0.0,19.0,295.0,55.56,1,1,direct_odisha,45.0,,direct_odisha
1985262N18090,1985,UNNAMED,1985-09-21 03:00:00,TS,21.5,83.0,30.0,,newdelhi,main,0,0.0,17.0,300.0,55.56,1,1,direct_odisha,45.0,,direct_odisha
1985262N18090,1985,UNNAMED,1985-09-21 06:00:00,TS,21.8,82.4,,, ,main,0,0.0,10.0,300.0,,1,1,direct_odisha,45.0,,direct_odisha
1985262N18090,1985,UNNAMED,1985-09-21 09:00:00,TS,22.0,82.1,,, ,main,0,0.0,4.0,295.0,,1,1,direct_odisha,45.0,,direct_odisha
1985262N18090,1985,UNNAMED,1985-09-21 12:00:00,TS,22.0,82.0,25.0,,newdelhi,main,0,,2.0,295.0,46.300000000000004,0,1,direct_odisha,45.0,,direct_odisha
1985282N12090,1985,UNNAMED,1985-10-08 18:00:00,TS,11.8,90.4,,, ,main,622,559.0,12.0,30.0,,0,0,regional_comparator,45.0,,regional_comparator
1985282N12090,1985,UNNAMED,1985-10-08 21:00:00,TS,12.3,90.7,,, ,main,559,512.0,11.0,20.0,,0,0,regional_comparator,45.0,,regional_comparator
1985282N12090,1985,UNNAMED,1985-10-09 00:00:00,TS,12.8,90.8,,, ,main,512,497.0,9.0,350.0,,0,0,regional_comparator,45.0,,regional_comparator
1985282N12090,1985,UNNAMED,1985-10-09 03:00:00,TS,13.2,90.5,25.0,,newdelhi,main,506,506.0,11.0,310.0,46.300000000000004,0,0,regional_comparator,45.0,,regional_comparator
1985282N12090,1985,UNNAMED,1985-10-09 06:00:00,TS,13.5,90.0,,, ,main,531,531.0,13.0,290.0,,0,0,regional_comparator,45.0,,regional_comparator
1985282N12090,1985,UNNAMED,1985-10-09 09:00:00,TS,13.7,89.3,,, ,main,586,586.0,14.0,285.0,,0,0,regional_comparator,45.0,,regional_comparator
1985282N12090,1985,UNNAMED,1985-10-09 12:00:00,TS,13.8,88.6,,, ,main,650,620.0,14.0,285.0,,0,0,regional_comparator,45.0,,regional_comparator
1985282N12090,1985,UNNAMED,1985-10-09 15:00:00,TS,14.1,87.9,,, ,main,620,547.0,15.0,295.0,,0,0,regional_comparator,45.0,,regional_comparator
1985282N12090,1985,UNNAMED,1985-10-09 18:00:00,TS,14.4,87.2,35.0,,newdelhi,main,547,467.0,16.0,295.0,64.82000000000001,0,0,regional_comparator,45.0,,regional_comparator
1985282N12090,1985,UNNAMED,1985-10-09 21:00:00,TS,14.8,86.5,,, ,main,467,393.0,15.0,300.0,,0,0,regional_comparator,45.0,,regional_comparator
1985282N12090,1985,UNNAMED,1985-10-10 00:00:00,TS,15.2,85.8,,, ,main,386,324.0,14.0,305.0,,0,0,regional_comparator,45.0,,regional_comparator
1985282N12090,1985,UNNAMED,1985-10-10 03:00:00,TS,15.6,85.3,35.0,,newdelhi,main,316,270.0,11.0,310.0,64.82000000000001,0,0,regional_comparator,45.0,,regional_comparator
1985282N12090,1985,UNNAMED,1985-10-10 06:00:00,TS,15.9,85.0,,, ,main,270,216.0,9.0,310.0,,0,0,regional_comparator,45.0,,regional_comparator
1985282N12090,1985,UNNAMED,1985-10-10 09:00:00,TS,16.2,84.6,,, ,main,216,185.0,8.0,310.0,,0,0,regional_comparator,45.0,,regional_comparator
1985282N12090,1985,UNNAMED,1985-10-10 12:00:00,TS,16.4,84.4,40.0,,newdelhi,main,185,146.0,7.0,320.0,74.08,0,0,regional_comparator,45.0,,regional_comparator
1985282N12090,1985,UNNAMED,1985-10-10 15:00:00,TS,16.7,84.2,45.0,,newdelhi,main,146,115.0,6.0,330.0,83.34,0,0,regional_comparator,45.0,,regional_comparator
1985282N12090,1985,UNNAMED,1985-10-10 18:00:00,TS,17.0,84.0,,, ,main,107,84.0,6.0,330.0,,0,0,regional_comparator,45.0,,regional_comparator
1985282N12090,1985,UNNAMED,1985-10-10 21:00:00,TS,17.3,83.8,45.0,,newdelhi,main,69,23.0,9.0,325.0,83.34,0,0,regional_comparator,45.0,,regional_comparator
1985282N12090,1985,UNNAMED,1985-10-11 00:00:00,TS,17.7,83.5,,, ,main,15,0.0,12.0,320.0,,1,0,regional_comparator,45.0,,regional_comparator
1985282N12090,1985,UNNAMED,1985-10-11 03:00:00,TS,18.1,83.0,40.0,,newdelhi,main,0,0.0,12.0,310.0,74.08,1,1,regional_comparator,45.0,,regional_comparator
1985282N12090,1985,UNNAMED,1985-10-11 06:00:00,TS,18.5,82.6,,, ,main,0,0.0,12.0,310.0,,1,1,regional_comparator,45.0,,regional_comparator
1985282N12090,1985,UNNAMED,1985-10-11 09:00:00,TS,18.9,82.0,,, ,main,0,0.0,10.0,310.0,,1,1,regional_comparator,45.0,,regional_comparator
1985282N12090,1985,UNNAMED,1985-10-11 12:00:00,TS,19.2,81.8,,, ,main,0,0.0,6.0,315.0,,1,1,regional_comparator,45.0,,regional_comparator
1985282N12090,1985,UNNAMED,1985-10-11 15:00:00,TS,19.3,81.6,,, ,main,0,0.0,3.0,310.0,,1,1,regional_comparator,45.0,,regional_comparator
1985282N12090,1985,UNNAMED,1985-10-11 18:00:00,TS,19.4,81.5,,, ,main,0,0.0,1.0,295.0,,1,1,regional_comparator,45.0,,regional_comparator
1985282N12090,1985,UNNAMED,1985-10-11 21:00:00,TS,19.4,81.5,,, ,main,0,0.0,0.0,0.0,,1,1,regional_comparator,45.0,,regional_comparator
1985282N12090,1985,UNNAMED,1985-10-12 00:00:00,TS,19.3,81.5,,, ,main,0,0.0,1.0,155.0,,1,1,regional_comparator,45.0,,regional_comparator
1985282N12090,1985,UNNAMED,1985-10-12 03:00:00,TS,19.3,81.5,,, ,main,0,0.0,1.0,150.0,,1,1,regional_comparator,45.0,,regional_comparator
1985282N12090,1985,UNNAMED,1985-10-12 06:00:00,TS,19.2,81.6,,, ,main,0,0.0,0.0,140.0,,1,1,regional_comparator,45.0,,regional_comparator
1985282N12090,1985,UNNAMED,1985-10-12 09:00:00,TS,19.2,81.6,,, ,main,0,0.0,1.0,315.0,,1,1,regional_comparator,45.0,,regional_comparator
1985282N12090,1985,UNNAMED,1985-10-12 12:00:00,TS,19.3,81.5,35.0,,newdelhi,main,0,0.0,3.0,320.0,64.82000000000001,1,1,regional_comparator,45.0,,regional_comparator
1985282N12090,1985,UNNAMED,1985-10-12 15:00:00,TS,19.4,81.4,,, ,main,0,0.0,5.0,320.0,,1,1,regional_comparator,45.0,,regional_comparator
1985282N12090,1985,UNNAMED,1985-10-12 18:00:00,TS,19.7,81.2,,, ,main,0,0.0,7.0,320.0,,1,1,regional_comparator,45.0,,regional_comparator
1985282N12090,1985,UNNAMED,1985-10-12 21:00:00,TS,20.0,80.9,,, ,main,0,0.0,8.0,320.0,,1,1,regional_comparator,45.0,,regional_comparator
1985282N12090,1985,UNNAMED,1985-10-13 00:00:00,TS,20.3,80.6,,, ,main,0,0.0,10.0,320.0,,1,1,regional_comparator,45.0,,regional_comparator
1985282N12090,1985,UNNAMED,1985-10-13 03:00:00,TS,20.7,80.2,,, ,main,0,0.0,11.0,320.0,,1,1,regional_comparator,45.0,,regional_comparator
1985282N12090,1985,UNNAMED,1985-10-13 06:00:00,TS,21.1,79.8,,, ,main,0,0.0,11.0,320.0,,1,1,regional_comparator,45.0,,regional_comparator
1985282N12090,1985,UNNAMED,1985-10-13 09:00:00,TS,21.6,79.4,,, ,main,0,0.0,12.0,320.0,,1,1,regional_comparator,45.0,,regional_comparator
1985282N12090,1985,UNNAMED,1985-10-13 12:00:00,TS,22.0,79.0,35.0,,newdelhi,main,0,,12.0,320.0,64.82000000000001,0,1,regional_comparator,45.0,,regional_comparator
1985287N13093,1985,UNNAMED,1985-10-13 12:00:00,TS,13.5,93.0,25.0,,newdelhi,main,298,294.0,19.0,300.0,46.300000000000004,0,0,direct_odisha,45.0,,direct_odisha
1985287N13093,1985,UNNAMED,1985-10-13 15:00:00,TS,13.9,92.2,,, ,main,318,317.0,19.0,300.0,,0,0,direct_odisha,45.0,,direct_odisha
1985287N13093,1985,UNNAMED,1985-10-13 18:00:00,TS,14.4,91.3,,, ,main,359,353.0,18.0,300.0,,0,0,direct_odisha,45.0,,direct_odisha
1985287N13093,1985,UNNAMED,1985-10-13 21:00:00,TS,14.9,90.6,,, ,main,405,405.0,17.0,305.0,,0,0,direct_odisha,45.0,,direct_odisha
1985287N13093,1985,UNNAMED,1985-10-14 00:00:00,TS,15.4,90.0,,, ,main,454,454.0,15.0,315.0,,0,0,direct_odisha,45.0,,direct_odisha
1985287N13093,1985,UNNAMED,1985-10-14 03:00:00,TS,16.0,89.5,30.0,,newdelhi,main,502,481.0,14.0,330.0,55.56,0,0,direct_odisha,45.0,,direct_odisha
1985287N13093,1985,UNNAMED,1985-10-14 06:00:00,TS,16.6,89.2,,, ,main,481,423.0,13.0,340.0,,0,0,direct_odisha,45.0,,direct_odisha
1985287N13093,1985,UNNAMED,1985-10-14 09:00:00,TS,17.2,89.1,,, ,main,423,391.0,9.0,345.0,,0,0,direct_odisha,45.0,,direct_odisha
1985287N13093,1985,UNNAMED,1985-10-14 12:00:00,TS,17.5,89.0,30.0,,newdelhi,main,391,391.0,3.0,350.0,55.56,0,0,direct_odisha,45.0,,direct_odisha
1985287N13093,1985,UNNAMED,1985-10-14 15:00:00,TS,17.5,89.0,35.0,,newdelhi,main,391,352.0,4.0,320.0,64.82000000000001,0,0,direct_odisha,45.0,,direct_odisha
1985287N13093,1985,UNNAMED,1985-10-14 18:00:00,TS,17.8,88.8,,, ,main,352,275.0,10.0,320.0,,0,0,direct_odisha,45.0,,direct_odisha
1985287N13093,1985,UNNAMED,1985-10-14 21:00:00,TS,18.3,88.3,,, ,main,275,229.0,12.0,340.0,,0,0,direct_odisha,45.0,,direct_odisha
1985287N13093,1985,UNNAMED,1985-10-15 00:00:00,TS,18.9,88.3,,, ,main,229,192.0,10.0,350.0,,0,0,direct_odisha,45.0,,direct_odisha
1985287N13093,1985,UNNAMED,1985-10-15 03:00:00,TS,19.3,88.2,35.0,,newdelhi,main,192,171.0,6.0,345.0,64.82000000000001,0,0,direct_odisha,45.0,,direct_odisha
1985287N13093,1985,UNNAMED,1985-10-15 06:00:00,TS,19.5,88.1,,, ,main,171,151.0,5.0,340.0,,0,0,direct_odisha,45.0,,direct_odisha
1985287N13093,1985,UNNAMED,1985-10-15 09:00:00,TS,19.7,88.0,,, ,main,151,114.0,5.0,330.0,,0,0,direct_odisha,45.0,,direct_odisha
1985287N13093,1985,UNNAMED,1985-10-15 12:00:00,TS,20.0,87.8,45.0,,newdelhi,main,114,83.0,6.0,320.0,83.34,0,0,direct_odisha,45.0,,direct_odisha
1985287N13093,1985,UNNAMED,1985-10-15 15:00:00,TS,20.2,87.6,,, ,main,83,53.0,6.0,315.0,,0,0,direct_odisha,45.0,,direct_odisha
1985287N13093,1985,UNNAMED,1985-10-15 18:00:00,TS,20.4,87.4,,, ,main,53,15.0,6.0,315.0,,0,0,direct_odisha,45.0,,direct_odisha
1985287N13093,1985,UNNAMED,1985-10-15 21:00:00,TS,20.6,87.1,,, ,main,15,0.0,7.0,315.0,,1,0,direct_odisha,45.0,,direct_odisha
1985287N13093,1985,UNNAMED,1985-10-16 00:00:00,TS,20.9,86.9,,, ,main,0,0.0,7.0,320.0,,1,1,direct_odisha,45.0,,direct_odisha
1985287N13093,1985,UNNAMED,1985-10-16 03:00:00,TS,21.2,86.6,35.0,,newdelhi,main,0,0.0,8.0,325.0,64.82000000000001,1,1,direct_odisha,45.0,,direct_odisha
1985287N13093,1985,UNNAMED,1985-10-16 06:00:00,TS,21.6,86.4,,, ,main,0,0.0,10.0,335.0,,1,1,direct_odisha,45.0,,direct_odisha
1985287N13093,1985,UNNAMED,1985-10-16 09:00:00,TS,22.0,86.2,,, ,main,0,0.0,10.0,340.0,,1,1,direct_odisha,45.0,,direct_odisha
1985287N13093,1985,UNNAMED,1985-10-16 12:00:00,TS,22.5,86.0,,, ,main,0,0.0,9.0,360.0,,1,1,direct_odisha,45.0,,direct_odisha
1985287N13093,1985,UNNAMED,1985-10-16 15:00:00,TS,22.9,86.1,,, ,main,0,0.0,8.0,355.0,,1,1,direct_odisha,45.0,,direct_odisha
1985287N13093,1985,UNNAMED,1985-10-16 18:00:00,TS,23.3,86.0,,, ,main,0,0.0,8.0,340.0,,1,1,direct_odisha,45.0,,direct_odisha
1985287N13093,1985,UNNAMED,1985-10-16 21:00:00,TS,23.7,85.8,,, ,main,0,0.0,9.0,340.0,,1,1,direct_odisha,45.0,,direct_odisha
1985287N13093,1985,UNNAMED,1985-10-17 00:00:00,TS,24.1,85.7,,, ,main,0,0.0,9.0,340.0,,1,1,direct_odisha,45.0,,direct_odisha
1985287N13093,1985,UNNAMED,1985-10-17 03:00:00,TS,24.5,85.5,30.0,,newdelhi,main,0,,9.0,340.0,55.56,0,1,direct_odisha,45.0,,direct_odisha
1988327N06100,1988,UNNAMED,1988-11-21 18:00:00,TS,5.6,99.6,,, ,main,78,78.0,8.0,300.0,,0,0,regional_comparator,115.0,,regional_comparator
1988327N06100,1988,UNNAMED,1988-11-21 21:00:00,TS,5.8,99.3,,, ,main,111,111.0,8.0,300.0,,0,0,regional_comparator,115.0,,regional_comparator
1988327N06100,1988,UNNAMED,1988-11-22 00:00:00,TS,6.0,98.9,,, ,main,133,133.0,8.0,295.0,,0,0,regional_comparator,115.0,,regional_comparator
1988327N06100,1988,UNNAMED,1988-11-22 03:00:00,TS,6.2,98.5,,, ,main,149,136.0,8.0,295.0,,0,0,regional_comparator,115.0,,regional_comparator
1988327N06100,1988,UNNAMED,1988-11-22 06:00:00,TS,6.3,98.2,,, ,main,140,135.0,8.0,290.0,,0,0,regional_comparator,115.0,,regional_comparator
1988327N06100,1988,UNNAMED,1988-11-22 09:00:00,TS,6.4,97.8,,, ,main,136,136.0,8.0,290.0,,0,0,regional_comparator,115.0,,regional_comparator
1988327N06100,1988,UNNAMED,1988-11-22 12:00:00,TS,6.6,97.4,,, ,main,156,156.0,9.0,295.0,,0,0,regional_comparator,115.0,,regional_comparator
1988327N06100,1988,UNNAMED,1988-11-22 15:00:00,TS,6.8,97.0,,, ,main,179,179.0,9.0,295.0,,0,0,regional_comparator,115.0,,regional_comparator
1988327N06100,1988,UNNAMED,1988-11-22 18:00:00,TS,7.0,96.6,,, ,main,185,180.0,9.0,295.0,,0,0,regional_comparator,115.0,,regional_comparator
1988327N06100,1988,UNNAMED,1988-11-22 21:00:00,TS,7.2,96.2,,, ,main,193,191.0,8.0,300.0,,0,0,regional_comparator,115.0,,regional_comparator
1988327N06100,1988,UNNAMED,1988-11-23 00:00:00,TS,7.4,95.9,,, ,main,206,204.0,9.0,310.0,,0,0,regional_comparator,115.0,,regional_comparator
1988327N06100,1988,UNNAMED,1988-11-23 03:00:00,TS,7.7,95.6,,, ,main,235,235.0,9.0,320.0,,0,0,regional_comparator,115.0,,regional_comparator
1988327N06100,1988,UNNAMED,1988-11-23 06:00:00,TS,8.1,95.3,,, ,main,280,280.0,8.0,330.0,,0,0,regional_comparator,115.0,,regional_comparator
1988327N06100,1988,UNNAMED,1988-11-23 09:00:00,TS,8.4,95.1,,, ,main,313,313.0,8.0,330.0,,0,0,regional_comparator,115.0,,regional_comparator
1988327N06100,1988,UNNAMED,1988-11-23 12:00:00,TS,8.7,94.9,25.0,,newdelhi,main,348,348.0,8.0,320.0,46.300000000000004,0,0,regional_comparator,115.0,,regional_comparator
1988327N06100,1988,UNNAMED,1988-11-23 15:00:00,TS,9.0,94.6,,, ,main,386,386.0,7.0,320.0,,0,0,regional_comparator,115.0,,regional_comparator
1988327N06100,1988,UNNAMED,1988-11-23 18:00:00,TS,9.2,94.4,,, ,main,412,412.0,6.0,320.0,,0,0,regional_comparator,115.0,,regional_comparator
1988327N06100,1988,UNNAMED,1988-11-23 21:00:00,TS,9.4,94.3,,, ,main,437,437.0,5.0,320.0,,0,0,regional_comparator,115.0,,regional_comparator
1988327N06100,1988,UNNAMED,1988-11-24 00:00:00,TS,9.6,94.1,,, ,main,464,464.0,6.0,320.0,,0,0,regional_comparator,115.0,,regional_comparator
1988327N06100,1988,UNNAMED,1988-11-24 03:00:00,TS,9.9,93.9,25.0,,newdelhi,main,495,495.0,6.0,320.0,46.300000000000004,0,0,regional_comparator,115.0,,regional_comparator
1988327N06100,1988,UNNAMED,1988-11-24 06:00:00,TS,10.1,93.7,,, ,main,522,522.0,7.0,320.0,,0,0,regional_comparator,115.0,,regional_comparator
1988327N06100,1988,UNNAMED,1988-11-24 09:00:00,TS,10.4,93.5,,, ,main,547,547.0,7.0,315.0,,0,0,regional_comparator,115.0,,regional_comparator
1988327N06100,1988,UNNAMED,1988-11-24 12:00:00,TS,10.6,93.2,30.0,,newdelhi,main,579,579.0,7.0,310.0,55.56,0,0,regional_comparator,115.0,,regional_comparator
1988327N06100,1988,UNNAMED,1988-11-24 15:00:00,TS,10.8,93.0,,, ,main,579,575.0,7.0,300.0,,0,0,regional_comparator,115.0,,regional_comparator
1988327N06100,1988,UNNAMED,1988-11-24 18:00:00,TS,10.9,92.7,,, ,main,578,568.0,7.0,295.0,,0,0,regional_comparator,115.0,,regional_comparator
1988327N06100,1988,UNNAMED,1988-11-24 21:00:00,TS,11.1,92.3,,, ,main,573,571.0,6.0,290.0,,0,0,regional_comparator,115.0,,regional_comparator
1988327N06100,1988,UNNAMED,1988-11-25 00:00:00,TS,11.2,92.1,,, ,main,571,571.0,6.0,285.0,,0,0,regional_comparator,115.0,,regional_comparator
1988327N06100,1988,UNNAMED,1988-11-25 03:00:00,TS,11.2,91.8,55.0,,newdelhi,main,586,586.0,5.0,280.0,101.86,0,0,regional_comparator,115.0,,regional_comparator
1988327N06100,1988,UNNAMED,1988-11-25 06:00:00,TS,11.2,91.6,110.0,,newdelhi,main,597,597.0,6.0,270.0,203.72,0,0,regional_comparator,115.0,,regional_comparator
1988327N06100,1988,UNNAMED,1988-11-25 09:00:00,TS,11.2,91.1,,, ,main,626,626.0,9.0,270.0,,0,0,regional_comparator,115.0,,regional_comparator
1988327N06100,1988,UNNAMED,1988-11-25 12:00:00,TS,11.2,90.6,110.0,,newdelhi,main,658,658.0,8.0,270.0,203.72,0,0,regional_comparator,115.0,,regional_comparator
1988327N06100,1988,UNNAMED,1988-11-25 15:00:00,TS,11.2,90.4,,, ,main,672,672.0,4.0,265.0,,0,0,regional_comparator,115.0,,regional_comparator
1988327N06100,1988,UNNAMED,1988-11-25 18:00:00,TS,11.2,90.2,,, ,main,686,686.0,2.0,265.0,,0,0,regional_comparator,115.0,,regional_comparator
1988327N06100,1988,UNNAMED,1988-11-25 21:00:00,TS,11.2,90.1,,, ,main,693,693.0,2.0,280.0,,0,0,regional_comparator,115.0,,regional_comparator
1988327N06100,1988,UNNAMED,1988-11-26 00:00:00,TS,11.3,90.0,,, ,main,692,692.0,3.0,300.0,,0,0,regional_comparator,115.0,,regional_comparator
1988327N06100,1988,UNNAMED,1988-11-26 03:00:00,TS,11.4,89.8,,, ,main,699,699.0,6.0,300.0,,0,0,regional_comparator,115.0,,regional_comparator
1988327N06100,1988,UNNAMED,1988-11-26 06:00:00,TS,11.6,89.5,110.0,,newdelhi,main,707,707.0,11.0,300.0,203.72,0,0,regional_comparator,115.0,,regional_comparator
1988327N06100,1988,UNNAMED,1988-11-26 09:00:00,TS,11.9,88.9,,, ,main,733,733.0,13.0,300.0,,0,0,regional_comparator,115.0,,regional_comparator
1988327N06100,1988,UNNAMED,1988-11-26 12:00:00,TS,12.2,88.3,110.0,,newdelhi,main,765,759.0,11.0,305.0,203.72,0,0,regional_comparator,115.0,,regional_comparator
1988327N06100,1988,UNNAMED,1988-11-26 15:00:00,TS,12.5,88.0,,, ,main,766,736.0,7.0,320.0,,0,0,regional_comparator,115.0,,regional_comparator
1988327N06100,1988,UNNAMED,1988-11-26 18:00:00,TS,12.8,87.9,,, ,main,736,713.0,5.0,340.0,,0,0,regional_comparator,115.0,,regional_comparator
1988327N06100,1988,UNNAMED,1988-11-26 21:00:00,TS,13.0,87.8,,, ,main,713,700.0,5.0,5.0,,0,0,regional_comparator,115.0,,regional_comparator
1988327N06100,1988,UNNAMED,1988-11-27 00:00:00,TS,13.2,87.9,,, ,main,700,682.0,5.0,10.0,,0,0,regional_comparator,115.0,,regional_comparator
1988327N06100,1988,UNNAMED,1988-11-27 03:00:00,TS,13.5,87.9,110.0,,newdelhi,main,673,655.0,5.0,0.0,203.72,0,0,regional_comparator,115.0,,regional_comparator
1988327N06100,1988,UNNAMED,1988-11-27 06:00:00,TS,13.7,87.9,,, ,main,655,638.0,5.0,5.0,,0,0,regional_comparator,115.0,,regional_comparator
1988327N06100,1988,UNNAMED,1988-11-27 09:00:00,TS,13.9,87.9,,, ,main,638,612.0,5.0,0.0,,0,0,regional_comparator,115.0,,regional_comparator
1988327N06100,1988,UNNAMED,1988-11-27 12:00:00,TS,14.2,87.9,,, ,main,612,588.0,5.0,345.0,,0,0,regional_comparator,115.0,,regional_comparator
1988327N06100,1988,UNNAMED,1988-11-27 15:00:00,TS,14.5,87.8,,, ,main,580,556.0,5.0,345.0,,0,0,regional_comparator,115.0,,regional_comparator
1988327N06100,1988,UNNAMED,1988-11-27 18:00:00,TS,14.7,87.7,,, ,main,556,532.0,6.0,350.0,,0,0,regional_comparator,115.0,,regional_comparator
1988327N06100,1988,UNNAMED,1988-11-27 21:00:00,TS,15.0,87.7,,, ,main,532,509.0,6.0,355.0,,0,0,regional_comparator,115.0,,regional_comparator
1988327N06100,1988,UNNAMED,1988-11-28 00:00:00,TS,15.3,87.7,,, ,main,509,493.0,6.0,0.0,,0,0,regional_comparator,115.0,,regional_comparator
1988327N06100,1988,UNNAMED,1988-11-28 03:00:00,TS,15.6,87.7,110.0,,newdelhi,main,485,469.0,5.0,0.0,203.72,0,0,regional_comparator,115.0,,regional_comparator
1988327N06100,1988,UNNAMED,1988-11-28 06:00:00,TS,15.8,87.7,,, ,main,469,446.0,6.0,5.0,,0,0,regional_comparator,115.0,,regional_comparator
1988327N06100,1988,UNNAMED,1988-11-28 09:00:00,TS,16.2,87.7,110.0,,newdelhi,main,439,408.0,8.0,5.0,203.72,0,0,regional_comparator,115.0,,regional_comparator
1988327N06100,1988,UNNAMED,1988-11-28 12:00:00,TS,16.6,87.8,,, ,main,408,360.0,10.0,5.0,,0,0,regional_comparator,115.0,,regional_comparator
1988327N06100,1988,UNNAMED,1988-11-28 15:00:00,TS,17.1,87.9,,, ,main,360,301.0,11.0,5.0,,0,0,regional_comparator,115.0,,regional_comparator
1988327N06100,1988,UNNAMED,1988-11-28 18:00:00,TS,17.7,87.9,,, ,main,301,253.0,12.0,5.0,,0,0,regional_comparator,115.0,,regional_comparator
1988327N06100,1988,UNNAMED,1988-11-28 21:00:00,TS,18.3,88.0,,, ,main,253,206.0,14.0,5.0,,0,0,regional_comparator,115.0,,regional_comparator
1988327N06100,1988,UNNAMED,1988-11-29 00:00:00,TS,19.1,88.1,,, ,main,198,171.0,14.0,5.0,,0,0,regional_comparator,115.0,,regional_comparator
1988327N06100,1988,UNNAMED,1988-11-29 03:00:00,TS,19.7,88.2,115.0,,newdelhi,main,167,134.0,14.0,15.0,212.98000000000002,0,0,regional_comparator,115.0,,regional_comparator
1988327N06100,1988,UNNAMED,1988-11-29 06:00:00,TS,20.4,88.4,,, ,main,134,56.0,15.0,15.0,,0,0,regional_comparator,115.0,,regional_comparator
1988327N06100,1988,UNNAMED,1988-11-29 09:00:00,TS,21.1,88.7,,, ,main,59,0.0,15.0,20.0,,1,0,regional_comparator,115.0,,regional_comparator
1988327N06100,1988,UNNAMED,1988-11-29 12:00:00,TS,21.8,89.0,,, ,main,0,0.0,13.0,25.0,,1,1,regional_comparator,115.0,,regional_comparator
1988327N06100,1988,UNNAMED,1988-11-29 15:00:00,TS,22.4,89.3,,, ,main,0,0.0,12.0,30.0,,1,1,regional_comparator,115.0,,regional_comparator
1988327N06100,1988,UNNAMED,1988-11-29 18:00:00,TS,22.8,89.6,,, ,main,0,0.0,11.0,30.0,,1,1,regional_comparator,115.0,,regional_comparator
1988327N06100,1988,UNNAMED,1988-11-29 20:00:00,TS,23.1,89.8,115.0,,newdelhi,main,0,0.0,11.0,30.0,212.98000000000002,1,1,regional_comparator,115.0,,regional_comparator
1988327N06100,1988,UNNAMED,1988-11-29 21:00:00,TS,23.3,89.9,,, ,main,0,0.0,10.0,35.0,,1,1,regional_comparator,115.0,,regional_comparator
1988327N06100,1988,UNNAMED,1988-11-30 00:00:00,TS,23.7,90.2,,, ,main,0,,10.0,35.0,,0,1,regional_comparator,115.0,,regional_comparator
1989143N17090,1989,UNNAMED,1989-05-23 00:00:00,TS,16.9,90.3,,, ,main,428,417.0,7.0,345.0,,0,0,direct_odisha,115.0,,direct_odisha
1989143N17090,1989,UNNAMED,1989-05-23 03:00:00,TS,17.2,90.2,,, ,main,421,410.0,7.0,340.0,,0,0,direct_odisha,115.0,,direct_odisha
1989143N17090,1989,UNNAMED,1989-05-23 06:00:00,TS,17.5,90.1,,, ,main,414,398.0,6.0,340.0,,0,0,direct_odisha,115.0,,direct_odisha
1989143N17090,1989,UNNAMED,1989-05-23 09:00:00,TS,17.8,90.0,,, ,main,398,390.0,6.0,335.0,,0,0,direct_odisha,115.0,,direct_odisha
1989143N17090,1989,UNNAMED,1989-05-23 12:00:00,TS,18.1,89.8,,, ,main,391,363.0,7.0,335.0,,0,0,direct_odisha,115.0,,direct_odisha
1989143N17090,1989,UNNAMED,1989-05-23 15:00:00,TS,18.4,89.6,,, ,main,361,327.0,7.0,335.0,,0,0,direct_odisha,115.0,,direct_odisha
1989143N17090,1989,UNNAMED,1989-05-23 18:00:00,TS,18.8,89.5,,, ,main,315,279.0,8.0,330.0,,0,0,direct_odisha,115.0,,direct_odisha
1989143N17090,1989,UNNAMED,1989-05-23 21:00:00,TS,19.1,89.2,,, ,main,279,246.0,8.0,325.0,,0,0,direct_odisha,115.0,,direct_odisha
1989143N17090,1989,UNNAMED,1989-05-24 00:00:00,TS,19.4,89.0,,, ,main,246,230.0,6.0,315.0,,0,0,direct_odisha,115.0,,direct_odisha
1989143N17090,1989,UNNAMED,1989-05-24 03:00:00,TS,19.5,88.8,,, ,main,230,207.0,4.0,300.0,,0,0,direct_odisha,115.0,,direct_odisha
1989143N17090,1989,UNNAMED,1989-05-24 06:00:00,TS,19.6,88.6,,, ,main,207,199.0,3.0,285.0,,0,0,direct_odisha,115.0,,direct_odisha
1989143N17090,1989,UNNAMED,1989-05-24 09:00:00,TS,19.6,88.5,,, ,main,199,183.0,3.0,270.0,,0,0,direct_odisha,115.0,,direct_odisha
1989143N17090,1989,UNNAMED,1989-05-24 12:00:00,TS,19.6,88.3,,, ,main,183,165.0,3.0,260.0,,0,0,direct_odisha,115.0,,direct_odisha
1989143N17090,1989,UNNAMED,1989-05-24 15:00:00,TS,19.6,88.1,,, ,main,165,156.0,3.0,255.0,,0,0,direct_odisha,115.0,,direct_odisha
1989143N17090,1989,UNNAMED,1989-05-24 18:00:00,TS,19.5,87.9,,, ,main,154,154.0,3.0,255.0,,0,0,direct_odisha,115.0,,direct_odisha
1989143N17090,1989,UNNAMED,1989-05-24 21:00:00,TS,19.5,87.8,,, ,main,145,145.0,1.0,260.0,,0,0,direct_odisha,115.0,,direct_odisha
1989143N17090,1989,UNNAMED,1989-05-25 00:00:00,TS,19.5,87.8,,, ,main,145,145.0,1.0,305.0,,0,0,direct_odisha,115.0,,direct_odisha
1989143N17090,1989,UNNAMED,1989-05-25 03:00:00,TS,19.5,87.8,,, ,main,145,139.0,1.0,10.0,,0,0,direct_odisha,115.0,,direct_odisha
1989143N17090,1989,UNNAMED,1989-05-25 06:00:00,TS,19.6,87.8,,, ,main,139,139.0,2.0,25.0,,0,0,direct_odisha,115.0,,direct_odisha
1989143N17090,1989,UNNAMED,1989-05-25 09:00:00,TS,19.7,87.9,,, ,main,142,137.0,2.0,20.0,,0,0,direct_odisha,115.0,,direct_odisha
1989143N17090,1989,UNNAMED,1989-05-25 12:00:00,TS,19.8,87.9,,, ,main,137,122.0,3.0,345.0,,0,0,direct_odisha,115.0,,direct_odisha
1989143N17090,1989,UNNAMED,1989-05-25 15:00:00,TS,19.9,87.8,,, ,main,122,99.0,4.0,325.0,,0,0,direct_odisha,115.0,,direct_odisha
1989143N17090,1989,UNNAMED,1989-05-25 18:00:00,TS,20.1,87.7,,, ,main,99,83.0,3.0,320.0,,0,0,direct_odisha,115.0,,direct_odisha
1989143N17090,1989,UNNAMED,1989-05-25 21:00:00,TS,20.2,87.6,,, ,main,83,68.0,3.0,325.0,,0,0,direct_odisha,115.0,,direct_odisha
1989143N17090,1989,UNNAMED,1989-05-26 00:00:00,TS,20.3,87.5,,, ,main,68,47.0,3.0,335.0,,0,0,direct_odisha,115.0,,direct_odisha
1989143N17090,1989,UNNAMED,1989-05-26 03:00:00,TS,20.5,87.4,,, ,main,47,41.0,4.0,345.0,,0,0,direct_odisha,115.0,,direct_odisha
1989143N17090,1989,UNNAMED,1989-05-26 06:00:00,TS,20.7,87.4,,, ,main,41,38.0,5.0,350.0,,0,0,direct_odisha,115.0,,direct_odisha
1989143N17090,1989,UNNAMED,1989-05-26 09:00:00,TS,21.0,87.3,,, ,main,38,30.0,6.0,350.0,,0,0,direct_odisha,115.0,,direct_odisha
1989143N17090,1989,UNNAMED,1989-05-26 12:00:00,TS,21.3,87.3,115.0,,newdelhi,main,30,0.0,7.0,350.0,212.98000000000002,1,0,direct_odisha,115.0,,direct_odisha
1989143N17090,1989,UNNAMED,1989-05-26 15:00:00,TS,21.7,87.2,,, ,main,0,0.0,7.0,355.0,,1,1,direct_odisha,115.0,,direct_odisha
1989143N17090,1989,UNNAMED,1989-05-26 18:00:00,TS,22.0,87.2,,, ,main,0,0.0,8.0,355.0,,1,1,direct_odisha,115.0,,direct_odisha
1989143N17090,1989,UNNAMED,1989-05-26 21:00:00,TS,22.4,87.1,,, ,main,0,0.0,9.0,350.0,,1,1,direct_odisha,115.0,,direct_odisha
1989143N17090,1989,UNNAMED,1989-05-27 00:00:00,TS,22.9,87.0,,, ,main,0,0.0,10.0,345.0,,1,1,direct_odisha,115.0,,direct_odisha
1989143N17090,1989,UNNAMED,1989-05-27 03:00:00,TS,23.4,86.8,55.0,,newdelhi,main,0,0.0,11.0,335.0,101.86,1,1,direct_odisha,115.0,,direct_odisha
1989143N17090,1989,UNNAMED,1989-05-27 06:00:00,TS,23.9,86.5,,, ,main,0,,12.0,330.0,,0,1,direct_odisha,115.0,,direct_odisha
1989203N18086,1989,UNNAMED,1989-07-22 03:00:00,TS,18.0,86.0,30.0,,newdelhi,main,172,146.0,6.0,270.0,55.56,0,0,regional_comparator,45.0,,regional_comparator
1989203N18086,1989,UNNAMED,1989-07-22 06:00:00,TS,18.0,85.7,,, ,main,146,123.0,6.0,270.0,,0,0,regional_comparator,45.0,,regional_comparator
1989203N18086,1989,UNNAMED,1989-07-22 09:00:00,TS,18.0,85.3,,, ,main,115,92.0,6.0,270.0,,0,0,regional_comparator,45.0,,regional_comparator
1989203N18086,1989,UNNAMED,1989-07-22 12:00:00,TS,18.0,85.0,45.0,,newdelhi,main,92,70.0,7.0,275.0,83.34,0,0,regional_comparator,45.0,,regional_comparator
1989203N18086,1989,UNNAMED,1989-07-22 15:00:00,TS,18.0,84.6,,, ,main,62,24.0,8.0,280.0,,0,0,regional_comparator,45.0,,regional_comparator
1989203N18086,1989,UNNAMED,1989-07-22 18:00:00,TS,18.1,84.2,,, ,main,24,0.0,10.0,280.0,,1,0,regional_comparator,45.0,,regional_comparator
1989203N18086,1989,UNNAMED,1989-07-22 21:00:00,TS,18.2,83.6,,, ,main,0,0.0,12.0,285.0,,1,1,regional_comparator,45.0,,regional_comparator
1989203N18086,1989,UNNAMED,1989-07-23 00:00:00,TS,18.4,82.9,,, ,main,0,0.0,16.0,285.0,,1,1,regional_comparator,45.0,,regional_comparator
1989203N18086,1989,UNNAMED,1989-07-23 03:00:00,TS,18.6,82.0,30.0,,newdelhi,main,0,0.0,21.0,285.0,55.56,1,1,regional_comparator,45.0,,regional_comparator
1989203N18086,1989,UNNAMED,1989-07-23 06:00:00,TS,18.9,80.7,,, ,main,0,0.0,26.0,285.0,,1,1,regional_comparator,45.0,,regional_comparator
1989203N18086,1989,UNNAMED,1989-07-23 09:00:00,TS,19.2,79.3,,, ,main,0,0.0,27.0,285.0,,1,1,regional_comparator,45.0,,regional_comparator
1989203N18086,1989,UNNAMED,1989-07-23 12:00:00,TS,19.5,78.0,30.0,,newdelhi,main,0,0.0,23.0,285.0,55.56,1,1,regional_comparator,45.0,,regional_comparator
1989203N18086,1989,UNNAMED,1989-07-23 15:00:00,TS,19.8,77.0,,, ,main,0,0.0,18.0,290.0,,1,1,regional_comparator,45.0,,regional_comparator
1989203N18086,1989,UNNAMED,1989-07-23 18:00:00,TS,20.2,76.3,,, ,main,0,0.0,15.0,300.0,,1,1,regional_comparator,45.0,,regional_comparator
1989203N18086,1989,UNNAMED,1989-07-23 21:00:00,TS,20.5,75.7,,, ,main,0,0.0,12.0,305.0,,1,1,regional_comparator,45.0,,regional_comparator
1989203N18086,1989,UNNAMED,1989-07-24 00:00:00,TS,20.9,75.2,,, ,main,0,0.0,11.0,315.0,,1,1,regional_comparator,45.0,,regional_comparator
1989203N18086,1989,UNNAMED,1989-07-24 03:00:00,TS,21.3,74.9,,, ,main,0,0.0,9.0,320.0,,1,1,regional_comparator,45.0,,regional_comparator
1989203N18086,1989,UNNAMED,1989-07-24 06:00:00,TS,21.6,74.6,,, ,main,0,0.0,9.0,325.0,,1,1,regional_comparator,45.0,,regional_comparator
1989203N18086,1989,UNNAMED,1989-07-24 09:00:00,TS,22.0,74.3,,, ,main,0,0.0,8.0,325.0,,1,1,regional_comparator,45.0,,regional_comparator
1989203N18086,1989,UNNAMED,1989-07-24 12:00:00,TS,22.3,74.1,30.0,,newdelhi,main,0,0.0,8.0,320.0,55.56,1,1,regional_comparator,45.0,,regional_comparator
1989203N18086,1989,UNNAMED,1989-07-24 15:00:00,TS,22.5,73.8,,, ,main,0,0.0,7.0,315.0,,1,1,regional_comparator,45.0,,regional_comparator
1989203N18086,1989,UNNAMED,1989-07-24 18:00:00,TS,22.8,73.6,,, ,main,0,0.0,7.0,315.0,,1,1,regional_comparator,45.0,,regional_comparator
1989203N18086,1989,UNNAMED,1989-07-24 21:00:00,TS,23.0,73.3,,, ,main,0,0.0,7.0,315.0,,1,1,regional_comparator,45.0,,regional_comparator
1989203N18086,1989,UNNAMED,1989-07-25 00:00:00,TS,23.3,73.0,,, ,main,0,0.0,9.0,310.0,,1,1,regional_comparator,45.0,,regional_comparator
1989203N18086,1989,UNNAMED,1989-07-25 03:00:00,TS,23.6,72.6,25.0,,newdelhi,main,0,0.0,11.0,310.0,46.300000000000004,1,1,regional_comparator,45.0,,regional_comparator
1989203N18086,1989,UNNAMED,1989-07-25 06:00:00,TS,24.0,72.1,,, ,main,0,0.0,13.0,310.0,,1,1,regional_comparator,45.0,,regional_comparator
1989203N18086,1989,UNNAMED,1989-07-25 09:00:00,TS,24.4,71.5,,, ,main,0,0.0,14.0,305.0,,1,1,regional_comparator,45.0,,regional_comparator
1989203N18086,1989,UNNAMED,1989-07-25 12:00:00,TS,24.8,70.9,25.0,,newdelhi,main,0,,14.0,305.0,46.300000000000004,0,1,regional_comparator,45.0,,regional_comparator
1990348N04087,1990,UNNAMED,1990-12-13 18:00:00,NR,4.1,86.9,,, ,main,635,599.0,13.0,355.0,,0,0,regional_comparator,55.0,,regional_comparator
1990348N04087,1990,UNNAMED,1990-12-13 21:00:00,NR,4.7,86.9,,, ,main,610,595.0,17.0,10.0,,0,0,regional_comparator,55.0,,regional_comparator
1990348N04087,1990,UNNAMED,1990-12-14 00:00:00,NR,5.8,87.2,16.0,,newdelhi,main,601,589.0,18.0,10.0,29.632,0,0,regional_comparator,55.0,,regional_comparator
1990348N04087,1990,UNNAMED,1990-12-14 03:00:00,NR,6.5,87.2,,, ,main,588,585.0,13.0,0.0,,0,0,regional_comparator,55.0,,regional_comparator
1990348N04087,1990,UNNAMED,1990-12-14 06:00:00,NR,7.1,87.3,16.0,,newdelhi,main,596,596.0,11.0,5.0,29.632,0,0,regional_comparator,55.0,,regional_comparator
1990348N04087,1990,UNNAMED,1990-12-14 09:00:00,NR,7.6,87.3,,, ,main,599,599.0,10.0,5.0,,0,0,regional_comparator,55.0,,regional_comparator
1990348N04087,1990,UNNAMED,1990-12-14 12:00:00,NR,8.1,87.3,27.0,,newdelhi,main,608,599.0,9.0,350.0,50.004000000000005,0,0,regional_comparator,55.0,,regional_comparator
1990348N04087,1990,UNNAMED,1990-12-14 15:00:00,NR,8.5,87.1,,, ,main,592,585.0,9.0,335.0,,0,0,regional_comparator,55.0,,regional_comparator
1990348N04087,1990,UNNAMED,1990-12-14 18:00:00,NR,8.9,87.0,27.0,,newdelhi,main,590,575.0,8.0,335.0,50.004000000000005,0,0,regional_comparator,55.0,,regional_comparator
1990348N04087,1990,UNNAMED,1990-12-14 21:00:00,NR,9.2,86.8,,, ,main,578,572.0,7.0,335.0,,0,0,regional_comparator,55.0,,regional_comparator
1990348N04087,1990,UNNAMED,1990-12-15 00:00:00,NR,9.5,86.7,33.0,,newdelhi,main,579,569.0,7.0,335.0,61.116,0,0,regional_comparator,55.0,,regional_comparator
1990348N04087,1990,UNNAMED,1990-12-15 03:00:00,NR,9.9,86.5,,, ,main,577,572.0,8.0,335.0,,0,0,regional_comparator,55.0,,regional_comparator
1990348N04087,1990,UNNAMED,1990-12-15 06:00:00,NR,10.2,86.4,33.0,,newdelhi,main,582,572.0,7.0,335.0,61.116,0,0,regional_comparator,55.0,,regional_comparator
1990348N04087,1990,UNNAMED,1990-12-15 09:00:00,NR,10.5,86.2,,, ,main,577,571.0,6.0,330.0,,0,0,regional_comparator,55.0,,regional_comparator
1990348N04087,1990,UNNAMED,1990-12-15 12:00:00,NR,10.8,86.1,33.0,,newdelhi,main,581,567.0,6.0,325.0,61.116,0,0,regional_comparator,55.0,,regional_comparator
1990348N04087,1990,UNNAMED,1990-12-15 15:00:00,NR,11.0,85.9,,, ,main,573,560.0,6.0,325.0,,0,0,regional_comparator,55.0,,regional_comparator
1990348N04087,1990,UNNAMED,1990-12-15 18:00:00,NR,11.2,85.7,35.0,,newdelhi,main,566,563.0,7.0,330.0,64.82000000000001,0,0,regional_comparator,55.0,,regional_comparator
1990348N04087,1990,UNNAMED,1990-12-15 21:00:00,NR,11.5,85.5,,, ,main,565,565.0,8.0,340.0,,0,0,regional_comparator,55.0,,regional_comparator
1990348N04087,1990,UNNAMED,1990-12-16 00:00:00,NR,11.9,85.4,35.0,,newdelhi,main,568,564.0,9.0,0.0,64.82000000000001,0,0,regional_comparator,55.0,,regional_comparator
1990348N04087,1990,UNNAMED,1990-12-16 03:00:00,NR,12.4,85.5,,, ,main,572,545.0,10.0,15.0,,0,0,regional_comparator,55.0,,regional_comparator
1990348N04087,1990,UNNAMED,1990-12-16 06:00:00,NR,12.9,85.7,35.0,,newdelhi,main,552,511.0,10.0,10.0,64.82000000000001,0,0,regional_comparator,55.0,,regional_comparator
1990348N04087,1990,UNNAMED,1990-12-16 09:00:00,NR,13.4,85.7,,, ,main,511,481.0,10.0,5.0,,0,0,regional_comparator,55.0,,regional_comparator
1990348N04087,1990,UNNAMED,1990-12-16 12:00:00,NR,13.9,85.8,45.0,,newdelhi,main,482,468.0,9.0,15.0,83.34,0,0,regional_comparator,55.0,,regional_comparator
1990348N04087,1990,UNNAMED,1990-12-16 15:00:00,NR,14.3,85.9,,, ,main,463,456.0,9.0,25.0,,0,0,regional_comparator,55.0,,regional_comparator
1990348N04087,1990,UNNAMED,1990-12-16 18:00:00,NR,14.7,86.2,45.0,,newdelhi,main,456,431.0,9.0,15.0,83.34,0,0,regional_comparator,55.0,,regional_comparator
1990348N04087,1990,UNNAMED,1990-12-16 21:00:00,NR,15.1,86.2,,, ,main,422,384.0,9.0,5.0,,0,0,regional_comparator,55.0,,regional_comparator
1990348N04087,1990,UNNAMED,1990-12-17 00:00:00,NR,15.6,86.3,45.0,,newdelhi,main,382,346.0,11.0,10.0,83.34,0,0,regional_comparator,55.0,,regional_comparator
1990348N04087,1990,UNNAMED,1990-12-17 03:00:00,NR,16.1,86.4,,, ,main,346,315.0,13.0,20.0,,0,0,regional_comparator,55.0,,regional_comparator
1990348N04087,1990,UNNAMED,1990-12-17 06:00:00,NR,16.8,86.7,55.0,,newdelhi,main,315,295.0,14.0,25.0,101.86,0,0,regional_comparator,55.0,,regional_comparator
1990348N04087,1990,UNNAMED,1990-12-17 09:00:00,NR,17.4,87.0,,, ,main,295,251.0,15.0,35.0,,0,0,regional_comparator,55.0,,regional_comparator
1990348N04087,1990,UNNAMED,1990-12-17 12:00:00,NR,18.0,87.6,55.0,,newdelhi,main,256,238.0,18.0,45.0,101.86,0,0,regional_comparator,55.0,,regional_comparator
1990348N04087,1990,UNNAMED,1990-12-17 15:00:00,NR,18.7,88.3,,, ,main,245,244.0,19.0,50.0,,0,0,regional_comparator,55.0,,regional_comparator
1990348N04087,1990,UNNAMED,1990-12-17 18:00:00,NR,19.3,89.1,55.0,,newdelhi,main,257,221.0,18.0,50.0,101.86,0,0,regional_comparator,55.0,,regional_comparator
1990348N04087,1990,UNNAMED,1990-12-17 21:00:00,NR,19.7,89.8,,, ,main,224,190.0,14.0,55.0,,0,0,regional_comparator,55.0,,regional_comparator
1990348N04087,1990,UNNAMED,1990-12-18 00:00:00,NR,20.1,90.3,45.0,,newdelhi,main,190,159.0,11.0,50.0,83.34,0,0,regional_comparator,55.0,,regional_comparator
1990348N04087,1990,UNNAMED,1990-12-18 03:00:00,NR,20.5,90.6,,, ,main,151,141.0,8.0,50.0,,0,0,regional_comparator,55.0,,regional_comparator
1990348N04087,1990,UNNAMED,1990-12-18 06:00:00,NR,20.6,90.9,35.0,,newdelhi,main,141,106.0,7.0,80.0,64.82000000000001,0,0,regional_comparator,55.0,,regional_comparator
1990348N04087,1990,UNNAMED,1990-12-18 09:00:00,NR,20.6,91.3,,, ,main,106,70.0,8.0,85.0,,0,0,regional_comparator,55.0,,regional_comparator
1990348N04087,1990,UNNAMED,1990-12-18 12:00:00,NR,20.6,91.8,27.0,,newdelhi,main,61,15.0,9.0,55.0,50.004000000000005,0,0,regional_comparator,55.0,,regional_comparator
1990348N04087,1990,UNNAMED,1990-12-18 15:00:00,NR,21.1,92.1,,, ,main,10,0.0,10.0,50.0,,1,0,regional_comparator,55.0,,regional_comparator
1990348N04087,1990,UNNAMED,1990-12-18 18:00:00,NR,21.3,92.6,,, ,main,0,0.0,9.0,65.0,,1,1,regional_comparator,55.0,,regional_comparator
1990348N04087,1990,UNNAMED,1990-12-18 21:00:00,NR,21.5,93.1,,, ,main,0,0.0,9.0,70.0,,1,1,regional_comparator,55.0,,regional_comparator
1990348N04087,1990,UNNAMED,1990-12-19 00:00:00,NR,21.6,93.5,,, ,main,0,,9.0,75.0,,0,1,regional_comparator,55.0,,regional_comparator
1992314N08141,1992,FORREST,1992-11-08 12:00:00,NR,7.9,140.7,,, ,main,1100,1086.0,15.0,280.0,,0,0,regional_comparator,102.0,952.0,regional_comparator
1992314N08141,1992,FORREST,1992-11-08 15:00:00,NR,8.0,139.9,,, ,main,1081,1070.0,15.0,280.0,,0,0,regional_comparator,102.0,952.0,regional_comparator
1992314N08141,1992,FORREST,1992-11-08 18:00:00,NR,8.2,139.2,,, ,main,1072,1065.0,15.0,285.0,,0,0,regional_comparator,102.0,952.0,regional_comparator
1992314N08141,1992,FORREST,1992-11-08 21:00:00,NR,8.4,138.5,,, ,main,1069,1062.0,15.0,285.0,,0,0,regional_comparator,102.0,952.0,regional_comparator
1992314N08141,1992,FORREST,1992-11-09 00:00:00,NR,8.6,137.7,,, ,main,1067,1063.0,16.0,285.0,,0,0,regional_comparator,102.0,952.0,regional_comparator
1992314N08141,1992,FORREST,1992-11-09 03:00:00,NR,8.8,136.9,,, ,main,1074,1054.0,16.0,280.0,,0,0,regional_comparator,102.0,952.0,regional_comparator
1992314N08141,1992,FORREST,1992-11-09 06:00:00,NR,8.9,136.1,,, ,main,1054,979.0,15.0,280.0,,0,0,regional_comparator,102.0,952.0,regional_comparator
1992314N08141,1992,FORREST,1992-11-09 09:00:00,NR,9.0,135.4,,, ,main,979,894.0,15.0,280.0,,0,0,regional_comparator,102.0,952.0,regional_comparator
1992314N08141,1992,FORREST,1992-11-09 12:00:00,NR,9.1,134.6,,, ,main,894,810.0,17.0,275.0,,0,0,regional_comparator,102.0,952.0,regional_comparator
1992314N08141,1992,FORREST,1992-11-09 15:00:00,NR,9.2,133.7,,, ,main,799,705.0,18.0,275.0,,0,0,regional_comparator,102.0,952.0,regional_comparator
1992314N08141,1992,FORREST,1992-11-09 18:00:00,NR,9.3,132.8,,, ,main,705,634.0,17.0,280.0,,0,0,regional_comparator,102.0,952.0,regional_comparator
1992314N08141,1992,FORREST,1992-11-09 21:00:00,NR,9.4,132.0,,, ,main,624,554.0,15.0,280.0,,0,0,regional_comparator,102.0,952.0,regional_comparator
1992314N08141,1992,FORREST,1992-11-10 00:00:00,NR,9.5,131.3,,, ,main,554,478.0,15.0,270.0,,0,0,regional_comparator,102.0,952.0,regional_comparator
1992314N08141,1992,FORREST,1992-11-10 03:00:00,NR,9.5,130.5,,, ,main,468,379.0,16.0,265.0,,0,0,regional_comparator,102.0,952.0,regional_comparator
1992314N08141,1992,FORREST,1992-11-10 06:00:00,NR,9.4,129.7,,, ,main,379,293.0,17.0,265.0,,0,0,regional_comparator,102.0,952.0,regional_comparator
1992314N08141,1992,FORREST,1992-11-10 09:00:00,NR,9.4,128.8,,, ,main,282,198.0,17.0,270.0,,0,0,regional_comparator,102.0,952.0,regional_comparator
1992314N08141,1992,FORREST,1992-11-10 12:00:00,NR,9.4,128.0,,, ,main,198,122.0,16.0,270.0,,0,0,regional_comparator,102.0,952.0,regional_comparator
1992314N08141,1992,FORREST,1992-11-10 15:00:00,NR,9.4,127.2,,, ,main,112,39.0,15.0,270.0,,0,0,regional_comparator,102.0,952.0,regional_comparator
1992314N08141,1992,FORREST,1992-11-10 18:00:00,NR,9.4,126.5,,, ,main,39,0.0,14.0,270.0,,1,0,regional_comparator,102.0,952.0,regional_comparator
1992314N08141,1992,FORREST,1992-11-10 21:00:00,NR,9.4,125.8,,, ,main,0,0.0,14.0,275.0,,1,1,regional_comparator,102.0,952.0,regional_comparator
1992314N08141,1992,FORREST,1992-11-11 00:00:00,NR,9.5,125.1,,, ,main,39,10.0,14.0,275.0,,0,0,regional_comparator,102.0,952.0,regional_comparator
1992314N08141,1992,FORREST,1992-11-11 03:00:00,NR,9.6,124.4,,, ,main,10,0.0,14.0,280.0,,1,0,regional_comparator,102.0,952.0,regional_comparator
1992314N08141,1992,FORREST,1992-11-11 06:00:00,NR,9.7,123.7,,, ,main,15,0.0,14.0,280.0,,1,0,regional_comparator,102.0,952.0,regional_comparator
1992314N08141,1992,FORREST,1992-11-11 09:00:00,NR,9.8,123.0,,, ,main,0,0.0,15.0,280.0,,1,1,regional_comparator,102.0,952.0,regional_comparator
1992314N08141,1992,FORREST,1992-11-11 12:00:00,NR,10.0,122.2,,, ,main,31,31.0,16.0,280.0,,0,0,regional_comparator,102.0,952.0,regional_comparator
1992314N08141,1992,FORREST,1992-11-11 15:00:00,NR,10.2,121.4,,, ,main,59,59.0,17.0,280.0,,0,0,regional_comparator,102.0,952.0,regional_comparator
1992314N08141,1992,FORREST,1992-11-11 18:00:00,NR,10.3,120.5,,, ,main,90,10.0,18.0,280.0,,0,0,regional_comparator,102.0,952.0,regional_comparator
1992314N08141,1992,FORREST,1992-11-11 21:00:00,NR,10.4,119.6,,, ,main,0,0.0,18.0,275.0,,1,1,regional_comparator,102.0,952.0,regional_comparator
1992314N08141,1992,FORREST,1992-11-12 00:00:00,NR,10.5,118.7,,, ,main,39,39.0,18.0,270.0,,0,0,regional_comparator,102.0,952.0,regional_comparator
1992314N08141,1992,FORREST,1992-11-12 03:00:00,NR,10.4,117.8,,, ,main,109,105.0,20.0,245.0,,0,0,regional_comparator,102.0,952.0,regional_comparator
1992314N08141,1992,FORREST,1992-11-12 06:00:00,TS,9.7,116.8,,, ,main,117,109.0,23.0,240.0,,0,0,regional_comparator,102.0,952.0,regional_comparator
1992314N08141,1992,FORREST,1992-11-12 09:00:00,TS,9.2,115.9,,, ,main,167,167.0,20.0,250.0,,0,0,regional_comparator,102.0,952.0,regional_comparator
1992314N08141,1992,FORREST,1992-11-12 12:00:00,TS,9.0,114.9,,, ,main,264,264.0,19.0,260.0,,0,0,regional_comparator,102.0,952.0,regional_comparator
1992314N08141,1992,FORREST,1992-11-12 15:00:00,TS,8.9,114.0,,, ,main,358,358.0,17.0,270.0,,0,0,regional_comparator,102.0,952.0,regional_comparator
1992314N08141,1992,FORREST,1992-11-12 18:00:00,TS,9.0,113.2,,1004.0,tokyo,main,447,447.0,15.0,275.0,,0,0,regional_comparator,102.0,952.0,regional_comparator
1992314N08141,1992,FORREST,1992-11-12 21:00:00,TS,9.1,112.4,,, ,main,452,400.0,14.0,275.0,,0,0,regional_comparator,102.0,952.0,regional_comparator
1992314N08141,1992,FORREST,1992-11-13 00:00:00,TS,9.1,111.8,,1004.0,tokyo,main,400,352.0,13.0,270.0,,0,0,regional_comparator,102.0,952.0,regional_comparator
1992314N08141,1992,FORREST,1992-11-13 03:00:00,TS,9.1,111.1,35.0,1000.0,tokyo,main,345,315.0,13.0,265.0,64.82000000000001,0,0,regional_comparator,102.0,952.0,regional_comparator
1992314N08141,1992,FORREST,1992-11-13 06:00:00,TS,9.0,110.4,45.0,1000.0,tokyo,main,308,277.0,14.0,265.0,83.34,0,0,regional_comparator,102.0,952.0,regional_comparator
1992314N08141,1992,FORREST,1992-11-13 09:00:00,TS,8.9,109.7,,, ,main,271,250.0,14.0,260.0,,0,0,regional_comparator,102.0,952.0,regional_comparator
1992314N08141,1992,FORREST,1992-11-13 12:00:00,TS,8.7,109.1,45.0,1000.0,tokyo,main,254,244.0,12.0,250.0,83.34,0,0,regional_comparator,102.0,952.0,regional_comparator
1992314N08141,1992,FORREST,1992-11-13 15:00:00,TS,8.5,108.5,,, ,main,248,227.0,11.0,245.0,,0,0,regional_comparator,102.0,952.0,regional_comparator
1992314N08141,1992,FORREST,1992-11-13 18:00:00,TS,8.3,108.1,45.0,1000.0,tokyo,main,227,204.0,10.0,245.0,83.34,0,0,regional_comparator,102.0,952.0,regional_comparator
1992314N08141,1992,FORREST,1992-11-13 21:00:00,TS,8.1,107.6,,, ,main,204,184.0,11.0,250.0,,0,0,regional_comparator,102.0,952.0,regional_comparator
1992314N08141,1992,FORREST,1992-11-14 00:00:00,TS,7.9,107.0,45.0,1000.0,tokyo,main,191,165.0,13.0,255.0,83.34,0,0,regional_comparator,102.0,952.0,regional_comparator
1992314N08141,1992,FORREST,1992-11-14 03:00:00,TS,7.8,106.3,,, ,main,157,130.0,14.0,260.0,,0,0,regional_comparator,102.0,952.0,regional_comparator
1992314N08141,1992,FORREST,1992-11-14 06:00:00,TS,7.7,105.6,45.0,1000.0,tokyo,main,127,100.0,15.0,270.0,83.34,0,0,regional_comparator,102.0,952.0,regional_comparator
1992314N08141,1992,FORREST,1992-11-14 09:00:00,TS,7.8,104.8,,, ,main,101,101.0,14.0,275.0,,0,0,regional_comparator,102.0,952.0,regional_comparator
1992314N08141,1992,FORREST,1992-11-14 12:00:00,TS,7.8,104.2,45.0,1000.0,tokyo,main,126,126.0,13.0,275.0,83.34,0,0,regional_comparator,102.0,952.0,regional_comparator
1992314N08141,1992,FORREST,1992-11-14 15:00:00,TS,7.8,103.6,,, ,main,173,173.0,12.0,275.0,,0,0,regional_comparator,102.0,952.0,regional_comparator
1992314N08141,1992,FORREST,1992-11-14 18:00:00,TS,7.9,103.0,45.0,1000.0,tokyo,main,197,158.0,11.0,275.0,83.34,0,0,regional_comparator,102.0,952.0,regional_comparator
1992314N08141,1992,FORREST,1992-11-14 21:00:00,TS,7.9,102.4,,, ,main,151,130.0,11.0,275.0,,0,0,regional_comparator,102.0,952.0,regional_comparator
1992314N08141,1992,FORREST,1992-11-15 00:00:00,TS,8.0,101.9,45.0,998.0,tokyo,main,138,104.0,12.0,280.0,83.34,0,0,regional_comparator,102.0,952.0,regional_comparator
1992314N08141,1992,FORREST,1992-11-15 03:00:00,TS,8.1,101.3,,, ,main,104,45.0,12.0,280.0,,0,0,regional_comparator,102.0,952.0,regional_comparator
1992314N08141,1992,FORREST,1992-11-15 06:00:00,TS,8.2,100.6,45.0,996.0,tokyo,main,34,0.0,14.0,285.0,83.34,1,0,regional_comparator,102.0,952.0,regional_comparator
1992314N08141,1992,FORREST,1992-11-15 09:00:00,TS,8.4,99.9,,, ,main,0,0.0,15.0,285.0,,1,1,regional_comparator,102.0,952.0,regional_comparator
1992314N08141,1992,FORREST,1992-11-15 12:00:00,TS,8.6,99.2,,, ,main,0,0.0,16.0,280.0,,1,1,regional_comparator,102.0,952.0,regional_comparator
1992314N08141,1992,FORREST,1992-11-15 15:00:00,TS,8.7,98.3,,, ,main,0,0.0,17.0,280.0,,1,1,regional_comparator,102.0,952.0,regional_comparator
1992314N08141,1992,FORREST,1992-11-15 18:00:00,TS,8.8,97.5,,, ,main,87,87.0,16.0,275.0,,0,0,regional_comparator,102.0,952.0,regional_comparator
1992314N08141,1992,FORREST,1992-11-15 21:00:00,TS,8.9,96.7,,, ,main,175,175.0,13.0,280.0,,0,0,regional_comparator,102.0,952.0,regional_comparator
1992314N08141,1992,FORREST,1992-11-16 00:00:00,TS,9.1,96.2,,1006.0,newdelhi,main,231,231.0,12.0,285.0,,0,0,regional_comparator,102.0,952.0,regional_comparator
1992314N08141,1992,FORREST,1992-11-16 03:00:00,TS,9.2,95.6,,, ,main,298,298.0,12.0,285.0,,0,0,regional_comparator,102.0,952.0,regional_comparator
1992314N08141,1992,FORREST,1992-11-16 06:00:00,TS,9.3,95.1,25.0,1004.0,newdelhi,main,354,354.0,11.0,280.0,46.300000000000004,0,0,regional_comparator,102.0,952.0,regional_comparator
1992314N08141,1992,FORREST,1992-11-16 09:00:00,TS,9.4,94.5,,, ,main,421,421.0,10.0,280.0,,0,0,regional_comparator,102.0,952.0,regional_comparator
1992314N08141,1992,FORREST,1992-11-16 12:00:00,TS,9.5,94.0,25.0,1002.0,newdelhi,main,456,456.0,10.0,275.0,46.300000000000004,0,0,regional_comparator,102.0,952.0,regional_comparator
1992314N08141,1992,FORREST,1992-11-16 15:00:00,TS,9.5,93.5,,, ,main,475,475.0,10.0,275.0,,0,0,regional_comparator,102.0,952.0,regional_comparator
1992314N08141,1992,FORREST,1992-11-16 18:00:00,TS,9.5,93.0,30.0,1000.0,newdelhi,main,499,499.0,11.0,275.0,55.56,0,0,regional_comparator,102.0,952.0,regional_comparator
1992314N08141,1992,FORREST,1992-11-16 21:00:00,TS,9.6,92.4,,, ,main,544,544.0,12.0,275.0,,0,0,regional_comparator,102.0,952.0,regional_comparator
1992314N08141,1992,FORREST,1992-11-17 00:00:00,TS,9.6,91.8,35.0,1000.0,newdelhi,main,584,584.0,13.0,275.0,64.82000000000001,0,0,regional_comparator,102.0,952.0,regional_comparator
1992314N08141,1992,FORREST,1992-11-17 03:00:00,TS,9.7,91.1,,, ,main,644,644.0,13.0,275.0,,0,0,regional_comparator,102.0,952.0,regional_comparator
1992314N08141,1992,FORREST,1992-11-17 06:00:00,TS,9.8,90.5,45.0,996.0,newdelhi,main,700,700.0,11.0,285.0,83.34,0,0,regional_comparator,102.0,952.0,regional_comparator
1992314N08141,1992,FORREST,1992-11-17 09:00:00,TS,9.9,90.0,,, ,main,748,748.0,10.0,295.0,,0,0,regional_comparator,102.0,952.0,regional_comparator
1992314N08141,1992,FORREST,1992-11-17 12:00:00,TS,10.2,89.6,55.0,990.0,newdelhi,main,804,804.0,9.0,305.0,101.86,0,0,regional_comparator,102.0,952.0,regional_comparator
1992314N08141,1992,FORREST,1992-11-17 15:00:00,TS,10.5,89.3,,, ,main,810,809.0,9.0,315.0,,0,0,regional_comparator,102.0,952.0,regional_comparator
1992314N08141,1992,FORREST,1992-11-17 18:00:00,TS,10.8,88.9,65.0,986.0,newdelhi,main,817,808.0,10.0,315.0,120.38000000000001,0,0,regional_comparator,102.0,952.0,regional_comparator
1992314N08141,1992,FORREST,1992-11-17 21:00:00,TS,11.2,88.6,,, ,main,809,809.0,10.0,320.0,,0,0,regional_comparator,102.0,952.0,regional_comparator
1992314N08141,1992,FORREST,1992-11-18 00:00:00,TS,11.6,88.3,77.0,978.0,newdelhi,main,805,801.0,10.0,325.0,142.604,0,0,regional_comparator,102.0,952.0,regional_comparator
1992314N08141,1992,FORREST,1992-11-18 03:00:00,TS,12.0,88.0,,, ,main,801,749.0,11.0,335.0,,0,0,regional_comparator,102.0,952.0,regional_comparator
1992314N08141,1992,FORREST,1992-11-18 06:00:00,TS,12.6,87.8,77.0,976.0,newdelhi,main,742,697.0,12.0,345.0,142.604,0,0,regional_comparator,102.0,952.0,regional_comparator
1992314N08141,1992,FORREST,1992-11-18 09:00:00,TS,13.2,87.7,,, ,main,688,627.0,13.0,350.0,,0,0,regional_comparator,102.0,952.0,regional_comparator
1992314N08141,1992,FORREST,1992-11-18 12:00:00,TS,13.8,87.6,77.0,974.0,newdelhi,main,627,583.0,12.0,355.0,142.604,0,0,regional_comparator,102.0,952.0,regional_comparator
1992314N08141,1992,FORREST,1992-11-18 15:00:00,TS,14.3,87.6,,, ,main,583,540.0,10.0,0.0,,0,0,regional_comparator,102.0,952.0,regional_comparator
1992314N08141,1992,FORREST,1992-11-18 18:00:00,TS,14.8,87.6,77.0,974.0,newdelhi,main,540,493.0,11.0,0.0,142.604,0,0,regional_comparator,102.0,952.0,regional_comparator
1992314N08141,1992,FORREST,1992-11-18 21:00:00,TS,15.4,87.6,,, ,main,493,462.0,11.0,5.0,,0,0,regional_comparator,102.0,952.0,regional_comparator
1992314N08141,1992,FORREST,1992-11-19 00:00:00,TS,15.9,87.7,90.0,966.0,newdelhi,main,462,431.0,9.0,5.0,166.68,0,0,regional_comparator,102.0,952.0,regional_comparator
1992314N08141,1992,FORREST,1992-11-19 03:00:00,TS,16.3,87.7,,, ,main,431,408.0,7.0,15.0,,0,0,regional_comparator,102.0,952.0,regional_comparator
1992314N08141,1992,FORREST,1992-11-19 06:00:00,TS,16.6,87.8,102.0,952.0,newdelhi,main,408,380.0,8.0,30.0,188.904,0,0,regional_comparator,102.0,952.0,regional_comparator
1992314N08141,1992,FORREST,1992-11-19 09:00:00,TS,17.0,88.1,,, ,main,380,362.0,9.0,35.0,,0,0,regional_comparator,102.0,952.0,regional_comparator
1992314N08141,1992,FORREST,1992-11-19 12:00:00,TS,17.4,88.4,102.0,952.0,newdelhi,main,359,341.0,8.0,30.0,188.904,0,0,regional_comparator,102.0,952.0,regional_comparator
1992314N08141,1992,FORREST,1992-11-19 15:00:00,TS,17.7,88.5,,, ,main,339,322.0,6.0,20.0,,0,0,regional_comparator,102.0,952.0,regional_comparator
1992314N08141,1992,FORREST,1992-11-19 18:00:00,TS,17.9,88.6,102.0,954.0,newdelhi,main,329,314.0,6.0,25.0,188.904,0,0,regional_comparator,102.0,952.0,regional_comparator
1992314N08141,1992,FORREST,1992-11-19 21:00:00,TS,18.2,88.7,,, ,main,314,306.0,7.0,35.0,,0,0,regional_comparator,102.0,952.0,regional_comparator
1992314N08141,1992,FORREST,1992-11-20 00:00:00,TS,18.5,89.0,102.0,954.0,newdelhi,main,314,307.0,7.0,35.0,188.904,0,0,regional_comparator,102.0,952.0,regional_comparator
1992314N08141,1992,FORREST,1992-11-20 03:00:00,TS,18.8,89.2,,, ,main,311,292.0,6.0,40.0,,0,0,regional_comparator,102.0,952.0,regional_comparator
1992314N08141,1992,FORREST,1992-11-20 06:00:00,TS,19.0,89.4,102.0,956.0,newdelhi,main,292,273.0,7.0,45.0,188.904,0,0,regional_comparator,102.0,952.0,regional_comparator
1992314N08141,1992,FORREST,1992-11-20 09:00:00,TS,19.2,89.7,,, ,main,275,259.0,7.0,55.0,,0,0,regional_comparator,102.0,952.0,regional_comparator
1992314N08141,1992,FORREST,1992-11-20 12:00:00,TS,19.4,90.0,90.0,968.0,newdelhi,main,263,248.0,7.0,70.0,166.68,0,0,regional_comparator,102.0,952.0,regional_comparator
1992314N08141,1992,FORREST,1992-11-20 15:00:00,TS,19.5,90.4,,, ,main,248,207.0,8.0,80.0,,0,0,regional_comparator,102.0,952.0,regional_comparator
1992314N08141,1992,FORREST,1992-11-20 18:00:00,TS,19.6,90.8,90.0,972.0,newdelhi,main,207,175.0,7.0,70.0,166.68,0,0,regional_comparator,102.0,952.0,regional_comparator
1992314N08141,1992,FORREST,1992-11-20 21:00:00,TS,19.7,91.1,,, ,main,175,137.0,7.0,60.0,,0,0,regional_comparator,102.0,952.0,regional_comparator
1992314N08141,1992,FORREST,1992-11-21 00:00:00,TS,19.9,91.4,90.0,972.0,newdelhi,main,137,99.0,7.0,70.0,166.68,0,0,regional_comparator,102.0,952.0,regional_comparator
1992314N08141,1992,FORREST,1992-11-21 03:00:00,TS,20.0,91.8,,, ,main,99,47.0,8.0,80.0,,0,0,regional_comparator,102.0,952.0,regional_comparator
1992314N08141,1992,FORREST,1992-11-21 06:00:00,TS,20.1,92.3,45.0,1000.0,newdelhi,main,47,0.0,9.0,75.0,83.34,1,0,regional_comparator,102.0,952.0,regional_comparator
1992314N08141,1992,FORREST,1992-11-21 09:00:00,TS,20.2,92.8,,, ,main,0,0.0,10.0,70.0,,1,1,regional_comparator,102.0,952.0,regional_comparator
1992314N08141,1992,FORREST,1992-11-21 12:00:00,TS,20.4,93.3,35.0,1000.0,newdelhi,main,0,0.0,8.0,75.0,64.82000000000001,1,1,regional_comparator,102.0,952.0,regional_comparator
1992314N08141,1992,FORREST,1992-11-21 15:00:00,NR,20.5,93.7,,, ,main,0,0.0,6.0,90.0,,1,1,regional_comparator,102.0,952.0,regional_comparator
1992314N08141,1992,FORREST,1992-11-21 18:00:00,NR,20.4,93.9,15.0,1008.0,newdelhi,main,0,0.0,6.0,130.0,27.78,1,1,regional_comparator,102.0,952.0,regional_comparator
1992314N08141,1992,FORREST,1992-11-21 21:00:00,NR,20.1,94.2,,, ,main,0,0.0,7.0,135.0,,1,1,regional_comparator,102.0,952.0,regional_comparator
1992314N08141,1992,FORREST,1992-11-22 00:00:00,NR,19.9,94.5,,, ,main,0,,7.0,120.0,,0,1,regional_comparator,102.0,952.0,regional_comparator
1995310N09096,1995,UNNAMED,1995-11-05 12:00:00,NR,8.6,96.4,,, ,main,209,209.0,12.0,295.0,,0,0,regional_comparator,77.0,978.0,regional_comparator
1995310N09096,1995,UNNAMED,1995-11-05 15:00:00,NR,8.8,95.8,,, ,main,274,274.0,12.0,295.0,,0,0,regional_comparator,77.0,978.0,regional_comparator
1995310N09096,1995,UNNAMED,1995-11-05 18:00:00,NR,9.1,95.3,,, ,main,330,330.0,12.0,295.0,,0,0,regional_comparator,77.0,978.0,regional_comparator
1995310N09096,1995,UNNAMED,1995-11-05 21:00:00,NR,9.4,94.8,,, ,main,388,388.0,11.0,295.0,,0,0,regional_comparator,77.0,978.0,regional_comparator
1995310N09096,1995,UNNAMED,1995-11-06 00:00:00,NR,9.6,94.3,,, ,main,446,446.0,9.0,295.0,,0,0,regional_comparator,77.0,978.0,regional_comparator
1995310N09096,1995,UNNAMED,1995-11-06 03:00:00,NR,9.8,93.9,,, ,main,491,491.0,8.0,295.0,,0,0,regional_comparator,77.0,978.0,regional_comparator
1995310N09096,1995,UNNAMED,1995-11-06 06:00:00,NR,9.9,93.6,,, ,main,513,513.0,7.0,295.0,,0,0,regional_comparator,77.0,978.0,regional_comparator
1995310N09096,1995,UNNAMED,1995-11-06 09:00:00,NR,10.0,93.2,,, ,main,540,540.0,8.0,295.0,,0,0,regional_comparator,77.0,978.0,regional_comparator
1995310N09096,1995,UNNAMED,1995-11-06 12:00:00,NR,10.2,92.9,,, ,main,574,574.0,8.0,295.0,,0,0,regional_comparator,77.0,978.0,regional_comparator
1995310N09096,1995,UNNAMED,1995-11-06 15:00:00,NR,10.4,92.6,,, ,main,609,609.0,8.0,300.0,,0,0,regional_comparator,77.0,978.0,regional_comparator
1995310N09096,1995,UNNAMED,1995-11-06 18:00:00,NR,10.6,92.2,,, ,main,629,611.0,9.0,310.0,,0,0,regional_comparator,77.0,978.0,regional_comparator
1995310N09096,1995,UNNAMED,1995-11-06 21:00:00,NR,10.9,91.8,,, ,main,616,597.0,11.0,310.0,,0,0,regional_comparator,77.0,978.0,regional_comparator
1995310N09096,1995,UNNAMED,1995-11-07 00:00:00,NR,11.3,91.4,,, ,main,599,592.0,10.0,310.0,,0,0,regional_comparator,77.0,978.0,regional_comparator
1995310N09096,1995,UNNAMED,1995-11-07 03:00:00,NR,11.5,91.0,25.0,1000.0,newdelhi,main,605,594.0,10.0,305.0,46.300000000000004,0,0,regional_comparator,77.0,978.0,regional_comparator
1995310N09096,1995,UNNAMED,1995-11-07 06:00:00,NR,11.8,90.6,25.0,1000.0,newdelhi,main,607,599.0,12.0,305.0,46.300000000000004,0,0,regional_comparator,77.0,978.0,regional_comparator
1995310N09096,1995,UNNAMED,1995-11-07 09:00:00,NR,12.2,90.0,,, ,main,621,621.0,14.0,300.0,,0,0,regional_comparator,77.0,978.0,regional_comparator
1995310N09096,1995,UNNAMED,1995-11-07 12:00:00,NR,12.6,89.4,30.0,996.0,newdelhi,main,642,642.0,13.0,300.0,55.56,0,0,regional_comparator,77.0,978.0,regional_comparator
1995310N09096,1995,UNNAMED,1995-11-07 15:00:00,NR,12.8,88.9,,, ,main,674,674.0,10.0,295.0,,0,0,regional_comparator,77.0,978.0,regional_comparator
1995310N09096,1995,UNNAMED,1995-11-07 18:00:00,NR,13.0,88.5,30.0,996.0,newdelhi,main,699,699.0,8.0,295.0,55.56,0,0,regional_comparator,77.0,978.0,regional_comparator
1995310N09096,1995,UNNAMED,1995-11-07 21:00:00,NR,13.1,88.1,,, ,main,722,670.0,8.0,300.0,,0,0,regional_comparator,77.0,978.0,regional_comparator
1995310N09096,1995,UNNAMED,1995-11-08 00:00:00,NR,13.4,87.7,35.0,996.0,newdelhi,main,670,588.0,13.0,305.0,64.82000000000001,0,0,regional_comparator,77.0,978.0,regional_comparator
1995310N09096,1995,UNNAMED,1995-11-08 03:00:00,NR,13.9,87.0,45.0,996.0,newdelhi,main,580,496.0,17.0,305.0,83.34,0,0,regional_comparator,77.0,978.0,regional_comparator
1995310N09096,1995,UNNAMED,1995-11-08 06:00:00,NR,14.4,86.3,45.0,996.0,newdelhi,main,487,403.0,16.0,310.0,83.34,0,0,regional_comparator,77.0,978.0,regional_comparator
1995310N09096,1995,UNNAMED,1995-11-08 09:00:00,NR,14.9,85.7,,, ,main,403,324.0,15.0,325.0,,0,0,regional_comparator,77.0,978.0,regional_comparator
1995310N09096,1995,UNNAMED,1995-11-08 12:00:00,NR,15.6,85.3,55.0,990.0,newdelhi,main,316,254.0,14.0,330.0,101.86,0,0,regional_comparator,77.0,978.0,regional_comparator
1995310N09096,1995,UNNAMED,1995-11-08 15:00:00,NR,16.2,85.0,,, ,main,246,184.0,13.0,335.0,,0,0,regional_comparator,77.0,978.0,regional_comparator
1995310N09096,1995,UNNAMED,1995-11-08 18:00:00,NR,16.8,84.7,65.0,984.0,newdelhi,main,177,128.0,12.0,335.0,120.38000000000001,0,0,regional_comparator,77.0,978.0,regional_comparator
1995310N09096,1995,UNNAMED,1995-11-08 21:00:00,NR,17.2,84.5,,, ,main,128,59.0,11.0,340.0,,0,0,regional_comparator,77.0,978.0,regional_comparator
1995310N09096,1995,UNNAMED,1995-11-09 00:00:00,NR,17.8,84.3,65.0,984.0,newdelhi,main,59,0.0,15.0,350.0,120.38000000000001,1,0,regional_comparator,77.0,978.0,regional_comparator
1995310N09096,1995,UNNAMED,1995-11-09 03:00:00,NR,18.7,84.2,77.0,978.0,newdelhi,main,0,0.0,16.0,355.0,142.604,1,1,regional_comparator,77.0,978.0,regional_comparator
1995310N09096,1995,UNNAMED,1995-11-09 06:00:00,NR,19.4,84.2,,,newdelhi,main,0,0.0,16.0,360.0,,1,1,regional_comparator,77.0,978.0,regional_comparator
1995310N09096,1995,UNNAMED,1995-11-09 09:00:00,NR,20.2,84.2,,, ,main,0,0.0,18.0,0.0,,1,1,regional_comparator,77.0,978.0,regional_comparator
1995310N09096,1995,UNNAMED,1995-11-09 12:00:00,NR,21.2,84.2,,,newdelhi,main,0,0.0,19.0,0.0,,1,1,regional_comparator,77.0,978.0,regional_comparator
1995310N09096,1995,UNNAMED,1995-11-09 15:00:00,NR,22.1,84.2,,, ,main,0,0.0,18.0,5.0,,1,1,regional_comparator,77.0,978.0,regional_comparator
1995310N09096,1995,UNNAMED,1995-11-09 18:00:00,NR,22.9,84.4,,,newdelhi,main,0,0.0,17.0,10.0,,1,1,regional_comparator,77.0,978.0,regional_comparator
1995310N09096,1995,UNNAMED,1995-11-09 21:00:00,NR,23.7,84.6,,, ,main,0,0.0,15.0,20.0,,1,1,regional_comparator,77.0,978.0,regional_comparator
1995310N09096,1995,UNNAMED,1995-11-10 00:00:00,NR,24.3,84.9,,,newdelhi,main,0,0.0,13.0,25.0,,1,1,regional_comparator,77.0,978.0,regional_comparator
1995310N09096,1995,UNNAMED,1995-11-10 03:00:00,NR,24.8,85.2,,,newdelhi,main,0,0.0,13.0,30.0,,1,1,regional_comparator,77.0,978.0,regional_comparator
1995310N09096,1995,UNNAMED,1995-11-10 06:00:00,NR,25.4,85.6,,,newdelhi,main,0,0.0,13.0,40.0,,1,1,regional_comparator,77.0,978.0,regional_comparator
1995310N09096,1995,UNNAMED,1995-11-10 09:00:00,NR,25.9,86.1,,,newdelhi,main,0,0.0,12.0,60.0,,1,1,regional_comparator,77.0,978.0,regional_comparator
1995310N09096,1995,UNNAMED,1995-11-10 12:00:00,NR,26.0,86.8,,, ,main,0,0.0,11.0,70.0,,1,1,regional_comparator,77.0,978.0,regional_comparator
1995310N09096,1995,UNNAMED,1995-11-10 15:00:00,NR,26.3,87.2,,, ,main,0,0.0,9.0,55.0,,1,1,regional_comparator,77.0,978.0,regional_comparator
1995310N09096,1995,UNNAMED,1995-11-10 18:00:00,NR,26.5,87.6,,, ,main,0,,9.0,55.0,,0,1,regional_comparator,77.0,978.0,regional_comparator
1995323N05097,1995,UNNAMED,1995-11-18 18:00:00,NR,5.4,97.2,,, ,main,25,22.0,6.0,280.0,,0,0,regional_comparator,102.0,956.0,regional_comparator
1995323N05097,1995,UNNAMED,1995-11-18 21:00:00,NR,5.5,96.9,,, ,main,33,33.0,6.0,280.0,,0,0,regional_comparator,102.0,956.0,regional_comparator
1995323N05097,1995,UNNAMED,1995-11-19 00:00:00,NR,5.5,96.6,,, ,main,33,31.0,6.0,280.0,,0,0,regional_comparator,102.0,956.0,regional_comparator
1995323N05097,1995,UNNAMED,1995-11-19 03:00:00,NR,5.5,96.3,,, ,main,31,15.0,6.0,280.0,,0,0,regional_comparator,102.0,956.0,regional_comparator
1995323N05097,1995,UNNAMED,1995-11-19 06:00:00,NR,5.6,96.0,,, ,main,15,11.0,6.0,285.0,,0,0,regional_comparator,102.0,956.0,regional_comparator
1995323N05097,1995,UNNAMED,1995-11-19 09:00:00,NR,5.7,95.7,,, ,main,22,15.0,6.0,290.0,,0,0,regional_comparator,102.0,956.0,regional_comparator
1995323N05097,1995,UNNAMED,1995-11-19 12:00:00,NR,5.8,95.4,,, ,main,22,22.0,7.0,290.0,,0,0,regional_comparator,102.0,956.0,regional_comparator
1995323N05097,1995,UNNAMED,1995-11-19 15:00:00,NR,5.9,95.1,,, ,main,35,35.0,7.0,285.0,,0,0,regional_comparator,102.0,956.0,regional_comparator
1995323N05097,1995,UNNAMED,1995-11-19 18:00:00,NR,6.0,94.7,,, ,main,71,71.0,7.0,280.0,,0,0,regional_comparator,102.0,956.0,regional_comparator
1995323N05097,1995,UNNAMED,1995-11-19 21:00:00,NR,6.1,94.3,,, ,main,114,114.0,7.0,280.0,,0,0,regional_comparator,102.0,956.0,regional_comparator
1995323N05097,1995,UNNAMED,1995-11-20 00:00:00,NR,6.1,94.0,,, ,main,144,144.0,7.0,275.0,,0,0,regional_comparator,102.0,956.0,regional_comparator
1995323N05097,1995,UNNAMED,1995-11-20 03:00:00,NR,6.1,93.6,,, ,main,175,175.0,7.0,280.0,,0,0,regional_comparator,102.0,956.0,regional_comparator
1995323N05097,1995,UNNAMED,1995-11-20 06:00:00,NR,6.2,93.3,,, ,main,220,220.0,7.0,285.0,,0,0,regional_comparator,102.0,956.0,regional_comparator
1995323N05097,1995,UNNAMED,1995-11-20 09:00:00,NR,6.3,92.9,,, ,main,266,266.0,7.0,285.0,,0,0,regional_comparator,102.0,956.0,regional_comparator
1995323N05097,1995,UNNAMED,1995-11-20 12:00:00,NR,6.4,92.6,,, ,main,301,301.0,7.0,285.0,,0,0,regional_comparator,102.0,956.0,regional_comparator
1995323N05097,1995,UNNAMED,1995-11-20 15:00:00,NR,6.5,92.3,,, ,main,336,336.0,6.0,280.0,,0,0,regional_comparator,102.0,956.0,regional_comparator
1995323N05097,1995,UNNAMED,1995-11-20 18:00:00,NR,6.5,92.0,,, ,main,368,368.0,5.0,280.0,,0,0,regional_comparator,102.0,956.0,regional_comparator
1995323N05097,1995,UNNAMED,1995-11-20 21:00:00,NR,6.5,91.7,,, ,main,389,389.0,5.0,280.0,,0,0,regional_comparator,102.0,956.0,regional_comparator
1995323N05097,1995,UNNAMED,1995-11-21 00:00:00,NR,6.6,91.5,,, ,main,424,424.0,6.0,285.0,,0,0,regional_comparator,102.0,956.0,regional_comparator
1995323N05097,1995,UNNAMED,1995-11-21 03:00:00,NR,6.7,91.2,,, ,main,459,459.0,6.0,290.0,,0,0,regional_comparator,102.0,956.0,regional_comparator
1995323N05097,1995,UNNAMED,1995-11-21 06:00:00,NR,6.8,90.9,,, ,main,494,494.0,7.0,285.0,,0,0,regional_comparator,102.0,956.0,regional_comparator
1995323N05097,1995,UNNAMED,1995-11-21 09:00:00,NR,6.9,90.6,,, ,main,529,529.0,5.0,270.0,,0,0,regional_comparator,102.0,956.0,regional_comparator
1995323N05097,1995,UNNAMED,1995-11-21 12:00:00,NR,6.8,90.4,25.0,1002.0,newdelhi,main,547,547.0,5.0,270.0,46.300000000000004,0,0,regional_comparator,102.0,956.0,regional_comparator
1995323N05097,1995,UNNAMED,1995-11-21 15:00:00,NR,6.9,90.1,,, ,main,582,582.0,6.0,290.0,,0,0,regional_comparator,102.0,956.0,regional_comparator
1995323N05097,1995,UNNAMED,1995-11-21 18:00:00,NR,7.0,89.8,25.0,1002.0,newdelhi,main,617,617.0,6.0,300.0,46.300000000000004,0,0,regional_comparator,102.0,956.0,regional_comparator
1995323N05097,1995,UNNAMED,1995-11-21 21:00:00,NR,7.2,89.5,,, ,main,655,655.0,7.0,300.0,,0,0,regional_comparator,102.0,956.0,regional_comparator
1995323N05097,1995,UNNAMED,1995-11-22 00:00:00,NR,7.4,89.3,25.0,1002.0,newdelhi,main,682,682.0,5.0,295.0,46.300000000000004,0,0,regional_comparator,102.0,956.0,regional_comparator
1995323N05097,1995,UNNAMED,1995-11-22 03:00:00,NR,7.4,89.1,30.0,1000.0,newdelhi,main,704,704.0,9.0,295.0,55.56,0,0,regional_comparator,102.0,956.0,regional_comparator
1995323N05097,1995,UNNAMED,1995-11-22 06:00:00,NR,7.8,88.5,30.0,1000.0,newdelhi,main,733,702.0,11.0,305.0,55.56,0,0,regional_comparator,102.0,956.0,regional_comparator
1995323N05097,1995,UNNAMED,1995-11-22 09:00:00,NR,8.0,88.2,,, ,main,704,695.0,7.0,325.0,,0,0,regional_comparator,102.0,956.0,regional_comparator
1995323N05097,1995,UNNAMED,1995-11-22 12:00:00,NR,8.4,88.1,35.0,998.0,newdelhi,main,700,661.0,9.0,325.0,64.82000000000001,0,0,regional_comparator,102.0,956.0,regional_comparator
1995323N05097,1995,UNNAMED,1995-11-22 15:00:00,NR,8.8,87.7,,, ,main,663,628.0,12.0,315.0,,0,0,regional_comparator,102.0,956.0,regional_comparator
1995323N05097,1995,UNNAMED,1995-11-22 18:00:00,NR,9.2,87.3,45.0,994.0,newdelhi,main,631,589.0,11.0,310.0,83.34,0,0,regional_comparator,102.0,956.0,regional_comparator
1995323N05097,1995,UNNAMED,1995-11-22 21:00:00,NR,9.5,86.8,,, ,main,589,558.0,10.0,300.0,,0,0,regional_comparator,102.0,956.0,regional_comparator
1995323N05097,1995,UNNAMED,1995-11-23 00:00:00,NR,9.7,86.4,45.0,994.0,newdelhi,main,558,523.0,9.0,290.0,83.34,0,0,regional_comparator,102.0,956.0,regional_comparator
1995323N05097,1995,UNNAMED,1995-11-23 03:00:00,NR,9.8,86.0,55.0,990.0,newdelhi,main,523,503.0,9.0,300.0,101.86,0,0,regional_comparator,102.0,956.0,regional_comparator
1995323N05097,1995,UNNAMED,1995-11-23 06:00:00,NR,10.2,85.6,55.0,990.0,newdelhi,main,503,483.0,10.0,315.0,101.86,0,0,regional_comparator,102.0,956.0,regional_comparator
1995323N05097,1995,UNNAMED,1995-11-23 09:00:00,NR,10.5,85.2,,, ,main,478,475.0,9.0,320.0,,0,0,regional_comparator,102.0,956.0,regional_comparator
1995323N05097,1995,UNNAMED,1995-11-23 12:00:00,NR,10.9,85.0,55.0,988.0,newdelhi,main,484,484.0,9.0,340.0,101.86,0,0,regional_comparator,102.0,956.0,regional_comparator
1995323N05097,1995,UNNAMED,1995-11-23 15:00:00,NR,11.4,84.9,,, ,main,505,505.0,12.0,355.0,,0,0,regional_comparator,102.0,956.0,regional_comparator
1995323N05097,1995,UNNAMED,1995-11-23 18:00:00,NR,12.0,85.0,65.0,984.0,newdelhi,main,523,513.0,13.0,0.0,120.38000000000001,0,0,regional_comparator,102.0,956.0,regional_comparator
1995323N05097,1995,UNNAMED,1995-11-23 21:00:00,NR,12.7,85.0,,, ,main,513,452.0,15.0,5.0,,0,0,regional_comparator,102.0,956.0,regional_comparator
1995323N05097,1995,UNNAMED,1995-11-24 00:00:00,NR,13.6,85.1,77.0,976.0,newdelhi,main,450,396.0,17.0,5.0,142.604,0,0,regional_comparator,102.0,956.0,regional_comparator
1995323N05097,1995,UNNAMED,1995-11-24 03:00:00,NR,14.4,85.2,90.0,964.0,newdelhi,main,396,367.0,15.0,10.0,166.68,0,0,regional_comparator,102.0,956.0,regional_comparator
1995323N05097,1995,UNNAMED,1995-11-24 06:00:00,NR,15.1,85.4,90.0,960.0,newdelhi,main,365,337.0,15.0,20.0,166.68,0,0,regional_comparator,102.0,956.0,regional_comparator
1995323N05097,1995,UNNAMED,1995-11-24 09:00:00,NR,15.8,85.7,,, ,main,327,308.0,18.0,35.0,,0,0,regional_comparator,102.0,956.0,regional_comparator
1995323N05097,1995,UNNAMED,1995-11-24 12:00:00,NR,16.6,86.4,102.0,956.0,newdelhi,main,307,307.0,22.0,45.0,188.904,0,0,regional_comparator,102.0,956.0,regional_comparator
1995323N05097,1995,UNNAMED,1995-11-24 15:00:00,NR,17.3,87.3,,, ,main,316,286.0,23.0,50.0,,0,0,regional_comparator,102.0,956.0,regional_comparator
1995323N05097,1995,UNNAMED,1995-11-24 18:00:00,NR,18.1,88.2,90.0,962.0,newdelhi,main,284,267.0,18.0,45.0,166.68,0,0,regional_comparator,102.0,956.0,regional_comparator
1995323N05097,1995,UNNAMED,1995-11-24 21:00:00,NR,18.6,88.6,,, ,main,275,266.0,15.0,35.0,,0,0,regional_comparator,102.0,956.0,regional_comparator
1995323N05097,1995,UNNAMED,1995-11-25 00:00:00,NR,19.3,89.2,77.0,970.0,newdelhi,main,257,190.0,23.0,50.0,142.604,0,0,regional_comparator,102.0,956.0,regional_comparator
1995323N05097,1995,UNNAMED,1995-11-25 03:00:00,NR,20.1,90.4,77.0,972.0,newdelhi,main,191,70.0,28.0,55.0,142.604,0,0,regional_comparator,102.0,956.0,regional_comparator
1995323N05097,1995,UNNAMED,1995-11-25 06:00:00,NR,20.9,91.5,65.0,978.0,newdelhi,main,70,0.0,26.0,55.0,120.38000000000001,1,0,regional_comparator,102.0,956.0,regional_comparator
1995323N05097,1995,UNNAMED,1995-11-25 09:00:00,NR,21.6,92.6,,,newdelhi,main,0,0.0,23.0,50.0,,1,1,regional_comparator,102.0,956.0,regional_comparator
1995323N05097,1995,UNNAMED,1995-11-25 12:00:00,NR,22.4,93.5,,, ,main,0,0.0,23.0,50.0,,1,1,regional_comparator,102.0,956.0,regional_comparator
1995323N05097,1995,UNNAMED,1995-11-25 15:00:00,NR,23.0,94.5,,, ,main,0,0.0,22.0,55.0,,1,1,regional_comparator,102.0,956.0,regional_comparator
1995323N05097,1995,UNNAMED,1995-11-25 18:00:00,NR,23.6,95.5,,, ,main,0,,21.0,60.0,,0,1,regional_comparator,102.0,956.0,regional_comparator
1996163N08088,1996,UNNAMED,1996-06-11 00:00:00,NR,8.2,87.8,,, ,main,664,664.0,3.0,340.0,,0,0,regional_comparator,45.0,992.0,regional_comparator
1996163N08088,1996,UNNAMED,1996-06-11 03:00:00,NR,8.4,87.7,,, ,main,656,656.0,3.0,345.0,,0,0,regional_comparator,45.0,992.0,regional_comparator
1996163N08088,1996,UNNAMED,1996-06-11 06:00:00,NR,8.5,87.7,,, ,main,657,657.0,3.0,345.0,,0,0,regional_comparator,45.0,992.0,regional_comparator
1996163N08088,1996,UNNAMED,1996-06-11 09:00:00,NR,8.6,87.7,,, ,main,659,650.0,3.0,345.0,,0,0,regional_comparator,45.0,992.0,regional_comparator
1996163N08088,1996,UNNAMED,1996-06-11 12:00:00,NR,8.8,87.6,,, ,main,652,647.0,4.0,345.0,,0,0,regional_comparator,45.0,992.0,regional_comparator
1996163N08088,1996,UNNAMED,1996-06-11 15:00:00,NR,9.0,87.5,,, ,main,647,642.0,5.0,340.0,,0,0,regional_comparator,45.0,992.0,regional_comparator
1996163N08088,1996,UNNAMED,1996-06-11 18:00:00,NR,9.3,87.4,,, ,main,645,631.0,7.0,330.0,,0,0,regional_comparator,45.0,992.0,regional_comparator
1996163N08088,1996,UNNAMED,1996-06-11 21:00:00,NR,9.6,87.2,,, ,main,635,617.0,8.0,320.0,,0,0,regional_comparator,45.0,992.0,regional_comparator
1996163N08088,1996,UNNAMED,1996-06-12 00:00:00,NR,9.9,86.9,,, ,main,617,597.0,8.0,310.0,,0,0,regional_comparator,45.0,992.0,regional_comparator
1996163N08088,1996,UNNAMED,1996-06-12 03:00:00,NR,10.2,86.6,,, ,main,602,572.0,9.0,305.0,,0,0,regional_comparator,45.0,992.0,regional_comparator
1996163N08088,1996,UNNAMED,1996-06-12 06:00:00,NR,10.4,86.2,,, ,main,572,551.0,8.0,305.0,,0,0,regional_comparator,45.0,992.0,regional_comparator
1996163N08088,1996,UNNAMED,1996-06-12 09:00:00,NR,10.6,85.9,,, ,main,551,539.0,8.0,310.0,,0,0,regional_comparator,45.0,992.0,regional_comparator
1996163N08088,1996,UNNAMED,1996-06-12 12:00:00,TS,10.9,85.6,25.0,998.0,newdelhi,main,539,520.0,9.0,310.0,46.300000000000004,0,0,regional_comparator,45.0,992.0,regional_comparator
1996163N08088,1996,UNNAMED,1996-06-12 15:00:00,TS,11.2,85.2,,, ,main,520,502.0,10.0,305.0,,0,0,regional_comparator,45.0,992.0,regional_comparator
1996163N08088,1996,UNNAMED,1996-06-12 18:00:00,TS,11.5,84.8,25.0,998.0,newdelhi,main,502,463.0,10.0,305.0,46.300000000000004,0,0,regional_comparator,45.0,992.0,regional_comparator
1996163N08088,1996,UNNAMED,1996-06-12 21:00:00,TS,11.8,84.4,,, ,main,463,404.0,11.0,305.0,,0,0,regional_comparator,45.0,992.0,regional_comparator
1996163N08088,1996,UNNAMED,1996-06-13 00:00:00,TS,12.1,83.9,25.0,998.0,newdelhi,main,404,325.0,14.0,300.0,46.300000000000004,0,0,regional_comparator,45.0,992.0,regional_comparator
1996163N08088,1996,UNNAMED,1996-06-13 03:00:00,TS,12.5,83.1,30.0,996.0,newdelhi,main,315,300.0,11.0,305.0,55.56,0,0,regional_comparator,45.0,992.0,regional_comparator
1996163N08088,1996,UNNAMED,1996-06-13 06:00:00,TS,12.8,83.0,30.0,996.0,newdelhi,main,297,251.0,7.0,310.0,55.56,0,0,regional_comparator,45.0,992.0,regional_comparator
1996163N08088,1996,UNNAMED,1996-06-13 09:00:00,TS,13.0,82.6,,, ,main,251,206.0,9.0,300.0,,0,0,regional_comparator,45.0,992.0,regional_comparator
1996163N08088,1996,UNNAMED,1996-06-13 12:00:00,TS,13.2,82.2,30.0,996.0,newdelhi,main,206,162.0,9.0,300.0,55.56,0,0,regional_comparator,45.0,992.0,regional_comparator
1996163N08088,1996,UNNAMED,1996-06-13 15:00:00,TS,13.5,81.8,,, ,main,162,129.0,8.0,305.0,,0,0,regional_comparator,45.0,992.0,regional_comparator
1996163N08088,1996,UNNAMED,1996-06-13 18:00:00,TS,13.7,81.5,30.0,996.0,newdelhi,main,129,108.0,6.0,295.0,55.56,0,0,regional_comparator,45.0,992.0,regional_comparator
1996163N08088,1996,UNNAMED,1996-06-13 21:00:00,TS,13.7,81.2,,, ,main,97,97.0,3.0,290.0,,0,0,regional_comparator,45.0,992.0,regional_comparator
1996163N08088,1996,UNNAMED,1996-06-14 00:00:00,TS,13.8,81.2,35.0,994.0,newdelhi,main,97,86.0,4.0,345.0,64.82000000000001,0,0,regional_comparator,45.0,992.0,regional_comparator
1996163N08088,1996,UNNAMED,1996-06-14 03:00:00,TS,14.1,81.1,35.0,994.0,newdelhi,main,92,92.0,7.0,10.0,64.82000000000001,0,0,regional_comparator,45.0,992.0,regional_comparator
1996163N08088,1996,UNNAMED,1996-06-14 06:00:00,TS,14.5,81.3,35.0,994.0,newdelhi,main,118,114.0,7.0,20.0,64.82000000000001,0,0,regional_comparator,45.0,992.0,regional_comparator
1996163N08088,1996,UNNAMED,1996-06-14 09:00:00,TS,14.8,81.4,,, ,main,114,101.0,6.0,25.0,,0,0,regional_comparator,45.0,992.0,regional_comparator
1996163N08088,1996,UNNAMED,1996-06-14 12:00:00,TS,15.1,81.6,35.0,994.0,newdelhi,main,100,92.0,9.0,35.0,64.82000000000001,0,0,regional_comparator,45.0,992.0,regional_comparator
1996163N08088,1996,UNNAMED,1996-06-14 15:00:00,TS,15.5,81.9,,, ,main,92,70.0,11.0,40.0,,0,0,regional_comparator,45.0,992.0,regional_comparator
1996163N08088,1996,UNNAMED,1996-06-14 18:00:00,TS,15.9,82.3,35.0,994.0,newdelhi,main,70,49.0,10.0,40.0,64.82000000000001,0,0,regional_comparator,45.0,992.0,regional_comparator
1996163N08088,1996,UNNAMED,1996-06-14 21:00:00,TS,16.2,82.6,,, ,main,55,46.0,7.0,40.0,,0,0,regional_comparator,45.0,992.0,regional_comparator
1996163N08088,1996,UNNAMED,1996-06-15 00:00:00,TS,16.5,82.8,35.0,994.0,newdelhi,main,54,54.0,4.0,35.0,64.82000000000001,0,0,regional_comparator,45.0,992.0,regional_comparator
1996163N08088,1996,UNNAMED,1996-06-15 03:00:00,TS,16.6,82.8,35.0,994.0,newdelhi,main,48,48.0,5.0,50.0,64.82000000000001,0,0,regional_comparator,45.0,992.0,regional_comparator
1996163N08088,1996,UNNAMED,1996-06-15 06:00:00,TS,16.8,83.2,35.0,992.0,newdelhi,main,79,70.0,7.0,50.0,64.82000000000001,0,0,regional_comparator,45.0,992.0,regional_comparator
1996163N08088,1996,UNNAMED,1996-06-15 09:00:00,TS,17.0,83.4,,, ,main,70,64.0,5.0,50.0,,0,0,regional_comparator,45.0,992.0,regional_comparator
1996163N08088,1996,UNNAMED,1996-06-15 12:00:00,TS,17.1,83.6,45.0,992.0,newdelhi,main,70,61.0,3.0,45.0,83.34,0,0,regional_comparator,45.0,992.0,regional_comparator
1996163N08088,1996,UNNAMED,1996-06-15 15:00:00,TS,17.2,83.6,,, ,main,61,61.0,2.0,10.0,,0,0,regional_comparator,45.0,992.0,regional_comparator
1996163N08088,1996,UNNAMED,1996-06-15 18:00:00,TS,17.3,83.6,45.0,992.0,newdelhi,main,54,46.0,2.0,0.0,83.34,0,0,regional_comparator,45.0,992.0,regional_comparator
1996163N08088,1996,UNNAMED,1996-06-15 21:00:00,TS,17.4,83.6,,, ,main,46,30.0,3.0,0.0,,0,0,regional_comparator,45.0,992.0,regional_comparator
1996163N08088,1996,UNNAMED,1996-06-16 00:00:00,TS,17.6,83.6,45.0,992.0,newdelhi,main,30,15.0,4.0,360.0,83.34,0,0,regional_comparator,45.0,992.0,regional_comparator
1996163N08088,1996,UNNAMED,1996-06-16 03:00:00,TS,17.8,83.6,45.0,992.0,newdelhi,main,15,0.0,4.0,340.0,83.34,1,0,regional_comparator,45.0,992.0,regional_comparator
1996163N08088,1996,UNNAMED,1996-06-16 06:00:00,TS,17.9,83.5,,,newdelhi,main,0,0.0,4.0,320.0,,1,1,regional_comparator,45.0,992.0,regional_comparator
1996163N08088,1996,UNNAMED,1996-06-16 09:00:00,NR,18.1,83.3,,, ,main,0,0.0,4.0,305.0,,1,1,regional_comparator,45.0,992.0,regional_comparator
1996163N08088,1996,UNNAMED,1996-06-16 12:00:00,NR,18.2,83.1,,, ,main,0,0.0,4.0,290.0,,1,1,regional_comparator,45.0,992.0,regional_comparator
1996163N08088,1996,UNNAMED,1996-06-16 15:00:00,NR,18.3,82.9,,, ,main,0,0.0,4.0,285.0,,1,1,regional_comparator,45.0,992.0,regional_comparator
1996163N08088,1996,UNNAMED,1996-06-16 18:00:00,NR,18.3,82.7,,, ,main,0,0.0,4.0,280.0,,1,1,regional_comparator,45.0,992.0,regional_comparator
1996163N08088,1996,UNNAMED,1996-06-16 21:00:00,NR,18.3,82.5,,, ,main,0,0.0,5.0,280.0,,1,1,regional_comparator,45.0,992.0,regional_comparator
1996163N08088,1996,UNNAMED,1996-06-17 00:00:00,NR,18.4,82.2,,, ,main,0,0.0,6.0,280.0,,1,1,regional_comparator,45.0,992.0,regional_comparator
1996163N08088,1996,UNNAMED,1996-06-17 03:00:00,NR,18.4,81.9,,, ,main,0,0.0,6.0,280.0,,1,1,regional_comparator,45.0,992.0,regional_comparator
1996163N08088,1996,UNNAMED,1996-06-17 06:00:00,NR,18.5,81.6,,, ,main,0,0.0,5.0,290.0,,1,1,regional_comparator,45.0,992.0,regional_comparator
1996163N08088,1996,UNNAMED,1996-06-17 09:00:00,NR,18.6,81.4,,, ,main,0,0.0,5.0,310.0,,1,1,regional_comparator,45.0,992.0,regional_comparator
1996163N08088,1996,UNNAMED,1996-06-17 12:00:00,NR,18.8,81.2,,, ,main,0,0.0,5.0,325.0,,1,1,regional_comparator,45.0,992.0,regional_comparator
1996163N08088,1996,UNNAMED,1996-06-17 15:00:00,NR,19.0,81.1,,, ,main,0,0.0,5.0,340.0,,1,1,regional_comparator,45.0,992.0,regional_comparator
1996163N08088,1996,UNNAMED,1996-06-17 18:00:00,NR,19.3,81.0,,, ,main,0,0.0,5.0,345.0,,1,1,regional_comparator,45.0,992.0,regional_comparator
1996163N08088,1996,UNNAMED,1996-06-17 21:00:00,NR,19.5,80.9,,, ,main,0,0.0,5.0,350.0,,1,1,regional_comparator,45.0,992.0,regional_comparator
1996163N08088,1996,UNNAMED,1996-06-18 00:00:00,NR,19.8,80.9,,, ,main,0,0.0,5.0,350.0,,1,1,regional_comparator,45.0,992.0,regional_comparator
1996163N08088,1996,UNNAMED,1996-06-18 03:00:00,NR,20.1,80.8,,, ,main,0,0.0,6.0,350.0,,1,1,regional_comparator,45.0,992.0,regional_comparator
1996163N08088,1996,UNNAMED,1996-06-18 06:00:00,NR,20.4,80.8,,, ,main,0,0.0,8.0,355.0,,1,1,regional_comparator,45.0,992.0,regional_comparator
1996163N08088,1996,UNNAMED,1996-06-18 09:00:00,NR,20.8,80.7,,, ,main,0,0.0,9.0,355.0,,1,1,regional_comparator,45.0,992.0,regional_comparator
1996163N08088,1996,UNNAMED,1996-06-18 12:00:00,NR,21.3,80.7,,, ,main,0,0.0,9.0,355.0,,1,1,regional_comparator,45.0,992.0,regional_comparator
1996163N08088,1996,UNNAMED,1996-06-18 15:00:00,NR,21.7,80.7,,, ,main,0,0.0,8.0,0.0,,1,1,regional_comparator,45.0,992.0,regional_comparator
1996163N08088,1996,UNNAMED,1996-06-18 18:00:00,NR,22.1,80.7,,, ,main,0,,8.0,0.0,,0,1,regional_comparator,45.0,992.0,regional_comparator
1997263N14084,1997,UNNAMED,1997-09-19 18:00:00,NR,14.2,84.0,,, ,main,324,324.0,14.0,190.0,,0,0,regional_comparator,55.0,984.0,regional_comparator
1997263N14084,1997,UNNAMED,1997-09-19 21:00:00,NR,13.5,83.9,,, ,main,387,378.0,11.0,190.0,,0,0,regional_comparator,55.0,984.0,regional_comparator
1997263N14084,1997,UNNAMED,1997-09-20 00:00:00,NR,13.1,83.8,,, ,main,379,368.0,5.0,195.0,,0,0,regional_comparator,55.0,984.0,regional_comparator
1997263N14084,1997,UNNAMED,1997-09-20 03:00:00,NR,13.1,83.7,,, ,main,368,368.0,1.0,315.0,,0,0,regional_comparator,55.0,984.0,regional_comparator
1997263N14084,1997,UNNAMED,1997-09-20 06:00:00,NR,13.2,83.7,,, ,main,368,368.0,2.0,335.0,,0,0,regional_comparator,55.0,984.0,regional_comparator
1997263N14084,1997,UNNAMED,1997-09-20 09:00:00,NR,13.2,83.6,,, ,main,368,357.0,1.0,315.0,,0,0,regional_comparator,55.0,984.0,regional_comparator
1997263N14084,1997,UNNAMED,1997-09-20 12:00:00,NR,13.3,83.6,,, ,main,357,346.0,1.0,315.0,,0,0,regional_comparator,55.0,984.0,regional_comparator
1997263N14084,1997,UNNAMED,1997-09-20 15:00:00,NR,13.4,83.5,,, ,main,346,346.0,1.0,315.0,,0,0,regional_comparator,55.0,984.0,regional_comparator
1997263N14084,1997,UNNAMED,1997-09-20 18:00:00,NR,13.4,83.5,,, ,main,346,346.0,1.0,345.0,,0,0,regional_comparator,55.0,984.0,regional_comparator
1997263N14084,1997,UNNAMED,1997-09-20 21:00:00,NR,13.4,83.5,,, ,main,346,346.0,1.0,0.0,,0,0,regional_comparator,55.0,984.0,regional_comparator
1997263N14084,1997,UNNAMED,1997-09-21 00:00:00,NR,13.5,83.5,,, ,main,346,346.0,2.0,340.0,,0,0,regional_comparator,55.0,984.0,regional_comparator
1997263N14084,1997,UNNAMED,1997-09-21 03:00:00,NR,13.6,83.5,,, ,main,346,335.0,2.0,335.0,,0,0,regional_comparator,55.0,984.0,regional_comparator
1997263N14084,1997,UNNAMED,1997-09-21 06:00:00,NR,13.7,83.4,,, ,main,335,332.0,2.0,345.0,,0,0,regional_comparator,55.0,984.0,regional_comparator
1997263N14084,1997,UNNAMED,1997-09-21 09:00:00,NR,13.8,83.4,,, ,main,332,322.0,2.0,10.0,,0,0,regional_comparator,55.0,984.0,regional_comparator
1997263N14084,1997,UNNAMED,1997-09-21 12:00:00,NR,13.9,83.4,,, ,main,322,312.0,2.0,345.0,,0,0,regional_comparator,55.0,984.0,regional_comparator
1997263N14084,1997,UNNAMED,1997-09-21 15:00:00,NR,14.0,83.4,,, ,main,312,297.0,2.0,335.0,,0,0,regional_comparator,55.0,984.0,regional_comparator
1997263N14084,1997,UNNAMED,1997-09-21 18:00:00,NR,14.1,83.3,,, ,main,297,287.0,2.0,330.0,,0,0,regional_comparator,55.0,984.0,regional_comparator
1997263N14084,1997,UNNAMED,1997-09-21 21:00:00,NR,14.2,83.2,,, ,main,287,273.0,2.0,335.0,,0,0,regional_comparator,55.0,984.0,regional_comparator
1997263N14084,1997,UNNAMED,1997-09-22 00:00:00,NR,14.3,83.2,,, ,main,273,258.0,2.0,330.0,,0,0,regional_comparator,55.0,984.0,regional_comparator
1997263N14084,1997,UNNAMED,1997-09-22 03:00:00,NR,14.4,83.1,,, ,main,258,248.0,2.0,335.0,,0,0,regional_comparator,55.0,984.0,regional_comparator
1997263N14084,1997,UNNAMED,1997-09-22 06:00:00,NR,14.5,83.1,,, ,main,248,238.0,2.0,345.0,,0,0,regional_comparator,55.0,984.0,regional_comparator
1997263N14084,1997,UNNAMED,1997-09-22 09:00:00,NR,14.6,83.1,,, ,main,238,228.0,2.0,10.0,,0,0,regional_comparator,55.0,984.0,regional_comparator
1997263N14084,1997,UNNAMED,1997-09-22 12:00:00,NR,14.7,83.1,,, ,main,228,218.0,3.0,355.0,,0,0,regional_comparator,55.0,984.0,regional_comparator
1997263N14084,1997,UNNAMED,1997-09-22 15:00:00,NR,14.9,83.1,,, ,main,208,193.0,3.0,345.0,,0,0,regional_comparator,55.0,984.0,regional_comparator
1997263N14084,1997,UNNAMED,1997-09-22 18:00:00,NR,15.0,83.0,,, ,main,193,183.0,3.0,340.0,,0,0,regional_comparator,55.0,984.0,regional_comparator
1997263N14084,1997,UNNAMED,1997-09-22 21:00:00,NR,15.1,83.0,,, ,main,183,168.0,2.0,335.0,,0,0,regional_comparator,55.0,984.0,regional_comparator
1997263N14084,1997,UNNAMED,1997-09-23 00:00:00,NR,15.2,82.9,,, ,main,168,153.0,3.0,315.0,,0,0,regional_comparator,55.0,984.0,regional_comparator
1997263N14084,1997,UNNAMED,1997-09-23 03:00:00,TS,15.3,82.8,25.0,1000.0,newdelhi,main,153,124.0,4.0,320.0,46.300000000000004,0,0,regional_comparator,55.0,984.0,regional_comparator
1997263N14084,1997,UNNAMED,1997-09-23 06:00:00,TS,15.5,82.6,25.0,1000.0,newdelhi,main,124,109.0,4.0,325.0,46.300000000000004,0,0,regional_comparator,55.0,984.0,regional_comparator
1997263N14084,1997,UNNAMED,1997-09-23 09:00:00,TS,15.6,82.5,25.0,1000.0,newdelhi,main,109,99.0,2.0,315.0,46.300000000000004,0,0,regional_comparator,55.0,984.0,regional_comparator
1997263N14084,1997,UNNAMED,1997-09-23 12:00:00,TS,15.7,82.5,30.0,998.0,newdelhi,main,99,94.0,2.0,320.0,55.56,0,0,regional_comparator,55.0,984.0,regional_comparator
1997263N14084,1997,UNNAMED,1997-09-23 15:00:00,TS,15.7,82.4,,, ,main,94,84.0,2.0,350.0,,0,0,regional_comparator,55.0,984.0,regional_comparator
1997263N14084,1997,UNNAMED,1997-09-23 18:00:00,TS,15.9,82.4,30.0,998.0,newdelhi,main,74,55.0,3.0,360.0,55.56,0,0,regional_comparator,55.0,984.0,regional_comparator
1997263N14084,1997,UNNAMED,1997-09-23 21:00:00,TS,16.1,82.4,,, ,main,55,35.0,5.0,0.0,,0,0,regional_comparator,55.0,984.0,regional_comparator
1997263N14084,1997,UNNAMED,1997-09-24 00:00:00,TS,16.3,82.4,30.0,998.0,newdelhi,main,35,24.0,3.0,10.0,55.56,0,0,regional_comparator,55.0,984.0,regional_comparator
1997263N14084,1997,UNNAMED,1997-09-24 03:00:00,TS,16.4,82.4,30.0,998.0,newdelhi,main,24,24.0,2.0,25.0,55.56,0,0,regional_comparator,55.0,984.0,regional_comparator
1997263N14084,1997,UNNAMED,1997-09-24 06:00:00,TS,16.5,82.5,30.0,998.0,newdelhi,main,24,24.0,3.0,45.0,55.56,0,0,regional_comparator,55.0,984.0,regional_comparator
1997263N14084,1997,UNNAMED,1997-09-24 09:00:00,TS,16.6,82.6,35.0,996.0,newdelhi,main,30,30.0,4.0,45.0,64.82000000000001,0,0,regional_comparator,55.0,984.0,regional_comparator
1997263N14084,1997,UNNAMED,1997-09-24 12:00:00,TS,16.8,82.8,35.0,996.0,newdelhi,main,42,42.0,4.0,40.0,64.82000000000001,0,0,regional_comparator,55.0,984.0,regional_comparator
1997263N14084,1997,UNNAMED,1997-09-24 15:00:00,TS,16.9,82.9,,, ,main,53,53.0,3.0,60.0,,0,0,regional_comparator,55.0,984.0,regional_comparator
1997263N14084,1997,UNNAMED,1997-09-24 18:00:00,TS,17.0,83.1,35.0,996.0,newdelhi,main,54,49.0,5.0,60.0,64.82000000000001,0,0,regional_comparator,55.0,984.0,regional_comparator
1997263N14084,1997,UNNAMED,1997-09-24 21:00:00,TS,17.1,83.4,,, ,main,59,49.0,7.0,60.0,,0,0,regional_comparator,55.0,984.0,regional_comparator
1997263N14084,1997,UNNAMED,1997-09-25 00:00:00,TS,17.3,83.7,35.0,994.0,newdelhi,main,61,61.0,6.0,65.0,64.82000000000001,0,0,regional_comparator,55.0,984.0,regional_comparator
1997263N14084,1997,UNNAMED,1997-09-25 03:00:00,TS,17.4,83.9,35.0,994.0,newdelhi,main,69,69.0,6.0,55.0,64.82000000000001,0,0,regional_comparator,55.0,984.0,regional_comparator
1997263N14084,1997,UNNAMED,1997-09-25 06:00:00,TS,17.7,84.2,35.0,994.0,newdelhi,main,64,59.0,8.0,50.0,64.82000000000001,0,0,regional_comparator,55.0,984.0,regional_comparator
1997263N14084,1997,UNNAMED,1997-09-25 09:00:00,TS,17.9,84.6,35.0,994.0,newdelhi,main,69,69.0,8.0,60.0,64.82000000000001,0,0,regional_comparator,55.0,984.0,regional_comparator
1997263N14084,1997,UNNAMED,1997-09-25 12:00:00,TS,18.1,85.0,35.0,994.0,newdelhi,main,84,84.0,9.0,65.0,64.82000000000001,0,0,regional_comparator,55.0,984.0,regional_comparator
1997263N14084,1997,UNNAMED,1997-09-25 15:00:00,TS,18.3,85.4,,, ,main,101,95.0,10.0,55.0,,0,0,regional_comparator,55.0,984.0,regional_comparator
1997263N14084,1997,UNNAMED,1997-09-25 18:00:00,TS,18.7,85.9,35.0,994.0,newdelhi,main,113,105.0,13.0,55.0,64.82000000000001,0,0,regional_comparator,55.0,984.0,regional_comparator
1997263N14084,1997,UNNAMED,1997-09-25 21:00:00,TS,19.0,86.5,,, ,main,109,91.0,14.0,55.0,,0,0,regional_comparator,55.0,984.0,regional_comparator
1997263N14084,1997,UNNAMED,1997-09-26 00:00:00,TS,19.5,87.1,35.0,994.0,newdelhi,main,92,83.0,12.0,45.0,64.82000000000001,0,0,regional_comparator,55.0,984.0,regional_comparator
1997263N14084,1997,UNNAMED,1997-09-26 03:00:00,TS,19.8,87.4,35.0,994.0,newdelhi,main,92,85.0,13.0,55.0,64.82000000000001,0,0,regional_comparator,55.0,984.0,regional_comparator
1997263N14084,1997,UNNAMED,1997-09-26 06:00:00,TS,20.3,88.3,40.0,992.0,newdelhi,main,142,100.0,15.0,50.0,74.08,0,0,regional_comparator,55.0,984.0,regional_comparator
1997263N14084,1997,UNNAMED,1997-09-26 09:00:00,TS,20.7,88.6,45.0,990.0,newdelhi,main,101,49.0,15.0,50.0,83.34,0,0,regional_comparator,55.0,984.0,regional_comparator
1997263N14084,1997,UNNAMED,1997-09-26 12:00:00,TS,21.3,89.5,45.0,988.0,newdelhi,main,45,22.0,17.0,60.0,83.34,0,0,regional_comparator,55.0,984.0,regional_comparator
1997263N14084,1997,UNNAMED,1997-09-26 15:00:00,TS,21.6,90.2,,, ,main,22,15.0,13.0,60.0,,0,0,regional_comparator,55.0,984.0,regional_comparator
1997263N14084,1997,UNNAMED,1997-09-26 18:00:00,TS,21.9,90.7,55.0,984.0,newdelhi,main,15,10.0,11.0,45.0,101.86,0,0,regional_comparator,55.0,984.0,regional_comparator
1997263N14084,1997,UNNAMED,1997-09-26 21:00:00,TS,22.3,91.0,,, ,main,20,0.0,11.0,35.0,,1,0,regional_comparator,55.0,984.0,regional_comparator
1997263N14084,1997,UNNAMED,1997-09-27 00:00:00,TS,22.8,91.4,,,newdelhi,main,0,0.0,14.0,45.0,,1,1,regional_comparator,55.0,984.0,regional_comparator
1997263N14084,1997,UNNAMED,1997-09-27 03:00:00,TS,23.3,92.1,,,newdelhi,main,0,0.0,14.0,45.0,,1,1,regional_comparator,55.0,984.0,regional_comparator
1997263N14084,1997,UNNAMED,1997-09-27 06:00:00,TS,23.8,92.4,,,newdelhi,main,0,0.0,11.0,35.0,,1,1,regional_comparator,55.0,984.0,regional_comparator
1997263N14084,1997,UNNAMED,1997-09-27 09:00:00,TS,24.2,92.8,,, ,main,0,0.0,11.0,45.0,,1,1,regional_comparator,55.0,984.0,regional_comparator
1997263N14084,1997,UNNAMED,1997-09-27 12:00:00,TS,24.6,93.3,,,newdelhi,main,0,0.0,16.0,40.0,,1,1,regional_comparator,55.0,984.0,regional_comparator
1997263N14084,1997,UNNAMED,1997-09-27 15:00:00,NR,25.4,93.9,,, ,main,0,0.0,17.0,35.0,,1,1,regional_comparator,55.0,984.0,regional_comparator
1997263N14084,1997,UNNAMED,1997-09-27 18:00:00,NR,26.0,94.4,,, ,main,0,,15.0,35.0,,0,1,regional_comparator,55.0,984.0,regional_comparator
1998317N11087,1998,UNNAMED,1998-11-13 00:00:00,NR,11.4,87.3,,, ,main,728,728.0,4.0,40.0,,0,0,regional_comparator,77.0,982.0,regional_comparator
1998317N11087,1998,UNNAMED,1998-11-13 03:00:00,NR,11.5,87.4,,, ,main,743,743.0,4.0,35.0,,0,0,regional_comparator,77.0,982.0,regional_comparator
1998317N11087,1998,UNNAMED,1998-11-13 06:00:00,NR,11.7,87.5,,, ,main,763,763.0,4.0,10.0,,0,0,regional_comparator,77.0,982.0,regional_comparator
1998317N11087,1998,UNNAMED,1998-11-13 09:00:00,NR,11.9,87.5,,, ,main,768,730.0,6.0,350.0,,0,0,regional_comparator,77.0,982.0,regional_comparator
1998317N11087,1998,UNNAMED,1998-11-13 12:00:00,TS,12.3,87.4,25.0,1004.0,newdelhi,main,730,707.0,7.0,345.0,46.300000000000004,0,0,regional_comparator,77.0,982.0,regional_comparator
1998317N11087,1998,UNNAMED,1998-11-13 15:00:00,TS,12.5,87.3,,, ,main,707,684.0,5.0,330.0,,0,0,regional_comparator,77.0,982.0,regional_comparator
1998317N11087,1998,UNNAMED,1998-11-13 18:00:00,TS,12.7,87.2,,, ,main,684,653.0,5.0,320.0,,0,0,regional_comparator,77.0,982.0,regional_comparator
1998317N11087,1998,UNNAMED,1998-11-13 21:00:00,TS,12.9,87.0,,, ,main,653,607.0,7.0,320.0,,0,0,regional_comparator,77.0,982.0,regional_comparator
1998317N11087,1998,UNNAMED,1998-11-14 00:00:00,TS,13.2,86.7,,, ,main,607,553.0,10.0,320.0,,0,0,regional_comparator,77.0,982.0,regional_comparator
1998317N11087,1998,UNNAMED,1998-11-14 03:00:00,TS,13.7,86.3,30.0,1002.0,newdelhi,main,538,470.0,13.0,320.0,55.56,0,0,regional_comparator,77.0,982.0,regional_comparator
1998317N11087,1998,UNNAMED,1998-11-14 06:00:00,TS,14.2,85.9,30.0,1002.0,newdelhi,main,470,439.0,9.0,320.0,55.56,0,0,regional_comparator,77.0,982.0,regional_comparator
1998317N11087,1998,UNNAMED,1998-11-14 09:00:00,TS,14.4,85.7,35.0,998.0,newdelhi,main,439,379.0,8.0,315.0,64.82000000000001,0,0,regional_comparator,77.0,982.0,regional_comparator
1998317N11087,1998,UNNAMED,1998-11-14 12:00:00,TS,14.8,85.3,45.0,996.0,newdelhi,main,379,334.0,10.0,315.0,83.34,0,0,regional_comparator,77.0,982.0,regional_comparator
1998317N11087,1998,UNNAMED,1998-11-14 15:00:00,TS,15.1,85.0,,, ,main,334,304.0,7.0,315.0,,0,0,regional_comparator,77.0,982.0,regional_comparator
1998317N11087,1998,UNNAMED,1998-11-14 18:00:00,TS,15.3,84.8,55.0,992.0,newdelhi,main,304,265.0,6.0,310.0,101.86,0,0,regional_comparator,77.0,982.0,regional_comparator
1998317N11087,1998,UNNAMED,1998-11-14 21:00:00,TS,15.5,84.5,,, ,main,265,221.0,7.0,315.0,,0,0,regional_comparator,77.0,982.0,regional_comparator
1998317N11087,1998,UNNAMED,1998-11-15 00:00:00,TS,15.8,84.2,55.0,992.0,newdelhi,main,221,163.0,10.0,315.0,101.86,0,0,regional_comparator,77.0,982.0,regional_comparator
1998317N11087,1998,UNNAMED,1998-11-15 03:00:00,TS,16.2,83.8,65.0,988.0,newdelhi,main,163,108.0,12.0,320.0,120.38000000000001,0,0,regional_comparator,77.0,982.0,regional_comparator
1998317N11087,1998,UNNAMED,1998-11-15 06:00:00,TS,16.7,83.4,77.0,982.0,newdelhi,main,99,54.0,11.0,330.0,142.604,0,0,regional_comparator,77.0,982.0,regional_comparator
1998317N11087,1998,UNNAMED,1998-11-15 09:00:00,TS,17.1,83.2,65.0,982.0,newdelhi,main,49,0.0,11.0,330.0,120.38000000000001,1,0,regional_comparator,77.0,982.0,regional_comparator
1998317N11087,1998,UNNAMED,1998-11-15 12:00:00,TS,17.7,82.9,,,newdelhi,main,0,0.0,16.0,335.0,,1,1,regional_comparator,77.0,982.0,regional_comparator
1998317N11087,1998,UNNAMED,1998-11-15 15:00:00,TS,18.5,82.5,,, ,main,0,0.0,20.0,340.0,,1,1,regional_comparator,77.0,982.0,regional_comparator
1998317N11087,1998,UNNAMED,1998-11-15 18:00:00,TS,19.5,82.2,,,newdelhi,main,0,0.0,17.0,345.0,,1,1,regional_comparator,77.0,982.0,regional_comparator
1998317N11087,1998,UNNAMED,1998-11-15 21:00:00,TS,20.1,82.0,,, ,main,0,0.0,10.0,350.0,,1,1,regional_comparator,77.0,982.0,regional_comparator
1998317N11087,1998,UNNAMED,1998-11-16 00:00:00,TS,20.6,82.0,,,newdelhi,main,0,0.0,4.0,355.0,,1,1,regional_comparator,77.0,982.0,regional_comparator
1998317N11087,1998,UNNAMED,1998-11-16 03:00:00,TS,20.5,82.0,,,newdelhi,main,0,0.0,10.0,65.0,,1,1,regional_comparator,77.0,982.0,regional_comparator
1998317N11087,1998,UNNAMED,1998-11-16 06:00:00,TS,21.0,83.0,,,newdelhi,main,0,,21.0,60.0,,0,1,regional_comparator,77.0,982.0,regional_comparator
1998320N10102,1998,UNNAMED,1998-11-16 00:00:00,NR,10.1,102.3,,, ,main,125,125.0,11.0,275.0,,0,0,regional_comparator,65.0,984.0,regional_comparator
1998320N10102,1998,UNNAMED,1998-11-16 03:00:00,NR,10.2,101.8,,, ,main,162,162.0,10.0,275.0,,0,0,regional_comparator,65.0,984.0,regional_comparator
1998320N10102,1998,UNNAMED,1998-11-16 06:00:00,NR,10.2,101.3,,, ,main,199,164.0,8.0,275.0,,0,0,regional_comparator,65.0,984.0,regional_comparator
1998320N10102,1998,UNNAMED,1998-11-16 09:00:00,NR,10.2,100.9,,, ,main,164,142.0,7.0,270.0,,0,0,regional_comparator,65.0,984.0,regional_comparator
1998320N10102,1998,UNNAMED,1998-11-16 12:00:00,NR,10.2,100.6,,, ,main,142,109.0,7.0,275.0,,0,0,regional_comparator,65.0,984.0,regional_comparator
1998320N10102,1998,UNNAMED,1998-11-16 15:00:00,NR,10.2,100.3,,, ,main,109,66.0,7.0,280.0,,0,0,regional_comparator,65.0,984.0,regional_comparator
1998320N10102,1998,UNNAMED,1998-11-16 18:00:00,NR,10.3,99.9,,, ,main,66,24.0,8.0,275.0,,0,0,regional_comparator,65.0,984.0,regional_comparator
1998320N10102,1998,UNNAMED,1998-11-16 21:00:00,NR,10.3,99.5,,, ,main,24,0.0,9.0,270.0,,1,0,regional_comparator,65.0,984.0,regional_comparator
1998320N10102,1998,UNNAMED,1998-11-17 00:00:00,NR,10.3,99.0,,, ,main,0,0.0,10.0,275.0,,1,1,regional_comparator,65.0,984.0,regional_comparator
1998320N10102,1998,UNNAMED,1998-11-17 03:00:00,NR,10.4,98.5,,, ,main,0,0.0,10.0,275.0,,1,1,regional_comparator,65.0,984.0,regional_comparator
1998320N10102,1998,UNNAMED,1998-11-17 06:00:00,NR,10.4,98.0,,, ,main,54,54.0,9.0,275.0,,0,0,regional_comparator,65.0,984.0,regional_comparator
1998320N10102,1998,UNNAMED,1998-11-17 09:00:00,NR,10.4,97.6,,, ,main,98,98.0,8.0,270.0,,0,0,regional_comparator,65.0,984.0,regional_comparator
1998320N10102,1998,UNNAMED,1998-11-17 12:00:00,NR,10.4,97.2,,, ,main,142,142.0,8.0,270.0,,0,0,regional_comparator,65.0,984.0,regional_comparator
1998320N10102,1998,UNNAMED,1998-11-17 15:00:00,NR,10.4,96.8,,, ,main,186,186.0,8.0,270.0,,0,0,regional_comparator,65.0,984.0,regional_comparator
1998320N10102,1998,UNNAMED,1998-11-17 18:00:00,NR,10.4,96.4,,, ,main,229,229.0,8.0,270.0,,0,0,regional_comparator,65.0,984.0,regional_comparator
1998320N10102,1998,UNNAMED,1998-11-17 21:00:00,NR,10.4,95.9,,, ,main,284,284.0,9.0,270.0,,0,0,regional_comparator,65.0,984.0,regional_comparator
1998320N10102,1998,UNNAMED,1998-11-18 00:00:00,NR,10.4,95.5,,, ,main,328,328.0,9.0,275.0,,0,0,regional_comparator,65.0,984.0,regional_comparator
1998320N10102,1998,UNNAMED,1998-11-18 03:00:00,NR,10.4,95.1,,, ,main,372,372.0,8.0,275.0,,0,0,regional_comparator,65.0,984.0,regional_comparator
1998320N10102,1998,UNNAMED,1998-11-18 06:00:00,NR,10.5,94.7,,, ,main,415,415.0,7.0,275.0,,0,0,regional_comparator,65.0,984.0,regional_comparator
1998320N10102,1998,UNNAMED,1998-11-18 09:00:00,NR,10.5,94.4,,, ,main,448,448.0,6.0,280.0,,0,0,regional_comparator,65.0,984.0,regional_comparator
1998320N10102,1998,UNNAMED,1998-11-18 12:00:00,NR,10.6,94.1,,, ,main,481,481.0,7.0,290.0,,0,0,regional_comparator,65.0,984.0,regional_comparator
1998320N10102,1998,UNNAMED,1998-11-18 15:00:00,NR,10.8,93.7,,, ,main,525,525.0,8.0,300.0,,0,0,regional_comparator,65.0,984.0,regional_comparator
1998320N10102,1998,UNNAMED,1998-11-18 18:00:00,NR,11.0,93.4,,, ,main,548,531.0,7.0,305.0,,0,0,regional_comparator,65.0,984.0,regional_comparator
1998320N10102,1998,UNNAMED,1998-11-18 21:00:00,NR,11.2,93.1,,, ,main,533,518.0,6.0,310.0,,0,0,regional_comparator,65.0,984.0,regional_comparator
1998320N10102,1998,UNNAMED,1998-11-19 00:00:00,NR,11.4,92.9,,, ,main,518,498.0,8.0,310.0,,0,0,regional_comparator,65.0,984.0,regional_comparator
1998320N10102,1998,UNNAMED,1998-11-19 03:00:00,TS,11.7,92.6,25.0,1002.0,newdelhi,main,498,487.0,8.0,310.0,46.300000000000004,0,0,regional_comparator,65.0,984.0,regional_comparator
1998320N10102,1998,UNNAMED,1998-11-19 06:00:00,TS,11.9,92.3,25.0,1002.0,newdelhi,main,492,479.0,8.0,305.0,46.300000000000004,0,0,regional_comparator,65.0,984.0,regional_comparator
1998320N10102,1998,UNNAMED,1998-11-19 09:00:00,TS,12.2,91.9,,, ,main,485,481.0,10.0,305.0,,0,0,regional_comparator,65.0,984.0,regional_comparator
1998320N10102,1998,UNNAMED,1998-11-19 12:00:00,TS,12.5,91.4,30.0,1000.0,newdelhi,main,491,489.0,9.0,300.0,55.56,0,0,regional_comparator,65.0,984.0,regional_comparator
1998320N10102,1998,UNNAMED,1998-11-19 15:00:00,TS,12.7,91.1,30.0,1000.0,newdelhi,main,497,497.0,9.0,295.0,55.56,0,0,regional_comparator,65.0,984.0,regional_comparator
1998320N10102,1998,UNNAMED,1998-11-19 18:00:00,TS,12.9,90.6,30.0,1002.0,newdelhi,main,520,520.0,15.0,300.0,55.56,0,0,regional_comparator,65.0,984.0,regional_comparator
1998320N10102,1998,UNNAMED,1998-11-19 21:00:00,TS,13.4,89.8,,, ,main,555,555.0,19.0,305.0,,0,0,regional_comparator,65.0,984.0,regional_comparator
1998320N10102,1998,UNNAMED,1998-11-20 00:00:00,TS,14.0,89.0,30.0,1002.0,newdelhi,main,601,601.0,17.0,310.0,55.56,0,0,regional_comparator,65.0,984.0,regional_comparator
1998320N10102,1998,UNNAMED,1998-11-20 03:00:00,TS,14.5,88.5,35.0,1000.0,newdelhi,main,633,571.0,13.0,315.0,64.82000000000001,0,0,regional_comparator,65.0,984.0,regional_comparator
1998320N10102,1998,UNNAMED,1998-11-20 06:00:00,TS,15.0,88.1,35.0,998.0,newdelhi,main,563,524.0,11.0,330.0,64.82000000000001,0,0,regional_comparator,65.0,984.0,regional_comparator
1998320N10102,1998,UNNAMED,1998-11-20 09:00:00,TS,15.4,88.0,35.0,996.0,newdelhi,main,524,508.0,7.0,350.0,64.82000000000001,0,0,regional_comparator,65.0,984.0,regional_comparator
1998320N10102,1998,UNNAMED,1998-11-20 12:00:00,TS,15.6,88.0,45.0,996.0,newdelhi,main,508,485.0,5.0,355.0,83.34,0,0,regional_comparator,65.0,984.0,regional_comparator
1998320N10102,1998,UNNAMED,1998-11-20 15:00:00,TS,15.9,87.9,,, ,main,477,462.0,6.0,355.0,,0,0,regional_comparator,65.0,984.0,regional_comparator
1998320N10102,1998,UNNAMED,1998-11-20 18:00:00,TS,16.2,87.9,45.0,996.0,newdelhi,main,453,424.0,5.0,340.0,83.34,0,0,regional_comparator,65.0,984.0,regional_comparator
1998320N10102,1998,UNNAMED,1998-11-20 21:00:00,TS,16.4,87.7,,, ,main,424,400.0,6.0,325.0,,0,0,regional_comparator,65.0,984.0,regional_comparator
1998320N10102,1998,UNNAMED,1998-11-21 00:00:00,TS,16.7,87.6,45.0,996.0,newdelhi,main,390,341.0,8.0,340.0,83.34,0,0,regional_comparator,65.0,984.0,regional_comparator
1998320N10102,1998,UNNAMED,1998-11-21 03:00:00,TS,17.1,87.4,55.0,992.0,newdelhi,main,341,288.0,10.0,350.0,101.86,0,0,regional_comparator,65.0,984.0,regional_comparator
1998320N10102,1998,UNNAMED,1998-11-21 06:00:00,TS,17.6,87.4,55.0,992.0,newdelhi,main,288,232.0,10.0,355.0,101.86,0,0,regional_comparator,65.0,984.0,regional_comparator
1998320N10102,1998,UNNAMED,1998-11-21 09:00:00,TS,18.1,87.3,55.0,992.0,newdelhi,main,232,164.0,13.0,0.0,101.86,0,0,regional_comparator,65.0,984.0,regional_comparator
1998320N10102,1998,UNNAMED,1998-11-21 12:00:00,TS,18.9,87.4,65.0,984.0,newdelhi,main,161,137.0,11.0,5.0,120.38000000000001,0,0,regional_comparator,65.0,984.0,regional_comparator
1998320N10102,1998,UNNAMED,1998-11-21 15:00:00,TS,19.2,87.4,,, ,main,137,124.0,6.0,15.0,,0,0,regional_comparator,65.0,984.0,regional_comparator
1998320N10102,1998,UNNAMED,1998-11-21 18:00:00,TS,19.5,87.5,65.0,984.0,newdelhi,main,122,114.0,5.0,25.0,120.38000000000001,0,0,regional_comparator,65.0,984.0,regional_comparator
1998320N10102,1998,UNNAMED,1998-11-21 21:00:00,TS,19.7,87.6,,, ,main,115,107.0,7.0,25.0,,0,0,regional_comparator,65.0,984.0,regional_comparator
1998320N10102,1998,UNNAMED,1998-11-22 00:00:00,TS,20.1,87.9,65.0,984.0,newdelhi,main,115,100.0,11.0,25.0,120.38000000000001,0,0,regional_comparator,65.0,984.0,regional_comparator
1998320N10102,1998,UNNAMED,1998-11-22 03:00:00,TS,20.7,88.2,60.0,990.0,newdelhi,main,100,55.0,12.0,30.0,111.12,0,0,regional_comparator,65.0,984.0,regional_comparator
1998320N10102,1998,UNNAMED,1998-11-22 06:00:00,TS,21.1,88.6,55.0,998.0,newdelhi,main,45,11.0,11.0,45.0,101.86,0,0,regional_comparator,65.0,984.0,regional_comparator
1998320N10102,1998,UNNAMED,1998-11-22 09:00:00,TS,21.5,89.0,,, ,main,11,0.0,11.0,50.0,,1,0,regional_comparator,65.0,984.0,regional_comparator
1998320N10102,1998,UNNAMED,1998-11-22 12:00:00,TS,21.9,89.5,,,newdelhi,main,0,0.0,10.0,55.0,,1,1,regional_comparator,65.0,984.0,regional_comparator
1998320N10102,1998,UNNAMED,1998-11-22 15:00:00,TS,22.1,89.9,,, ,main,0,0.0,9.0,50.0,,1,1,regional_comparator,65.0,984.0,regional_comparator
1998320N10102,1998,UNNAMED,1998-11-22 18:00:00,TS,22.4,90.3,,, ,main,0,0.0,8.0,50.0,,1,1,regional_comparator,65.0,984.0,regional_comparator
1998320N10102,1998,UNNAMED,1998-11-22 21:00:00,TS,22.7,90.5,,, ,main,0,0.0,6.0,40.0,,1,1,regional_comparator,65.0,984.0,regional_comparator
1998320N10102,1998,UNNAMED,1998-11-23 00:00:00,TS,22.9,90.7,,, ,main,0,0.0,3.0,355.0,,1,1,regional_comparator,65.0,984.0,regional_comparator
1998320N10102,1998,UNNAMED,1998-11-23 03:00:00,TS,23.0,90.5,,,newdelhi,main,0,,5.0,300.0,,0,1,regional_comparator,65.0,984.0,regional_comparator
1999288N15093,1999,UNNAMED,1999-10-15 00:00:00,NR,14.5,92.7,,, ,main,232,232.0,10.0,265.0,,0,0,direct_odisha,90.0,968.0,direct_odisha
1999288N15093,1999,UNNAMED,1999-10-15 03:00:00,TS,14.4,92.2,20.0,1004.0,newdelhi,main,279,279.0,12.0,280.0,37.04,0,0,direct_odisha,90.0,968.0,direct_odisha
1999288N15093,1999,UNNAMED,1999-10-15 06:00:00,TS,14.7,91.4,20.0,1002.0,newdelhi,main,333,328.0,15.0,290.0,37.04,0,0,direct_odisha,90.0,968.0,direct_odisha
1999288N15093,1999,UNNAMED,1999-10-15 09:00:00,TS,15.0,90.7,,, ,main,391,391.0,14.0,290.0,,0,0,direct_odisha,90.0,968.0,direct_odisha
1999288N15093,1999,UNNAMED,1999-10-15 12:00:00,TS,15.2,90.1,20.0,1002.0,newdelhi,main,448,448.0,10.0,290.0,37.04,0,0,direct_odisha,90.0,968.0,direct_odisha
1999288N15093,1999,UNNAMED,1999-10-15 15:00:00,TS,15.4,89.7,,, ,main,486,486.0,7.0,295.0,,0,0,direct_odisha,90.0,968.0,direct_odisha
1999288N15093,1999,UNNAMED,1999-10-15 18:00:00,TS,15.5,89.4,20.0,1002.0,newdelhi,main,516,516.0,9.0,290.0,37.04,0,0,direct_odisha,90.0,968.0,direct_odisha
1999288N15093,1999,UNNAMED,1999-10-15 21:00:00,TS,15.6,88.9,25.0,1000.0,newdelhi,main,549,515.0,10.0,290.0,46.300000000000004,0,0,direct_odisha,90.0,968.0,direct_odisha
1999288N15093,1999,UNNAMED,1999-10-16 00:00:00,TS,15.9,88.4,30.0,1000.0,newdelhi,main,505,465.0,9.0,310.0,55.56,0,0,direct_odisha,90.0,968.0,direct_odisha
1999288N15093,1999,UNNAMED,1999-10-16 03:00:00,TS,16.2,88.2,35.0,998.0,newdelhi,main,465,414.0,10.0,315.0,64.82000000000001,0,0,direct_odisha,90.0,968.0,direct_odisha
1999288N15093,1999,UNNAMED,1999-10-16 06:00:00,TS,16.6,87.7,35.0,998.0,newdelhi,main,404,347.0,12.0,310.0,64.82000000000001,0,0,direct_odisha,90.0,968.0,direct_odisha
1999288N15093,1999,UNNAMED,1999-10-16 09:00:00,TS,16.9,87.2,45.0,996.0,newdelhi,main,347,261.0,14.0,305.0,83.34,0,0,direct_odisha,90.0,968.0,direct_odisha
1999288N15093,1999,UNNAMED,1999-10-16 12:00:00,TS,17.3,86.5,45.0,994.0,newdelhi,main,261,215.0,12.0,295.0,83.34,0,0,direct_odisha,90.0,968.0,direct_odisha
1999288N15093,1999,UNNAMED,1999-10-16 15:00:00,TS,17.5,86.1,55.0,992.0,newdelhi,main,215,199.0,6.0,295.0,101.86,0,0,direct_odisha,90.0,968.0,direct_odisha
1999288N15093,1999,UNNAMED,1999-10-16 18:00:00,TS,17.6,85.9,55.0,992.0,newdelhi,main,192,184.0,3.0,305.0,101.86,0,0,direct_odisha,90.0,968.0,direct_odisha
1999288N15093,1999,UNNAMED,1999-10-16 21:00:00,TS,17.7,85.8,55.0,992.0,newdelhi,main,176,169.0,3.0,300.0,101.86,0,0,direct_odisha,90.0,968.0,direct_odisha
1999288N15093,1999,UNNAMED,1999-10-17 00:00:00,TS,17.7,85.7,65.0,988.0,newdelhi,main,169,123.0,5.0,300.0,120.38000000000001,0,0,direct_odisha,90.0,968.0,direct_odisha
1999288N15093,1999,UNNAMED,1999-10-17 03:00:00,TS,17.9,85.3,80.0,978.0,newdelhi,main,123,92.0,7.0,295.0,148.16,0,0,direct_odisha,90.0,968.0,direct_odisha
1999288N15093,1999,UNNAMED,1999-10-17 06:00:00,TS,18.0,85.0,80.0,978.0,newdelhi,main,92,61.0,6.0,320.0,148.16,0,0,direct_odisha,90.0,968.0,direct_odisha
1999288N15093,1999,UNNAMED,1999-10-17 09:00:00,TS,18.4,84.9,80.0,978.0,newdelhi,main,53,33.0,8.0,355.0,148.16,0,0,direct_odisha,90.0,968.0,direct_odisha
1999288N15093,1999,UNNAMED,1999-10-17 12:00:00,TS,18.8,84.9,80.0,978.0,newdelhi,main,30,15.0,6.0,355.0,148.16,0,0,direct_odisha,90.0,968.0,direct_odisha
1999288N15093,1999,UNNAMED,1999-10-17 15:00:00,TS,18.9,84.8,80.0,978.0,newdelhi,main,15,10.0,5.0,0.0,148.16,0,0,direct_odisha,90.0,968.0,direct_odisha
1999288N15093,1999,UNNAMED,1999-10-17 18:00:00,TS,19.2,84.9,90.0,968.0,newdelhi,main,10,0.0,5.0,0.0,166.68,1,0,direct_odisha,90.0,968.0,direct_odisha
1999288N15093,1999,UNNAMED,1999-10-17 21:00:00,TS,19.4,84.8,,, ,main,0,0.0,6.0,355.0,,1,1,direct_odisha,90.0,968.0,direct_odisha
1999288N15093,1999,UNNAMED,1999-10-18 00:00:00,TS,19.8,84.8,,,newdelhi,main,0,0.0,11.0,355.0,,1,1,direct_odisha,90.0,968.0,direct_odisha
1999288N15093,1999,UNNAMED,1999-10-18 03:00:00,TS,20.5,84.8,,,newdelhi,main,0,0.0,10.0,0.0,,1,1,direct_odisha,90.0,968.0,direct_odisha
1999288N15093,1999,UNNAMED,1999-10-18 06:00:00,TS,20.8,84.8,,,newdelhi,main,0,0.0,4.0,15.0,,1,1,direct_odisha,90.0,968.0,direct_odisha
1999288N15093,1999,UNNAMED,1999-10-18 09:00:00,TS,20.9,84.9,,,newdelhi,main,0,0.0,16.0,55.0,,1,1,direct_odisha,90.0,968.0,direct_odisha
1999288N15093,1999,UNNAMED,1999-10-18 12:00:00,TS,21.7,86.1,,,newdelhi,main,0,0.0,15.0,85.0,,1,1,direct_odisha,90.0,968.0,direct_odisha
1999288N15093,1999,UNNAMED,1999-10-18 15:00:00,TS,21.0,86.5,,,newdelhi,main,0,0.0,9.0,20.0,,1,1,direct_odisha,90.0,968.0,direct_odisha
1999288N15093,1999,UNNAMED,1999-10-18 18:00:00,TS,22.5,86.5,,,newdelhi,main,0,0.0,20.0,0.0,,1,1,direct_odisha,90.0,968.0,direct_odisha
1999288N15093,1999,UNNAMED,1999-10-18 21:00:00,TS,23.0,86.5,,,newdelhi,main,0,0.0,5.0,0.0,,1,1,direct_odisha,90.0,968.0,direct_odisha
1999288N15093,1999,UNNAMED,1999-10-19 00:00:00,TS,23.0,86.5,,,newdelhi,main,0,0.0,5.0,0.0,,1,1,direct_odisha,90.0,968.0,direct_odisha
1999288N15093,1999,UNNAMED,1999-10-19 03:00:00,TS,23.5,86.5,,,newdelhi,main,0,,10.0,0.0,,0,1,direct_odisha,90.0,968.0,direct_odisha
1999298N12099,1999,UNNAMED,1999-10-25 00:00:00,NR,11.5,99.2,,, ,main,0,0.0,14.0,290.0,,1,1,direct_odisha,140.0,912.0,direct_odisha
1999298N12099,1999,UNNAMED,1999-10-25 03:00:00,NR,11.7,98.5,,, ,main,15,10.0,12.0,295.0,,0,0,direct_odisha,140.0,912.0,direct_odisha
1999298N12099,1999,UNNAMED,1999-10-25 06:00:00,TS,12.0,98.1,25.0,1004.0,newdelhi,main,44,44.0,10.0,310.0,46.300000000000004,0,0,direct_odisha,140.0,912.0,direct_odisha
1999298N12099,1999,UNNAMED,1999-10-25 09:00:00,TS,12.4,97.7,25.0,1004.0,newdelhi,main,97,97.0,9.0,315.0,46.300000000000004,0,0,direct_odisha,140.0,912.0,direct_odisha
1999298N12099,1999,UNNAMED,1999-10-25 12:00:00,TS,12.6,97.4,25.0,1002.0,newdelhi,main,130,130.0,5.0,305.0,46.300000000000004,0,0,direct_odisha,140.0,912.0,direct_odisha
1999298N12099,1999,UNNAMED,1999-10-25 15:00:00,TS,12.7,97.3,,, ,main,132,132.0,3.0,320.0,,0,0,direct_odisha,140.0,912.0,direct_odisha
1999298N12099,1999,UNNAMED,1999-10-25 18:00:00,TS,12.9,97.2,25.0,1002.0,newdelhi,main,125,125.0,9.0,315.0,46.300000000000004,0,0,direct_odisha,140.0,912.0,direct_odisha
1999298N12099,1999,UNNAMED,1999-10-25 21:00:00,TS,13.3,96.7,,, ,main,155,155.0,14.0,305.0,,0,0,direct_odisha,140.0,912.0,direct_odisha
1999298N12099,1999,UNNAMED,1999-10-26 00:00:00,TS,13.7,96.0,30.0,1002.0,newdelhi,main,224,212.0,14.0,290.0,55.56,0,0,direct_odisha,140.0,912.0,direct_odisha
1999298N12099,1999,UNNAMED,1999-10-26 03:00:00,TS,13.8,95.4,35.0,1002.0,newdelhi,main,212,201.0,11.0,285.0,64.82000000000001,0,0,direct_odisha,140.0,912.0,direct_odisha
1999298N12099,1999,UNNAMED,1999-10-26 06:00:00,TS,13.9,95.0,35.0,1002.0,newdelhi,main,201,165.0,10.0,300.0,64.82000000000001,0,0,direct_odisha,140.0,912.0,direct_odisha
1999298N12099,1999,UNNAMED,1999-10-26 09:00:00,TS,14.3,94.5,35.0,1002.0,newdelhi,main,165,127.0,13.0,310.0,64.82000000000001,0,0,direct_odisha,140.0,912.0,direct_odisha
1999298N12099,1999,UNNAMED,1999-10-26 12:00:00,TS,14.8,94.0,45.0,998.0,newdelhi,main,119,116.0,13.0,310.0,83.34,0,0,direct_odisha,140.0,912.0,direct_odisha
1999298N12099,1999,UNNAMED,1999-10-26 15:00:00,TS,15.2,93.5,45.0,998.0,newdelhi,main,116,116.0,8.0,310.0,83.34,0,0,direct_odisha,140.0,912.0,direct_odisha
1999298N12099,1999,UNNAMED,1999-10-26 18:00:00,TS,15.3,93.3,45.0,998.0,newdelhi,main,124,124.0,7.0,290.0,83.34,0,0,direct_odisha,140.0,912.0,direct_odisha
1999298N12099,1999,UNNAMED,1999-10-26 21:00:00,TS,15.4,92.8,45.0,998.0,newdelhi,main,164,156.0,8.0,305.0,83.34,0,0,direct_odisha,140.0,912.0,direct_odisha
1999298N12099,1999,UNNAMED,1999-10-27 00:00:00,TS,15.8,92.7,45.0,998.0,newdelhi,main,162,162.0,11.0,310.0,83.34,0,0,direct_odisha,140.0,912.0,direct_odisha
1999298N12099,1999,UNNAMED,1999-10-27 03:00:00,TS,16.1,91.9,55.0,992.0,newdelhi,main,246,246.0,13.0,300.0,101.86,0,0,direct_odisha,140.0,912.0,direct_odisha
1999298N12099,1999,UNNAMED,1999-10-27 06:00:00,TS,16.5,91.5,55.0,992.0,newdelhi,main,293,293.0,9.0,300.0,101.86,0,0,direct_odisha,140.0,912.0,direct_odisha
1999298N12099,1999,UNNAMED,1999-10-27 09:00:00,TS,16.5,91.1,55.0,992.0,newdelhi,main,335,335.0,9.0,300.0,101.86,0,0,direct_odisha,140.0,912.0,direct_odisha
1999298N12099,1999,UNNAMED,1999-10-27 12:00:00,TS,16.9,90.7,55.0,992.0,newdelhi,main,386,386.0,7.0,305.0,101.86,0,0,direct_odisha,140.0,912.0,direct_odisha
1999298N12099,1999,UNNAMED,1999-10-27 15:00:00,TS,16.9,90.5,65.0,986.0,newdelhi,main,407,405.0,4.0,295.0,120.38000000000001,0,0,direct_odisha,140.0,912.0,direct_odisha
1999298N12099,1999,UNNAMED,1999-10-27 18:00:00,TS,17.0,90.4,65.0,986.0,newdelhi,main,414,414.0,7.0,290.0,120.38000000000001,0,0,direct_odisha,140.0,912.0,direct_odisha
1999298N12099,1999,UNNAMED,1999-10-27 21:00:00,TS,17.1,89.8,65.0,986.0,newdelhi,main,463,437.0,9.0,305.0,120.38000000000001,0,0,direct_odisha,140.0,912.0,direct_odisha
1999298N12099,1999,UNNAMED,1999-10-28 00:00:00,TS,17.6,89.6,65.0,986.0,newdelhi,main,429,352.0,12.0,310.0,120.38000000000001,0,0,direct_odisha,140.0,912.0,direct_odisha
1999298N12099,1999,UNNAMED,1999-10-28 03:00:00,TS,17.9,88.8,77.0,978.0,newdelhi,main,344,307.0,12.0,295.0,142.604,0,0,direct_odisha,140.0,912.0,direct_odisha
1999298N12099,1999,UNNAMED,1999-10-28 06:00:00,TS,18.1,88.4,90.0,968.0,newdelhi,main,298,245.0,9.0,300.0,166.68,0,0,direct_odisha,140.0,912.0,direct_odisha
1999298N12099,1999,UNNAMED,1999-10-28 09:00:00,TS,18.4,88.0,102.0,956.0,newdelhi,main,245,230.0,7.0,315.0,188.904,0,0,direct_odisha,140.0,912.0,direct_odisha
1999298N12099,1999,UNNAMED,1999-10-28 12:00:00,TS,18.6,87.9,115.0,940.0,newdelhi,main,222,168.0,7.0,315.0,212.98000000000002,0,0,direct_odisha,140.0,912.0,direct_odisha
1999298N12099,1999,UNNAMED,1999-10-28 15:00:00,TS,18.9,87.5,127.0,928.0,newdelhi,main,168,115.0,10.0,310.0,235.204,0,0,direct_odisha,140.0,912.0,direct_odisha
1999298N12099,1999,UNNAMED,1999-10-28 18:00:00,TS,19.2,87.1,140.0,912.0,newdelhi,main,115,107.0,6.0,315.0,259.28000000000003,0,0,direct_odisha,140.0,912.0,direct_odisha
1999298N12099,1999,UNNAMED,1999-10-28 21:00:00,TS,19.3,87.1,140.0,912.0,newdelhi,main,107,68.0,5.0,330.0,259.28000000000003,0,0,direct_odisha,140.0,912.0,direct_odisha
1999298N12099,1999,UNNAMED,1999-10-29 00:00:00,TS,19.6,86.9,140.0,912.0,newdelhi,main,68,30.0,7.0,320.0,259.28000000000003,0,0,direct_odisha,140.0,912.0,direct_odisha
1999298N12099,1999,UNNAMED,1999-10-29 03:00:00,TS,19.9,86.6,140.0,912.0,newdelhi,main,23,0.0,9.0,315.0,259.28000000000003,1,0,direct_odisha,140.0,912.0,direct_odisha
1999298N12099,1999,UNNAMED,1999-10-29 06:00:00,TS,20.2,86.2,140.0,912.0,newdelhi,main,0,0.0,8.0,315.0,259.28000000000003,1,1,direct_odisha,140.0,912.0,direct_odisha
1999298N12099,1999,UNNAMED,1999-10-29 09:00:00,TS,20.4,86.0,,, ,main,0,0.0,2.0,325.0,,1,1,direct_odisha,140.0,912.0,direct_odisha
1999298N12099,1999,UNNAMED,1999-10-29 12:00:00,TS,20.4,86.0,,,newdelhi,main,0,0.0,1.0,5.0,,1,1,direct_odisha,140.0,912.0,direct_odisha
1999298N12099,1999,UNNAMED,1999-10-29 15:00:00,TS,20.5,86.0,,, ,main,0,0.0,1.0,0.0,,1,1,direct_odisha,140.0,912.0,direct_odisha
1999298N12099,1999,UNNAMED,1999-10-29 18:00:00,TS,20.6,86.0,,,newdelhi,main,0,0.0,0.0,0.0,,1,1,direct_odisha,140.0,912.0,direct_odisha
1999298N12099,1999,UNNAMED,1999-10-29 21:00:00,TS,20.6,86.0,,, ,main,0,0.0,0.0,270.0,,1,1,direct_odisha,140.0,912.0,direct_odisha
1999298N12099,1999,UNNAMED,1999-10-30 00:00:00,TS,20.6,86.0,,,newdelhi,main,0,0.0,1.0,245.0,,1,1,direct_odisha,140.0,912.0,direct_odisha
1999298N12099,1999,UNNAMED,1999-10-30 03:00:00,TS,20.5,85.9,,,newdelhi,main,0,0.0,1.0,225.0,,1,1,direct_odisha,140.0,912.0,direct_odisha
1999298N12099,1999,UNNAMED,1999-10-30 06:00:00,TS,20.5,85.9,,,newdelhi,main,0,0.0,1.0,0.0,,1,1,direct_odisha,140.0,912.0,direct_odisha
1999298N12099,1999,UNNAMED,1999-10-30 09:00:00,TS,20.4,85.9,,, ,main,0,0.0,1.0,0.0,,1,1,direct_odisha,140.0,912.0,direct_odisha
1999298N12099,1999,UNNAMED,1999-10-30 12:00:00,TS,20.4,85.9,,,newdelhi,main,0,0.0,1.0,155.0,,1,1,direct_odisha,140.0,912.0,direct_odisha
1999298N12099,1999,UNNAMED,1999-10-30 15:00:00,TS,20.4,85.9,,, ,main,0,0.0,1.0,135.0,,1,1,direct_odisha,140.0,912.0,direct_odisha
1999298N12099,1999,UNNAMED,1999-10-30 18:00:00,TS,20.3,86.0,,,newdelhi,main,0,0.0,2.0,200.0,,1,1,direct_odisha,140.0,912.0,direct_odisha
1999298N12099,1999,UNNAMED,1999-10-30 21:00:00,TS,20.2,85.9,,, ,main,0,0.0,3.0,180.0,,1,1,direct_odisha,140.0,912.0,direct_odisha
1999298N12099,1999,UNNAMED,1999-10-31 00:00:00,TS,20.1,85.9,,,newdelhi,main,0,0.0,3.0,130.0,,1,1,direct_odisha,140.0,912.0,direct_odisha
1999298N12099,1999,UNNAMED,1999-10-31 03:00:00,TS,20.0,86.1,,,newdelhi,main,0,0.0,5.0,185.0,,1,1,direct_odisha,140.0,912.0,direct_odisha
1999298N12099,1999,UNNAMED,1999-10-31 06:00:00,NR,19.6,85.9,,, ,main,24,24.0,7.0,200.0,,0,0,direct_odisha,140.0,912.0,direct_odisha
1999298N12099,1999,UNNAMED,1999-10-31 09:00:00,NR,19.4,85.9,,, ,main,45,45.0,4.0,195.0,,0,0,direct_odisha,140.0,912.0,direct_odisha
1999298N12099,1999,UNNAMED,1999-10-31 12:00:00,NR,19.2,85.8,,, ,main,61,61.0,4.0,205.0,,0,0,direct_odisha,140.0,912.0,direct_odisha
1999298N12099,1999,UNNAMED,1999-10-31 15:00:00,NR,19.1,85.7,,, ,main,64,64.0,3.0,225.0,,0,0,direct_odisha,140.0,912.0,direct_odisha
1999298N12099,1999,UNNAMED,1999-10-31 18:00:00,NR,19.0,85.6,,, ,main,69,69.0,2.0,230.0,,0,0,direct_odisha,140.0,912.0,direct_odisha
1999298N12099,1999,UNNAMED,1999-10-31 21:00:00,NR,19.0,85.6,,, ,main,69,64.0,1.0,225.0,,0,0,direct_odisha,140.0,912.0,direct_odisha
1999298N12099,1999,UNNAMED,1999-11-01 00:00:00,NR,18.9,85.5,,, ,main,74,74.0,2.0,220.0,,0,0,direct_odisha,140.0,912.0,direct_odisha
1999298N12099,1999,UNNAMED,1999-11-01 03:00:00,NR,18.8,85.4,,, ,main,76,71.0,4.0,210.0,,0,0,direct_odisha,140.0,912.0,direct_odisha
1999298N12099,1999,UNNAMED,1999-11-01 06:00:00,NR,18.6,85.3,,, ,main,77,71.0,5.0,200.0,,0,0,direct_odisha,140.0,912.0,direct_odisha
1999298N12099,1999,UNNAMED,1999-11-01 09:00:00,NR,18.3,85.2,,, ,main,84,84.0,7.0,195.0,,0,0,direct_odisha,140.0,912.0,direct_odisha
1999298N12099,1999,UNNAMED,1999-11-01 12:00:00,NR,17.9,85.1,,, ,main,107,107.0,9.0,195.0,,0,0,direct_odisha,140.0,912.0,direct_odisha
1999298N12099,1999,UNNAMED,1999-11-01 15:00:00,NR,17.5,85.0,,, ,main,130,130.0,9.0,190.0,,0,0,direct_odisha,140.0,912.0,direct_odisha
1999298N12099,1999,UNNAMED,1999-11-01 18:00:00,NR,17.0,84.9,,, ,main,168,168.0,10.0,190.0,,0,0,direct_odisha,140.0,912.0,direct_odisha
1999298N12099,1999,UNNAMED,1999-11-01 21:00:00,NR,16.5,84.8,,, ,main,208,208.0,9.0,185.0,,0,0,direct_odisha,140.0,912.0,direct_odisha
1999298N12099,1999,UNNAMED,1999-11-02 00:00:00,NR,16.1,84.8,,, ,main,239,239.0,6.0,190.0,,0,0,direct_odisha,140.0,912.0,direct_odisha
1999298N12099,1999,UNNAMED,1999-11-02 03:00:00,NR,15.9,84.8,,, ,main,255,248.0,2.0,205.0,,0,0,direct_odisha,140.0,912.0,direct_odisha
1999298N12099,1999,UNNAMED,1999-11-02 06:00:00,NR,15.9,84.7,,, ,main,248,241.0,2.0,235.0,,0,0,direct_odisha,140.0,912.0,direct_odisha
1999298N12099,1999,UNNAMED,1999-11-02 09:00:00,NR,15.8,84.6,,, ,main,250,244.0,2.0,245.0,,0,0,direct_odisha,140.0,912.0,direct_odisha
1999298N12099,1999,UNNAMED,1999-11-02 12:00:00,NR,15.8,84.5,,, ,main,244,236.0,3.0,250.0,,0,0,direct_odisha,140.0,912.0,direct_odisha
1999298N12099,1999,UNNAMED,1999-11-02 15:00:00,NR,15.7,84.3,,, ,main,236,217.0,4.0,255.0,,0,0,direct_odisha,140.0,912.0,direct_odisha
1999298N12099,1999,UNNAMED,1999-11-02 18:00:00,NR,15.7,84.1,,, ,main,217,198.0,4.0,270.0,,0,0,direct_odisha,140.0,912.0,direct_odisha
1999298N12099,1999,UNNAMED,1999-11-02 21:00:00,NR,15.7,83.9,,, ,main,198,174.0,4.0,285.0,,0,0,direct_odisha,140.0,912.0,direct_odisha
1999298N12099,1999,UNNAMED,1999-11-03 00:00:00,NR,15.8,83.7,,, ,main,174,150.0,4.0,295.0,,0,0,direct_odisha,140.0,912.0,direct_odisha
1999298N12099,1999,UNNAMED,1999-11-03 03:00:00,NR,15.9,83.5,,, ,main,150,126.0,4.0,295.0,,0,0,direct_odisha,140.0,912.0,direct_odisha
1999298N12099,1999,UNNAMED,1999-11-03 06:00:00,NR,16.0,83.3,,, ,main,126,,4.0,300.0,,0,0,direct_odisha,140.0,912.0,direct_odisha
2000299N13093,2000,UNNAMED,2000-10-25 09:00:00,TS,13.5,93.0,25.0,1002.0,newdelhi,main,298,286.0,14.0,315.0,46.300000000000004,0,0,regional_comparator,35.0,998.0,regional_comparator
2000299N13093,2000,UNNAMED,2000-10-25 12:00:00,TS,14.0,92.5,25.0,1002.0,newdelhi,main,286,279.0,11.0,315.0,46.300000000000004,0,0,regional_comparator,35.0,998.0,regional_comparator
2000299N13093,2000,UNNAMED,2000-10-25 15:00:00,TS,14.3,92.2,,, ,main,286,286.0,12.0,310.0,,0,0,regional_comparator,35.0,998.0,regional_comparator
2000299N13093,2000,UNNAMED,2000-10-25 18:00:00,TS,14.8,91.6,25.0,1002.0,newdelhi,main,309,309.0,13.0,310.0,46.300000000000004,0,0,regional_comparator,35.0,998.0,regional_comparator
2000299N13093,2000,UNNAMED,2000-10-25 21:00:00,TS,15.2,91.1,,, ,main,343,343.0,13.0,310.0,,0,0,regional_comparator,35.0,998.0,regional_comparator
2000299N13093,2000,UNNAMED,2000-10-26 00:00:00,TS,15.6,90.6,25.0,1002.0,newdelhi,main,387,387.0,16.0,295.0,46.300000000000004,0,0,regional_comparator,35.0,998.0,regional_comparator
2000299N13093,2000,UNNAMED,2000-10-26 03:00:00,TS,15.9,89.7,25.0,1004.0,newdelhi,main,481,481.0,14.0,310.0,46.300000000000004,0,0,regional_comparator,35.0,998.0,regional_comparator
2000299N13093,2000,UNNAMED,2000-10-26 06:00:00,TS,16.4,89.5,25.0,1002.0,newdelhi,main,504,484.0,8.0,315.0,46.300000000000004,0,0,regional_comparator,35.0,998.0,regional_comparator
2000299N13093,2000,UNNAMED,2000-10-26 09:00:00,TS,16.5,89.1,,, ,main,484,460.0,7.0,280.0,,0,0,regional_comparator,35.0,998.0,regional_comparator
2000299N13093,2000,UNNAMED,2000-10-26 12:00:00,TS,16.5,88.7,25.0,1002.0,newdelhi,main,460,430.0,6.0,290.0,46.300000000000004,0,0,regional_comparator,35.0,998.0,regional_comparator
2000299N13093,2000,UNNAMED,2000-10-26 15:00:00,TS,16.7,88.5,,, ,main,430,396.0,6.0,325.0,,0,0,regional_comparator,35.0,998.0,regional_comparator
2000299N13093,2000,UNNAMED,2000-10-26 18:00:00,TS,17.0,88.4,25.0,1004.0,newdelhi,main,396,356.0,7.0,335.0,46.300000000000004,0,0,regional_comparator,35.0,998.0,regional_comparator
2000299N13093,2000,UNNAMED,2000-10-26 21:00:00,TS,17.3,88.2,,, ,main,356,313.0,7.0,340.0,,0,0,regional_comparator,35.0,998.0,regional_comparator
2000299N13093,2000,UNNAMED,2000-10-27 00:00:00,TS,17.7,88.1,25.0,1002.0,newdelhi,main,313,276.0,9.0,360.0,46.300000000000004,0,0,regional_comparator,35.0,998.0,regional_comparator
2000299N13093,2000,UNNAMED,2000-10-27 03:00:00,TS,18.2,88.2,30.0,1002.0,newdelhi,main,276,245.0,10.0,10.0,55.56,0,0,regional_comparator,35.0,998.0,regional_comparator
2000299N13093,2000,UNNAMED,2000-10-27 06:00:00,TS,18.7,88.3,30.0,1002.0,newdelhi,main,245,229.0,8.0,10.0,55.56,0,0,regional_comparator,35.0,998.0,regional_comparator
2000299N13093,2000,UNNAMED,2000-10-27 09:00:00,TS,18.9,88.3,,, ,main,229,207.0,6.0,10.0,,0,0,regional_comparator,35.0,998.0,regional_comparator
2000299N13093,2000,UNNAMED,2000-10-27 12:00:00,TS,19.3,88.4,30.0,1000.0,newdelhi,main,210,177.0,9.0,5.0,55.56,0,0,regional_comparator,35.0,998.0,regional_comparator
2000299N13093,2000,UNNAMED,2000-10-27 15:00:00,TS,19.8,88.4,,, ,main,177,134.0,12.0,5.0,,0,0,regional_comparator,35.0,998.0,regional_comparator
2000299N13093,2000,UNNAMED,2000-10-27 18:00:00,TS,20.4,88.5,35.0,998.0,newdelhi,main,134,67.0,12.0,5.0,64.82000000000001,0,0,regional_comparator,35.0,998.0,regional_comparator
2000299N13093,2000,UNNAMED,2000-10-27 21:00:00,TS,21.0,88.5,35.0,998.0,newdelhi,main,67,0.0,13.0,20.0,64.82000000000001,1,0,regional_comparator,35.0,998.0,regional_comparator
2000299N13093,2000,UNNAMED,2000-10-28 00:00:00,TS,21.6,89.0,35.0,998.0,newdelhi,main,0,0.0,16.0,20.0,64.82000000000001,1,1,regional_comparator,35.0,998.0,regional_comparator
2000299N13093,2000,UNNAMED,2000-10-28 03:00:00,TS,22.5,89.1,30.0,,newdelhi,main,0,0.0,15.0,20.0,55.56,1,1,regional_comparator,35.0,998.0,regional_comparator
2000299N13093,2000,UNNAMED,2000-10-28 06:00:00,TS,23.1,89.6,30.0,,newdelhi,main,0,0.0,11.0,45.0,55.56,1,1,regional_comparator,35.0,998.0,regional_comparator
2000299N13093,2000,UNNAMED,2000-10-28 09:00:00,TS,23.3,89.9,,, ,main,0,0.0,10.0,65.0,,1,1,regional_comparator,35.0,998.0,regional_comparator
2000299N13093,2000,UNNAMED,2000-10-28 12:00:00,TS,23.5,90.5,25.0,,newdelhi,main,0,0.0,18.0,75.0,46.300000000000004,1,1,regional_comparator,35.0,998.0,regional_comparator
2000299N13093,2000,UNNAMED,2000-10-28 15:00:00,TS,23.8,91.7,,, ,main,0,0.0,23.0,80.0,,1,1,regional_comparator,35.0,998.0,regional_comparator
2000299N13093,2000,UNNAMED,2000-10-28 18:00:00,TS,24.0,93.0,25.0,,newdelhi,main,0,0.0,18.0,80.0,46.300000000000004,1,1,regional_comparator,35.0,998.0,regional_comparator
2000299N13093,2000,UNNAMED,2000-10-28 21:00:00,TS,24.0,93.7,,, ,main,0,0.0,9.0,90.0,,1,1,regional_comparator,35.0,998.0,regional_comparator
2000299N13093,2000,UNNAMED,2000-10-29 00:00:00,TS,24.0,94.0,25.0,,newdelhi,main,0,,6.0,100.0,46.300000000000004,0,1,regional_comparator,35.0,998.0,regional_comparator
2002314N12083,2002,UNNAMED,2002-11-09 18:00:00,TS,11.7,82.5,,, ,main,265,262.0,2.0,0.0,,0,0,regional_comparator,55.0,990.0,regional_comparator
2002314N12083,2002,UNNAMED,2002-11-09 21:00:00,TS,11.8,82.5,,, ,main,262,259.0,2.0,10.0,,0,0,regional_comparator,55.0,990.0,regional_comparator
2002314N12083,2002,UNNAMED,2002-11-10 00:00:00,TS,11.9,82.5,,, ,main,259,256.0,2.0,0.0,,0,0,regional_comparator,55.0,990.0,regional_comparator
2002314N12083,2002,UNNAMED,2002-11-10 03:00:00,TS,12.0,82.5,25.0,1004.0,newdelhi,main,256,254.0,2.0,5.0,46.300000000000004,0,0,regional_comparator,55.0,990.0,regional_comparator
2002314N12083,2002,UNNAMED,2002-11-10 06:00:00,TS,12.1,82.5,25.0,1004.0,newdelhi,main,254,254.0,2.0,10.0,46.300000000000004,0,0,regional_comparator,55.0,990.0,regional_comparator
2002314N12083,2002,UNNAMED,2002-11-10 09:00:00,TS,12.1,82.5,,, ,main,254,252.0,2.0,15.0,,0,0,regional_comparator,55.0,990.0,regional_comparator
2002314N12083,2002,UNNAMED,2002-11-10 12:00:00,TS,12.3,82.6,30.0,1002.0,newdelhi,main,261,260.0,4.0,15.0,55.56,0,0,regional_comparator,55.0,990.0,regional_comparator
2002314N12083,2002,UNNAMED,2002-11-10 15:00:00,TS,12.5,82.6,,, ,main,260,260.0,6.0,15.0,,0,0,regional_comparator,55.0,990.0,regional_comparator
2002314N12083,2002,UNNAMED,2002-11-10 18:00:00,TS,12.8,82.7,30.0,1004.0,newdelhi,main,266,260.0,7.0,15.0,55.56,0,0,regional_comparator,55.0,990.0,regional_comparator
2002314N12083,2002,UNNAMED,2002-11-10 21:00:00,TS,13.2,82.8,,, ,main,270,270.0,8.0,20.0,,0,0,regional_comparator,55.0,990.0,regional_comparator
2002314N12083,2002,UNNAMED,2002-11-11 00:00:00,TS,13.6,83.0,30.0,1004.0,newdelhi,main,291,291.0,10.0,40.0,55.56,0,0,regional_comparator,55.0,990.0,regional_comparator
2002314N12083,2002,UNNAMED,2002-11-11 03:00:00,TS,14.0,83.4,30.0,1004.0,newdelhi,main,312,300.0,12.0,45.0,55.56,0,0,regional_comparator,55.0,990.0,regional_comparator
2002314N12083,2002,UNNAMED,2002-11-11 06:00:00,TS,14.4,83.9,30.0,1004.0,newdelhi,main,300,286.0,13.0,45.0,55.56,0,0,regional_comparator,55.0,990.0,regional_comparator
2002314N12083,2002,UNNAMED,2002-11-11 09:00:00,TS,14.9,84.3,30.0,998.0,newdelhi,main,286,275.0,15.0,35.0,55.56,0,0,regional_comparator,55.0,990.0,regional_comparator
2002314N12083,2002,UNNAMED,2002-11-11 12:00:00,TS,15.7,84.8,45.0,996.0,newdelhi,main,272,248.0,11.0,15.0,83.34,0,0,regional_comparator,55.0,990.0,regional_comparator
2002314N12083,2002,UNNAMED,2002-11-11 15:00:00,TS,15.9,84.7,45.0,996.0,newdelhi,main,248,231.0,6.0,5.0,83.34,0,0,regional_comparator,55.0,990.0,regional_comparator
2002314N12083,2002,UNNAMED,2002-11-11 18:00:00,TS,16.3,84.8,45.0,996.0,newdelhi,main,223,198.0,9.0,20.0,83.34,0,0,regional_comparator,55.0,990.0,regional_comparator
2002314N12083,2002,UNNAMED,2002-11-11 21:00:00,TS,16.8,85.0,45.0,996.0,newdelhi,main,193,173.0,27.0,35.0,83.34,0,0,regional_comparator,55.0,990.0,regional_comparator
2002314N12083,2002,UNNAMED,2002-11-12 00:00:00,TS,18.4,86.4,45.0,996.0,newdelhi,main,168,69.0,34.0,35.0,83.34,0,0,regional_comparator,55.0,990.0,regional_comparator
2002314N12083,2002,UNNAMED,2002-11-12 03:00:00,TS,19.6,86.9,45.0,996.0,newdelhi,main,68,30.0,27.0,20.0,83.34,0,0,regional_comparator,55.0,990.0,regional_comparator
2002314N12083,2002,UNNAMED,2002-11-12 06:00:00,TS,20.9,87.5,55.0,990.0,newdelhi,main,53,0.0,31.0,25.0,101.86,1,0,regional_comparator,55.0,990.0,regional_comparator
2002314N12083,2002,UNNAMED,2002-11-12 09:00:00,TS,22.3,88.4,,,newdelhi,main,0,0.0,35.0,35.0,,1,1,regional_comparator,55.0,990.0,regional_comparator
2002314N12083,2002,UNNAMED,2002-11-12 12:00:00,TS,23.7,89.7,,,newdelhi,main,0,0.0,39.0,45.0,,1,1,regional_comparator,55.0,990.0,regional_comparator
2002314N12083,2002,UNNAMED,2002-11-12 15:00:00,TS,25.0,91.5,,,newdelhi,main,0,,41.0,50.0,,0,1,regional_comparator,55.0,990.0,regional_comparator
2004136N15090,2004,UNNAMED,2004-05-14 18:00:00,TS,14.8,89.7,,, ,main,500,466.0,7.0,75.0,,0,0,regional_comparator,90.0,952.0,regional_comparator
2004136N15090,2004,UNNAMED,2004-05-14 21:00:00,TS,14.9,90.0,,, ,main,466,425.0,7.0,80.0,,0,0,regional_comparator,90.0,952.0,regional_comparator
2004136N15090,2004,UNNAMED,2004-05-15 00:00:00,TS,14.9,90.4,,, ,main,425,384.0,8.0,90.0,,0,0,regional_comparator,90.0,952.0,regional_comparator
2004136N15090,2004,UNNAMED,2004-05-15 03:00:00,TS,14.9,90.8,,, ,main,384,334.0,9.0,90.0,,0,0,regional_comparator,90.0,952.0,regional_comparator
2004136N15090,2004,UNNAMED,2004-05-15 06:00:00,TS,14.9,91.3,,, ,main,334,276.0,9.0,75.0,,0,0,regional_comparator,90.0,952.0,regional_comparator
2004136N15090,2004,UNNAMED,2004-05-15 09:00:00,TS,15.1,91.8,,, ,main,276,234.0,9.0,55.0,,0,0,regional_comparator,90.0,952.0,regional_comparator
2004136N15090,2004,UNNAMED,2004-05-15 12:00:00,DS,15.4,92.1,,, ,main,234,227.0,7.0,25.0,,0,0,regional_comparator,90.0,952.0,regional_comparator
2004136N15090,2004,UNNAMED,2004-05-15 15:00:00,DS,15.7,92.1,,, ,main,227,224.0,7.0,350.0,,0,0,regional_comparator,90.0,952.0,regional_comparator
2004136N15090,2004,UNNAMED,2004-05-15 18:00:00,TS,16.1,92.0,,, ,main,235,226.0,7.0,0.0,,0,0,regional_comparator,90.0,952.0,regional_comparator
2004136N15090,2004,UNNAMED,2004-05-15 21:00:00,TS,16.5,92.1,,, ,main,231,220.0,7.0,15.0,,0,0,regional_comparator,90.0,952.0,regional_comparator
2004136N15090,2004,UNNAMED,2004-05-16 00:00:00,TS,16.8,92.2,,, ,main,226,226.0,7.0,355.0,,0,0,regional_comparator,90.0,952.0,regional_comparator
2004136N15090,2004,UNNAMED,2004-05-16 03:00:00,TS,17.2,92.1,,, ,main,246,246.0,8.0,330.0,,0,0,regional_comparator,90.0,952.0,regional_comparator
2004136N15090,2004,UNNAMED,2004-05-16 06:00:00,TS,17.5,91.8,,, ,main,261,261.0,7.0,310.0,,0,0,regional_comparator,90.0,952.0,regional_comparator
2004136N15090,2004,UNNAMED,2004-05-16 09:00:00,TS,17.6,91.5,25.0,1000.0,newdelhi,main,280,280.0,8.0,295.0,46.300000000000004,0,0,regional_comparator,90.0,952.0,regional_comparator
2004136N15090,2004,UNNAMED,2004-05-16 12:00:00,MX,17.8,91.1,25.0,1000.0,newdelhi,main,305,305.0,7.0,290.0,46.300000000000004,0,0,regional_comparator,90.0,952.0,regional_comparator
2004136N15090,2004,UNNAMED,2004-05-16 15:00:00,MX,17.8,90.8,,, ,main,334,334.0,4.0,265.0,,0,0,regional_comparator,90.0,952.0,regional_comparator
2004136N15090,2004,UNNAMED,2004-05-16 18:00:00,TS,17.8,90.7,30.0,998.0,newdelhi,main,343,343.0,6.0,290.0,55.56,0,0,regional_comparator,90.0,952.0,regional_comparator
2004136N15090,2004,UNNAMED,2004-05-16 21:00:00,TS,18.0,90.3,30.0,998.0,newdelhi,main,359,352.0,7.0,315.0,55.56,0,0,regional_comparator,90.0,952.0,regional_comparator
2004136N15090,2004,UNNAMED,2004-05-17 00:00:00,TS,18.3,90.2,30.0,998.0,newdelhi,main,344,344.0,5.0,300.0,55.56,0,0,regional_comparator,90.0,952.0,regional_comparator
2004136N15090,2004,UNNAMED,2004-05-17 03:00:00,TS,18.3,89.8,35.0,998.0,newdelhi,main,376,374.0,5.0,280.0,64.82000000000001,0,0,regional_comparator,90.0,952.0,regional_comparator
2004136N15090,2004,UNNAMED,2004-05-17 06:00:00,TS,18.3,89.7,35.0,998.0,newdelhi,main,363,345.0,5.0,285.0,64.82000000000001,0,0,regional_comparator,90.0,952.0,regional_comparator
2004136N15090,2004,UNNAMED,2004-05-17 09:00:00,TS,18.4,89.3,45.0,988.0,newdelhi,main,345,313.0,7.0,280.0,83.34,0,0,regional_comparator,90.0,952.0,regional_comparator
2004136N15090,2004,UNNAMED,2004-05-17 12:00:00,TS,18.5,88.9,45.0,988.0,newdelhi,main,306,290.0,6.0,285.0,83.34,0,0,regional_comparator,90.0,952.0,regional_comparator
2004136N15090,2004,UNNAMED,2004-05-17 15:00:00,TS,18.5,88.7,45.0,988.0,newdelhi,main,290,283.0,3.0,290.0,83.34,0,0,regional_comparator,90.0,952.0,regional_comparator
2004136N15090,2004,UNNAMED,2004-05-17 18:00:00,TS,18.6,88.6,45.0,986.0,newdelhi,main,275,260.0,3.0,285.0,83.34,0,0,regional_comparator,90.0,952.0,regional_comparator
2004136N15090,2004,UNNAMED,2004-05-17 21:00:00,TS,18.6,88.4,45.0,986.0,newdelhi,main,260,260.0,1.0,195.0,83.34,0,0,regional_comparator,90.0,952.0,regional_comparator
2004136N15090,2004,UNNAMED,2004-05-18 00:00:00,TS,18.5,88.6,45.0,986.0,newdelhi,main,283,275.0,3.0,85.0,83.34,0,0,regional_comparator,90.0,952.0,regional_comparator
2004136N15090,2004,UNNAMED,2004-05-18 03:00:00,TS,18.6,88.7,45.0,986.0,newdelhi,main,283,268.0,5.0,35.0,83.34,0,0,regional_comparator,90.0,952.0,regional_comparator
2004136N15090,2004,UNNAMED,2004-05-18 06:00:00,TS,18.9,88.9,55.0,982.0,newdelhi,main,278,278.0,9.0,75.0,101.86,0,0,regional_comparator,90.0,952.0,regional_comparator
2004136N15090,2004,UNNAMED,2004-05-18 09:00:00,TS,18.9,89.6,55.0,980.0,newdelhi,main,306,306.0,12.0,90.0,101.86,0,0,regional_comparator,90.0,952.0,regional_comparator
2004136N15090,2004,UNNAMED,2004-05-18 12:00:00,TS,18.9,90.1,55.0,980.0,newdelhi,main,313,283.0,7.0,75.0,101.86,0,0,regional_comparator,90.0,952.0,regional_comparator
2004136N15090,2004,UNNAMED,2004-05-18 15:00:00,TS,19.1,90.3,65.0,974.0,newdelhi,main,283,222.0,9.0,45.0,120.38000000000001,0,0,regional_comparator,90.0,952.0,regional_comparator
2004136N15090,2004,UNNAMED,2004-05-18 18:00:00,TS,19.5,90.8,65.0,974.0,newdelhi,main,214,186.0,10.0,70.0,120.38000000000001,0,0,regional_comparator,90.0,952.0,regional_comparator
2004136N15090,2004,UNNAMED,2004-05-18 21:00:00,TS,19.4,91.3,65.0,972.0,newdelhi,main,177,109.0,11.0,70.0,120.38000000000001,0,0,regional_comparator,90.0,952.0,regional_comparator
2004136N15090,2004,UNNAMED,2004-05-19 00:00:00,TS,19.9,91.8,77.0,962.0,newdelhi,main,104,45.0,12.0,60.0,142.604,0,0,regional_comparator,90.0,952.0,regional_comparator
2004136N15090,2004,UNNAMED,2004-05-19 03:00:00,TS,20.0,92.4,90.0,952.0,newdelhi,main,45,0.0,12.0,80.0,166.68,1,0,regional_comparator,90.0,952.0,regional_comparator
2004136N15090,2004,UNNAMED,2004-05-19 06:00:00,TS,20.1,93.1,,, ,main,0,0.0,14.0,75.0,,1,1,regional_comparator,90.0,952.0,regional_comparator
2004136N15090,2004,UNNAMED,2004-05-19 09:00:00,TS,20.5,93.9,,, ,main,0,0.0,17.0,60.0,,1,1,regional_comparator,90.0,952.0,regional_comparator
2004136N15090,2004,UNNAMED,2004-05-19 12:00:00,TS,20.9,94.7,,, ,main,0,0.0,18.0,60.0,,1,1,regional_comparator,90.0,952.0,regional_comparator
2004136N15090,2004,UNNAMED,2004-05-19 15:00:00,TS,21.4,95.5,,, ,main,0,0.0,17.0,60.0,,1,1,regional_comparator,90.0,952.0,regional_comparator
2004136N15090,2004,UNNAMED,2004-05-19 18:00:00,TS,21.8,96.3,,, ,main,0,,17.0,60.0,,0,1,regional_comparator,90.0,952.0,regional_comparator
2005260N20091,2005,UNNAMED,2005-09-17 03:00:00,TS,20.0,90.5,25.0,1000.0,newdelhi,main,203,191.0,3.0,340.0,46.300000000000004,0,0,regional_comparator,35.0,988.0,regional_comparator
2005260N20091,2005,UNNAMED,2005-09-17 06:00:00,TS,20.2,90.4,,, ,main,180,168.0,4.0,330.0,,0,0,regional_comparator,35.0,988.0,regional_comparator
2005260N20091,2005,UNNAMED,2005-09-17 09:00:00,TS,20.3,90.3,,, ,main,168,145.0,5.0,310.0,,0,0,regional_comparator,35.0,988.0,regional_comparator
2005260N20091,2005,UNNAMED,2005-09-17 12:00:00,TS,20.5,90.0,25.0,998.0,newdelhi,main,145,108.0,8.0,295.0,46.300000000000004,0,0,regional_comparator,35.0,988.0,regional_comparator
2005260N20091,2005,UNNAMED,2005-09-17 15:00:00,TS,20.7,89.5,,, ,main,108,89.0,11.0,290.0,,0,0,regional_comparator,35.0,988.0,regional_comparator
2005260N20091,2005,UNNAMED,2005-09-17 18:00:00,TS,20.8,88.9,,, ,main,89,78.0,12.0,280.0,,0,0,regional_comparator,35.0,988.0,regional_comparator
2005260N20091,2005,UNNAMED,2005-09-17 21:00:00,TS,20.9,88.3,,, ,main,78,78.0,10.0,270.0,,0,0,regional_comparator,35.0,988.0,regional_comparator
2005260N20091,2005,UNNAMED,2005-09-18 00:00:00,TS,20.8,87.8,,, ,main,83,53.0,8.0,240.0,,0,0,regional_comparator,35.0,988.0,regional_comparator
2005260N20091,2005,UNNAMED,2005-09-18 03:00:00,TS,20.5,87.5,30.0,996.0,newdelhi,main,56,56.0,8.0,200.0,55.56,0,0,regional_comparator,35.0,988.0,regional_comparator
2005260N20091,2005,UNNAMED,2005-09-18 06:00:00,TS,20.0,87.5,30.0,996.0,newdelhi,main,89,83.0,11.0,205.0,55.56,0,0,regional_comparator,35.0,988.0,regional_comparator
2005260N20091,2005,UNNAMED,2005-09-18 09:00:00,TS,19.5,87.0,30.0,996.0,newdelhi,main,84,56.0,11.0,240.0,55.56,0,0,regional_comparator,35.0,988.0,regional_comparator
2005260N20091,2005,UNNAMED,2005-09-18 12:00:00,TS,19.5,86.5,35.0,994.0,newdelhi,main,56,56.0,5.0,270.0,64.82000000000001,0,0,regional_comparator,35.0,988.0,regional_comparator
2005260N20091,2005,UNNAMED,2005-09-18 15:00:00,TS,19.5,86.5,35.0,992.0,newdelhi,main,56,54.0,11.0,240.0,64.82000000000001,0,0,regional_comparator,35.0,988.0,regional_comparator
2005260N20091,2005,UNNAMED,2005-09-18 18:00:00,TS,19.0,85.5,35.0,990.0,newdelhi,main,64,15.0,21.0,240.0,64.82000000000001,0,0,regional_comparator,35.0,988.0,regional_comparator
2005260N20091,2005,UNNAMED,2005-09-18 21:00:00,TS,18.5,84.5,35.0,988.0,newdelhi,main,15,10.0,11.0,240.0,64.82000000000001,0,0,regional_comparator,35.0,988.0,regional_comparator
2005260N20091,2005,UNNAMED,2005-09-19 00:00:00,TS,18.5,84.5,35.0,988.0,newdelhi,main,15,0.0,5.0,270.0,64.82000000000001,1,0,regional_comparator,35.0,988.0,regional_comparator
2005260N20091,2005,UNNAMED,2005-09-19 03:00:00,TS,18.5,84.0,35.0,988.0,newdelhi,main,0,0.0,9.0,270.0,64.82000000000001,1,1,regional_comparator,35.0,988.0,regional_comparator
2005260N20091,2005,UNNAMED,2005-09-19 06:00:00,TS,18.5,83.5,35.0,988.0,newdelhi,main,0,0.0,5.0,270.0,64.82000000000001,1,1,regional_comparator,35.0,988.0,regional_comparator
2005260N20091,2005,UNNAMED,2005-09-19 09:00:00,TS,18.5,83.5,35.0,988.0,newdelhi,main,0,0.0,0.0,0.0,64.82000000000001,1,1,regional_comparator,35.0,988.0,regional_comparator
2005260N20091,2005,UNNAMED,2005-09-19 12:00:00,TS,18.5,83.5,35.0,988.0,newdelhi,main,0,0.0,0.0,0.0,64.82000000000001,1,1,regional_comparator,35.0,988.0,regional_comparator
2005260N20091,2005,UNNAMED,2005-09-19 15:00:00,TS,18.5,83.5,35.0,988.0,newdelhi,main,0,0.0,5.0,270.0,64.82000000000001,1,1,regional_comparator,35.0,988.0,regional_comparator
2005260N20091,2005,UNNAMED,2005-09-19 18:00:00,TS,18.5,83.0,35.0,988.0,newdelhi,main,0,0.0,5.0,270.0,64.82000000000001,1,1,regional_comparator,35.0,988.0,regional_comparator
2005260N20091,2005,UNNAMED,2005-09-19 21:00:00,TS,18.5,83.0,30.0,1000.0,newdelhi,main,0,0.0,7.0,315.0,55.56,1,1,regional_comparator,35.0,988.0,regional_comparator
2005260N20091,2005,UNNAMED,2005-09-20 00:00:00,TS,19.0,82.5,30.0,1002.0,newdelhi,main,0,0.0,7.0,315.0,55.56,1,1,regional_comparator,35.0,988.0,regional_comparator
2005260N20091,2005,UNNAMED,2005-09-20 03:00:00,TS,19.0,82.5,30.0,1002.0,newdelhi,main,0,0.0,0.0,0.0,55.56,1,1,regional_comparator,35.0,988.0,regional_comparator
2005260N20091,2005,UNNAMED,2005-09-20 06:00:00,TS,19.0,82.5,30.0,1002.0,newdelhi,main,0,0.0,9.0,270.0,55.56,1,1,regional_comparator,35.0,988.0,regional_comparator
2005260N20091,2005,UNNAMED,2005-09-20 09:00:00,TS,19.0,81.5,30.0,1002.0,newdelhi,main,0,0.0,19.0,270.0,55.56,1,1,regional_comparator,35.0,988.0,regional_comparator
2005260N20091,2005,UNNAMED,2005-09-20 12:00:00,TS,19.0,80.5,25.0,1004.0,newdelhi,main,0,0.0,14.0,270.0,46.300000000000004,1,1,regional_comparator,35.0,988.0,regional_comparator
2005260N20091,2005,UNNAMED,2005-09-20 15:00:00,TS,19.0,80.0,,, ,main,0,0.0,6.0,270.0,,1,1,regional_comparator,35.0,988.0,regional_comparator
2005260N20091,2005,UNNAMED,2005-09-20 18:00:00,TS,19.0,79.9,,, ,main,0,0.0,1.0,310.0,,1,1,regional_comparator,35.0,988.0,regional_comparator
2005260N20091,2005,UNNAMED,2005-09-20 21:00:00,TS,19.1,79.9,,, ,main,0,0.0,2.0,0.0,,1,1,regional_comparator,35.0,988.0,regional_comparator
2005260N20091,2005,UNNAMED,2005-09-21 00:00:00,TS,19.2,79.9,,, ,main,0,0.0,6.0,320.0,,1,1,regional_comparator,35.0,988.0,regional_comparator
2005260N20091,2005,UNNAMED,2005-09-21 03:00:00,TS,19.5,79.5,25.0,1004.0,newdelhi,main,0,0.0,13.0,300.0,46.300000000000004,1,1,regional_comparator,35.0,988.0,regional_comparator
2005260N20091,2005,UNNAMED,2005-09-21 06:00:00,TS,19.9,78.7,,, ,main,0,0.0,22.0,295.0,,1,1,regional_comparator,35.0,988.0,regional_comparator
2005260N20091,2005,UNNAMED,2005-09-21 09:00:00,TS,20.4,77.4,,, ,main,0,0.0,27.0,295.0,,1,1,regional_comparator,35.0,988.0,regional_comparator
2005260N20091,2005,UNNAMED,2005-09-21 12:00:00,TS,21.0,76.0,25.0,1004.0,newdelhi,main,0,,29.0,295.0,46.300000000000004,0,1,regional_comparator,35.0,988.0,regional_comparator
2008298N16085,2008,RASHMI,2008-10-24 06:00:00,TS,16.0,85.0,,, ,main,262,262.0,5.0,90.0,,0,0,regional_comparator,45.0,984.0,odisha_impact_neighboring_landfall
2008298N16085,2008,RASHMI,2008-10-24 09:00:00,TS,16.0,85.2,,, ,main,285,285.0,5.0,90.0,,0,0,regional_comparator,45.0,984.0,odisha_impact_neighboring_landfall
2008298N16085,2008,RASHMI,2008-10-24 12:00:00,DS,16.0,85.5,,, ,main,297,297.0,5.0,85.0,,0,0,regional_comparator,45.0,984.0,odisha_impact_neighboring_landfall
2008298N16085,2008,RASHMI,2008-10-24 15:00:00,DS,16.0,85.8,,, ,main,314,311.0,5.0,80.0,,0,0,regional_comparator,45.0,984.0,odisha_impact_neighboring_landfall
2008298N16085,2008,RASHMI,2008-10-24 18:00:00,TS,16.1,86.0,,, ,main,318,316.0,5.0,65.0,,0,0,regional_comparator,45.0,984.0,odisha_impact_neighboring_landfall
2008298N16085,2008,RASHMI,2008-10-24 21:00:00,TS,16.2,86.2,,, ,main,323,323.0,6.0,60.0,,0,0,regional_comparator,45.0,984.0,odisha_impact_neighboring_landfall
2008298N16085,2008,RASHMI,2008-10-25 00:00:00,TS,16.4,86.5,,, ,main,331,331.0,6.0,60.0,,0,0,regional_comparator,45.0,984.0,odisha_impact_neighboring_landfall
2008298N16085,2008,RASHMI,2008-10-25 03:00:00,TS,16.5,86.7,25.0,1004.0,newdelhi,main,338,338.0,6.0,60.0,46.300000000000004,0,0,regional_comparator,45.0,984.0,odisha_impact_neighboring_landfall
2008298N16085,2008,RASHMI,2008-10-25 06:00:00,TS,16.7,87.0,,, ,main,346,339.0,6.0,45.0,,0,0,regional_comparator,45.0,984.0,odisha_impact_neighboring_landfall
2008298N16085,2008,RASHMI,2008-10-25 09:00:00,TS,17.0,87.2,25.0,1002.0,newdelhi,main,340,313.0,7.0,20.0,46.300000000000004,0,0,regional_comparator,45.0,984.0,odisha_impact_neighboring_landfall
2008298N16085,2008,RASHMI,2008-10-25 12:00:00,TS,17.4,87.3,25.0,1002.0,newdelhi,main,305,284.0,7.0,10.0,46.300000000000004,0,0,regional_comparator,45.0,984.0,odisha_impact_neighboring_landfall
2008298N16085,2008,RASHMI,2008-10-25 15:00:00,TS,17.6,87.3,,, ,main,284,267.0,5.0,15.0,,0,0,regional_comparator,45.0,984.0,odisha_impact_neighboring_landfall
2008298N16085,2008,RASHMI,2008-10-25 18:00:00,TS,17.9,87.4,25.0,1002.0,newdelhi,main,257,257.0,3.0,15.0,46.300000000000004,0,0,regional_comparator,45.0,984.0,odisha_impact_neighboring_landfall
2008298N16085,2008,RASHMI,2008-10-25 21:00:00,TS,17.9,87.4,,, ,main,257,241.0,3.0,30.0,,0,0,regional_comparator,45.0,984.0,odisha_impact_neighboring_landfall
2008298N16085,2008,RASHMI,2008-10-26 00:00:00,TS,18.1,87.6,30.0,1000.0,newdelhi,main,247,231.0,7.0,40.0,55.56,0,0,regional_comparator,45.0,984.0,odisha_impact_neighboring_landfall
2008298N16085,2008,RASHMI,2008-10-26 03:00:00,TS,18.5,87.9,30.0,1000.0,newdelhi,main,230,230.0,6.0,40.0,55.56,0,0,regional_comparator,45.0,984.0,odisha_impact_neighboring_landfall
2008298N16085,2008,RASHMI,2008-10-26 06:00:00,TS,18.6,88.0,,, ,main,229,214.0,4.0,20.0,,0,0,regional_comparator,45.0,984.0,odisha_impact_neighboring_landfall
2008298N16085,2008,RASHMI,2008-10-26 09:00:00,TS,18.8,88.0,30.0,1000.0,newdelhi,main,214,189.0,12.0,20.0,55.56,0,0,regional_comparator,45.0,984.0,odisha_impact_neighboring_landfall
2008298N16085,2008,RASHMI,2008-10-26 12:00:00,TS,19.7,88.4,35.0,996.0,newdelhi,main,183,134.0,17.0,25.0,64.82000000000001,0,0,regional_comparator,45.0,984.0,odisha_impact_neighboring_landfall
2008298N16085,2008,RASHMI,2008-10-26 15:00:00,TS,20.4,88.8,40.0,996.0,newdelhi,main,134,70.0,16.0,30.0,74.08,0,0,regional_comparator,45.0,984.0,odisha_impact_neighboring_landfall
2008298N16085,2008,RASHMI,2008-10-26 18:00:00,TS,21.0,89.3,40.0,994.0,newdelhi,main,70,0.0,17.0,30.0,74.08,1,0,regional_comparator,45.0,984.0,odisha_impact_neighboring_landfall
2008298N16085,2008,RASHMI,2008-10-26 21:00:00,TS,21.9,89.8,45.0,984.0,newdelhi,main,0,0.0,22.0,25.0,83.34,1,1,regional_comparator,45.0,984.0,odisha_impact_neighboring_landfall
2008298N16085,2008,RASHMI,2008-10-27 00:00:00,TS,23.0,90.2,35.0,992.0,newdelhi,main,0,0.0,22.0,25.0,64.82000000000001,1,1,regional_comparator,45.0,984.0,odisha_impact_neighboring_landfall
2008298N16085,2008,RASHMI,2008-10-27 03:00:00,TS,23.9,90.7,30.0,1002.0,newdelhi,main,0,0.0,20.0,10.0,55.56,1,1,regional_comparator,45.0,984.0,odisha_impact_neighboring_landfall
2008298N16085,2008,RASHMI,2008-10-27 06:00:00,TS,25.0,90.6,,, ,main,0,,23.0,355.0,,0,1,regional_comparator,45.0,984.0,odisha_impact_neighboring_landfall
2009104N13088,2009,BIJLI,2009-04-14 00:00:00,DS,12.6,87.7,,, ,main,733,733.0,5.0,65.0,,0,0,regional_comparator,40.0,996.0,odisha_impact_neighboring_landfall
2009104N13088,2009,BIJLI,2009-04-14 03:00:00,DS,12.7,87.9,,, ,main,744,744.0,4.0,75.0,,0,0,regional_comparator,40.0,996.0,odisha_impact_neighboring_landfall
2009104N13088,2009,BIJLI,2009-04-14 06:00:00,TS,12.7,88.1,,, ,main,754,754.0,2.0,155.0,,0,0,regional_comparator,40.0,996.0,odisha_impact_neighboring_landfall
2009104N13088,2009,BIJLI,2009-04-14 09:00:00,TS,12.5,88.1,25.0,1004.0,newdelhi,main,765,764.0,4.0,205.0,46.300000000000004,0,0,regional_comparator,40.0,996.0,odisha_impact_neighboring_landfall
2009104N13088,2009,BIJLI,2009-04-14 12:00:00,TS,12.4,87.9,25.0,1002.0,newdelhi,main,764,756.0,3.0,245.0,46.300000000000004,0,0,regional_comparator,40.0,996.0,odisha_impact_neighboring_landfall
2009104N13088,2009,BIJLI,2009-04-14 15:00:00,TS,12.4,87.8,,, ,main,756,740.0,3.0,295.0,,0,0,regional_comparator,40.0,996.0,odisha_impact_neighboring_landfall
2009104N13088,2009,BIJLI,2009-04-14 18:00:00,TS,12.5,87.7,25.0,1002.0,newdelhi,main,740,720.0,4.0,355.0,46.300000000000004,0,0,regional_comparator,40.0,996.0,odisha_impact_neighboring_landfall
2009104N13088,2009,BIJLI,2009-04-14 21:00:00,TS,12.8,87.7,,, ,main,720,688.0,8.0,5.0,,0,0,regional_comparator,40.0,996.0,odisha_impact_neighboring_landfall
2009104N13088,2009,BIJLI,2009-04-15 00:00:00,TS,13.3,87.7,25.0,1000.0,newdelhi,main,679,608.0,12.0,340.0,46.300000000000004,0,0,regional_comparator,40.0,996.0,odisha_impact_neighboring_landfall
2009104N13088,2009,BIJLI,2009-04-15 03:00:00,TS,13.9,87.3,25.0,1000.0,newdelhi,main,599,541.0,13.0,335.0,46.300000000000004,0,0,regional_comparator,40.0,996.0,odisha_impact_neighboring_landfall
2009104N13088,2009,BIJLI,2009-04-15 06:00:00,TS,14.5,87.1,30.0,1000.0,newdelhi,main,532,470.0,13.0,330.0,55.56,0,0,regional_comparator,40.0,996.0,odisha_impact_neighboring_landfall
2009104N13088,2009,BIJLI,2009-04-15 09:00:00,TS,15.0,86.7,,, ,main,461,400.0,12.0,320.0,,0,0,regional_comparator,40.0,996.0,odisha_impact_neighboring_landfall
2009104N13088,2009,BIJLI,2009-04-15 12:00:00,TS,15.4,86.3,35.0,996.0,newdelhi,main,400,357.0,9.0,330.0,64.82000000000001,0,0,regional_comparator,40.0,996.0,odisha_impact_neighboring_landfall
2009104N13088,2009,BIJLI,2009-04-15 15:00:00,TS,15.8,86.2,40.0,996.0,newdelhi,main,357,332.0,8.0,355.0,74.08,0,0,regional_comparator,40.0,996.0,odisha_impact_neighboring_landfall
2009104N13088,2009,BIJLI,2009-04-15 18:00:00,TS,16.2,86.2,40.0,996.0,newdelhi,main,323,315.0,5.0,355.0,74.08,0,0,regional_comparator,40.0,996.0,odisha_impact_neighboring_landfall
2009104N13088,2009,BIJLI,2009-04-15 21:00:00,TS,16.3,86.2,40.0,996.0,newdelhi,main,315,277.0,6.0,335.0,74.08,0,0,regional_comparator,40.0,996.0,odisha_impact_neighboring_landfall
2009104N13088,2009,BIJLI,2009-04-16 00:00:00,TS,16.7,86.0,40.0,996.0,newdelhi,main,269,238.0,8.0,350.0,74.08,0,0,regional_comparator,40.0,996.0,odisha_impact_neighboring_landfall
2009104N13088,2009,BIJLI,2009-04-16 03:00:00,TS,17.1,86.0,40.0,996.0,newdelhi,main,238,215.0,9.0,10.0,74.08,0,0,regional_comparator,40.0,996.0,odisha_impact_neighboring_landfall
2009104N13088,2009,BIJLI,2009-04-16 06:00:00,TS,17.6,86.1,40.0,996.0,newdelhi,main,207,187.0,9.0,10.0,74.08,0,0,regional_comparator,40.0,996.0,odisha_impact_neighboring_landfall
2009104N13088,2009,BIJLI,2009-04-16 09:00:00,TS,18.0,86.2,40.0,996.0,newdelhi,main,191,172.0,10.0,25.0,74.08,0,0,regional_comparator,40.0,996.0,odisha_impact_neighboring_landfall
2009104N13088,2009,BIJLI,2009-04-16 12:00:00,TS,18.5,86.6,40.0,996.0,newdelhi,main,165,154.0,8.0,35.0,74.08,0,0,regional_comparator,40.0,996.0,odisha_impact_neighboring_landfall
2009104N13088,2009,BIJLI,2009-04-16 15:00:00,TS,18.6,86.7,40.0,996.0,newdelhi,main,158,107.0,10.0,30.0,74.08,0,0,regional_comparator,40.0,996.0,odisha_impact_neighboring_landfall
2009104N13088,2009,BIJLI,2009-04-16 18:00:00,TS,19.3,87.1,40.0,996.0,newdelhi,main,107,99.0,14.0,35.0,74.08,0,0,regional_comparator,40.0,996.0,odisha_impact_neighboring_landfall
2009104N13088,2009,BIJLI,2009-04-16 21:00:00,TS,19.8,87.6,40.0,996.0,newdelhi,main,109,104.0,13.0,45.0,74.08,0,0,regional_comparator,40.0,996.0,odisha_impact_neighboring_landfall
2009104N13088,2009,BIJLI,2009-04-17 00:00:00,TS,20.3,88.1,40.0,996.0,newdelhi,main,122,122.0,12.0,55.0,74.08,0,0,regional_comparator,40.0,996.0,odisha_impact_neighboring_landfall
2009104N13088,2009,BIJLI,2009-04-17 03:00:00,TS,20.5,88.6,35.0,996.0,newdelhi,main,123,78.0,12.0,60.0,64.82000000000001,0,0,regional_comparator,40.0,996.0,odisha_impact_neighboring_landfall
2009104N13088,2009,BIJLI,2009-04-17 06:00:00,TS,20.9,89.2,35.0,996.0,newdelhi,main,78,54.0,14.0,55.0,64.82000000000001,0,0,regional_comparator,40.0,996.0,odisha_impact_neighboring_landfall
2009104N13088,2009,BIJLI,2009-04-17 09:00:00,TS,21.3,89.8,30.0,996.0,newdelhi,main,55,44.0,13.0,65.0,55.56,0,0,regional_comparator,40.0,996.0,odisha_impact_neighboring_landfall
2009104N13088,2009,BIJLI,2009-04-17 12:00:00,TS,21.4,90.4,25.0,996.0,newdelhi,main,49,45.0,15.0,70.0,46.300000000000004,0,0,regional_comparator,40.0,996.0,odisha_impact_neighboring_landfall
2009104N13088,2009,BIJLI,2009-04-17 15:00:00,TS,21.7,91.3,25.0,996.0,newdelhi,main,62,10.0,14.0,70.0,46.300000000000004,0,0,regional_comparator,40.0,996.0,odisha_impact_neighboring_landfall
2009104N13088,2009,BIJLI,2009-04-17 18:00:00,TS,21.9,91.8,,, ,main,10,0.0,12.0,70.0,,1,0,regional_comparator,40.0,996.0,odisha_impact_neighboring_landfall
2009104N13088,2009,BIJLI,2009-04-17 21:00:00,TS,22.1,92.4,,, ,main,0,0.0,13.0,65.0,,1,1,regional_comparator,40.0,996.0,odisha_impact_neighboring_landfall
2009104N13088,2009,BIJLI,2009-04-18 00:00:00,TS,22.4,93.1,,, ,main,0,,13.0,70.0,,0,1,regional_comparator,40.0,996.0,odisha_impact_neighboring_landfall
2009143N17089,2009,AILA,2009-05-22 18:00:00,DS,16.9,88.8,,, ,main,429,429.0,3.0,195.0,,0,0,regional_comparator,60.0,968.0,regional_comparator
2009143N17089,2009,AILA,2009-05-22 21:00:00,DS,16.7,88.8,,, ,main,447,447.0,2.0,170.0,,0,0,regional_comparator,60.0,968.0,regional_comparator
2009143N17089,2009,AILA,2009-05-23 00:00:00,DS,16.7,88.8,,, ,main,447,444.0,2.0,60.0,,0,0,regional_comparator,60.0,968.0,regional_comparator
2009143N17089,2009,AILA,2009-05-23 03:00:00,DS,16.8,88.9,,, ,main,444,429.0,2.0,10.0,,0,0,regional_comparator,60.0,968.0,regional_comparator
2009143N17089,2009,AILA,2009-05-23 06:00:00,TS,16.9,88.8,25.0,998.0,newdelhi,main,429,417.0,3.0,280.0,46.300000000000004,0,0,regional_comparator,60.0,968.0,regional_comparator
2009143N17089,2009,AILA,2009-05-23 09:00:00,TS,16.9,88.6,,, ,main,417,411.0,3.0,270.0,,0,0,regional_comparator,60.0,968.0,regional_comparator
2009143N17089,2009,AILA,2009-05-23 12:00:00,TS,16.9,88.5,25.0,994.0,newdelhi,main,411,402.0,2.0,330.0,46.300000000000004,0,0,regional_comparator,60.0,968.0,regional_comparator
2009143N17089,2009,AILA,2009-05-23 15:00:00,TS,17.1,88.5,,, ,main,392,383.0,4.0,20.0,,0,0,regional_comparator,60.0,968.0,regional_comparator
2009143N17089,2009,AILA,2009-05-23 18:00:00,TS,17.3,88.6,25.0,996.0,newdelhi,main,380,380.0,2.0,20.0,46.300000000000004,0,0,regional_comparator,60.0,968.0,regional_comparator
2009143N17089,2009,AILA,2009-05-23 21:00:00,TS,17.2,88.6,,, ,main,389,374.0,1.0,315.0,,0,0,regional_comparator,60.0,968.0,regional_comparator
2009143N17089,2009,AILA,2009-05-24 00:00:00,TS,17.4,88.5,25.0,996.0,newdelhi,main,365,322.0,7.0,350.0,46.300000000000004,0,0,regional_comparator,60.0,968.0,regional_comparator
2009143N17089,2009,AILA,2009-05-24 03:00:00,TS,17.9,88.4,30.0,992.0,newdelhi,main,315,307.0,7.0,350.0,55.56,0,0,regional_comparator,60.0,968.0,regional_comparator
2009143N17089,2009,AILA,2009-05-24 06:00:00,TS,18.0,88.4,30.0,988.0,newdelhi,main,307,291.0,2.0,330.0,55.56,0,0,regional_comparator,60.0,968.0,regional_comparator
2009143N17089,2009,AILA,2009-05-24 09:00:00,TS,18.1,88.3,30.0,986.0,newdelhi,main,291,260.0,5.0,350.0,55.56,0,0,regional_comparator,60.0,968.0,regional_comparator
2009143N17089,2009,AILA,2009-05-24 12:00:00,TS,18.5,88.3,35.0,986.0,newdelhi,main,260,229.0,8.0,355.0,64.82000000000001,0,0,regional_comparator,60.0,968.0,regional_comparator
2009143N17089,2009,AILA,2009-05-24 15:00:00,TS,18.9,88.3,35.0,986.0,newdelhi,main,229,221.0,6.0,0.0,64.82000000000001,0,0,regional_comparator,60.0,968.0,regional_comparator
2009143N17089,2009,AILA,2009-05-24 18:00:00,TS,19.1,88.3,35.0,986.0,newdelhi,main,214,160.0,9.0,345.0,64.82000000000001,0,0,regional_comparator,60.0,968.0,regional_comparator
2009143N17089,2009,AILA,2009-05-24 21:00:00,TS,19.7,88.0,40.0,984.0,newdelhi,main,151,130.0,10.0,345.0,74.08,0,0,regional_comparator,60.0,968.0,regional_comparator
2009143N17089,2009,AILA,2009-05-25 00:00:00,TS,20.0,88.1,40.0,980.0,newdelhi,main,138,112.0,9.0,5.0,74.08,0,0,regional_comparator,60.0,968.0,regional_comparator
2009143N17089,2009,AILA,2009-05-25 03:00:00,TS,20.6,88.1,50.0,978.0,newdelhi,main,112,15.0,16.0,5.0,92.60000000000001,0,0,regional_comparator,60.0,968.0,regional_comparator
2009143N17089,2009,AILA,2009-05-25 06:00:00,TS,21.6,88.2,55.0,974.0,newdelhi,main,0,0.0,15.0,5.0,101.86,1,1,regional_comparator,60.0,968.0,regional_comparator
2009143N17089,2009,AILA,2009-05-25 09:00:00,TS,22.1,88.2,60.0,968.0,newdelhi,main,0,0.0,12.0,0.0,111.12,1,1,regional_comparator,60.0,968.0,regional_comparator
2009143N17089,2009,AILA,2009-05-25 12:00:00,TS,22.7,88.2,50.0,970.0,newdelhi,main,0,0.0,11.0,0.0,92.60000000000001,1,1,regional_comparator,60.0,968.0,regional_comparator
2009143N17089,2009,AILA,2009-05-25 15:00:00,TS,23.3,88.2,45.0,978.0,newdelhi,main,0,0.0,12.0,0.0,83.34,1,1,regional_comparator,60.0,968.0,regional_comparator
2009143N17089,2009,AILA,2009-05-25 18:00:00,TS,23.9,88.3,40.0,980.0,newdelhi,main,0,0.0,12.0,5.0,74.08,1,1,regional_comparator,60.0,968.0,regional_comparator
2009143N17089,2009,AILA,2009-05-25 21:00:00,TS,24.5,88.3,35.0,981.0,newdelhi,main,0,0.0,15.0,5.0,64.82000000000001,1,1,regional_comparator,60.0,968.0,regional_comparator
2009143N17089,2009,AILA,2009-05-26 00:00:00,TS,25.4,88.4,30.0,982.0,newdelhi,main,0,0.0,14.0,5.0,55.56,1,1,regional_comparator,60.0,968.0,regional_comparator
2009143N17089,2009,AILA,2009-05-26 03:00:00,TS,25.9,88.4,25.0,988.0,newdelhi,main,0,0.0,16.0,15.0,46.300000000000004,1,1,regional_comparator,60.0,968.0,regional_comparator
2009143N17089,2009,AILA,2009-05-26 06:00:00,MX,26.9,88.8,20.0,992.0,newdelhi,main,0,,21.0,15.0,37.04,0,1,regional_comparator,60.0,968.0,regional_comparator
2011167N22089,2011,UNNAMED,2011-06-16 03:00:00,TS,21.5,89.0,25.0,986.0,newdelhi,main,11,11.0,0.0,0.0,46.300000000000004,0,0,regional_comparator,35.0,978.0,regional_comparator
2011167N22089,2011,UNNAMED,2011-06-16 06:00:00,TS,21.5,89.0,25.0,986.0,newdelhi,main,11,0.0,2.0,0.0,46.300000000000004,1,0,regional_comparator,35.0,978.0,regional_comparator
2011167N22089,2011,UNNAMED,2011-06-16 09:00:00,TS,21.7,89.0,,, ,main,0,0.0,5.0,0.0,,1,1,regional_comparator,35.0,978.0,regional_comparator
2011167N22089,2011,UNNAMED,2011-06-16 12:00:00,TS,22.0,89.0,30.0,984.0,newdelhi,main,0,0.0,6.0,0.0,55.56,1,1,regional_comparator,35.0,978.0,regional_comparator
2011167N22089,2011,UNNAMED,2011-06-16 15:00:00,TS,22.3,89.0,,, ,main,0,0.0,5.0,0.0,,1,1,regional_comparator,35.0,978.0,regional_comparator
2011167N22089,2011,UNNAMED,2011-06-16 18:00:00,TS,22.5,89.0,30.0,984.0,newdelhi,main,0,0.0,2.0,5.0,55.56,1,1,regional_comparator,35.0,978.0,regional_comparator
2011167N22089,2011,UNNAMED,2011-06-16 21:00:00,TS,22.5,89.0,,, ,main,0,0.0,0.0,0.0,,1,1,regional_comparator,35.0,978.0,regional_comparator
2011167N22089,2011,UNNAMED,2011-06-17 00:00:00,TS,22.5,89.0,30.0,984.0,newdelhi,main,0,0.0,0.0,150.0,55.56,1,1,regional_comparator,35.0,978.0,regional_comparator
2011167N22089,2011,UNNAMED,2011-06-17 03:00:00,TS,22.5,89.0,30.0,984.0,newdelhi,main,0,0.0,6.0,305.0,55.56,1,1,regional_comparator,35.0,978.0,regional_comparator
2011167N22089,2011,UNNAMED,2011-06-17 06:00:00,TS,22.8,88.5,35.0,978.0,newdelhi,main,0,0.0,9.0,300.0,64.82000000000001,1,1,regional_comparator,35.0,978.0,regional_comparator
2011167N22089,2011,UNNAMED,2011-06-17 09:00:00,TS,23.0,88.2,,, ,main,0,0.0,5.0,295.0,,1,1,regional_comparator,35.0,978.0,regional_comparator
2011167N22089,2011,UNNAMED,2011-06-17 12:00:00,TS,23.0,88.0,25.0,982.0,newdelhi,main,0,0.0,2.0,290.0,46.300000000000004,1,1,regional_comparator,35.0,978.0,regional_comparator
2011167N22089,2011,UNNAMED,2011-06-17 15:00:00,TS,23.0,88.0,,, ,main,0,0.0,0.0,0.0,,1,1,regional_comparator,35.0,978.0,regional_comparator
2011167N22089,2011,UNNAMED,2011-06-17 18:00:00,TS,23.0,88.0,25.0,984.0,newdelhi,main,0,0.0,2.0,265.0,46.300000000000004,1,1,regional_comparator,35.0,978.0,regional_comparator
2011167N22089,2011,UNNAMED,2011-06-17 21:00:00,TS,23.0,87.8,,, ,main,0,0.0,5.0,270.0,,1,1,regional_comparator,35.0,978.0,regional_comparator
2011167N22089,2011,UNNAMED,2011-06-18 00:00:00,TS,23.0,87.5,25.0,984.0,newdelhi,main,0,0.0,8.0,270.0,46.300000000000004,1,1,regional_comparator,35.0,978.0,regional_comparator
2011167N22089,2011,UNNAMED,2011-06-18 03:00:00,TS,23.0,87.0,25.0,984.0,newdelhi,main,0,0.0,5.0,270.0,46.300000000000004,1,1,regional_comparator,35.0,978.0,regional_comparator
2011167N22089,2011,UNNAMED,2011-06-18 06:00:00,TS,23.0,87.0,25.0,984.0,newdelhi,main,0,0.0,0.0,90.0,46.300000000000004,1,1,regional_comparator,35.0,978.0,regional_comparator
2011167N22089,2011,UNNAMED,2011-06-18 09:00:00,TS,23.0,87.0,,, ,main,0,0.0,0.0,0.0,,1,1,regional_comparator,35.0,978.0,regional_comparator
2011167N22089,2011,UNNAMED,2011-06-18 12:00:00,TS,23.0,87.0,25.0,984.0,newdelhi,main,0,0.0,2.0,270.0,46.300000000000004,1,1,regional_comparator,35.0,978.0,regional_comparator
2011167N22089,2011,UNNAMED,2011-06-18 15:00:00,TS,23.0,86.8,,, ,main,0,0.0,5.0,270.0,,1,1,regional_comparator,35.0,978.0,regional_comparator
2011167N22089,2011,UNNAMED,2011-06-18 18:00:00,TS,23.0,86.5,25.0,986.0,newdelhi,main,0,0.0,5.0,255.0,46.300000000000004,1,1,regional_comparator,35.0,978.0,regional_comparator
2011167N22089,2011,UNNAMED,2011-06-18 21:00:00,TS,22.9,86.3,,, ,main,0,0.0,5.0,270.0,,1,1,regional_comparator,35.0,978.0,regional_comparator
2011167N22089,2011,UNNAMED,2011-06-19 00:00:00,TS,23.0,86.0,25.0,986.0,newdelhi,main,0,0.0,10.0,310.0,46.300000000000004,1,1,regional_comparator,35.0,978.0,regional_comparator
2011167N22089,2011,UNNAMED,2011-06-19 03:00:00,TS,23.5,85.5,25.0,987.0,newdelhi,main,0,0.0,7.0,315.0,46.300000000000004,1,1,regional_comparator,35.0,978.0,regional_comparator
2011167N22089,2011,UNNAMED,2011-06-19 06:00:00,TS,23.5,85.5,25.0,987.0,newdelhi,main,0,0.0,2.0,270.0,46.300000000000004,1,1,regional_comparator,35.0,978.0,regional_comparator
2011167N22089,2011,UNNAMED,2011-06-19 09:00:00,TS,23.5,85.3,,, ,main,0,0.0,5.0,270.0,,1,1,regional_comparator,35.0,978.0,regional_comparator
2011167N22089,2011,UNNAMED,2011-06-19 12:00:00,TS,23.5,85.0,25.0,987.0,newdelhi,main,0,0.0,5.0,270.0,46.300000000000004,1,1,regional_comparator,35.0,978.0,regional_comparator
2011167N22089,2011,UNNAMED,2011-06-19 15:00:00,TS,23.5,84.8,,, ,main,0,0.0,5.0,270.0,,1,1,regional_comparator,35.0,978.0,regional_comparator
2011167N22089,2011,UNNAMED,2011-06-19 18:00:00,TS,23.5,84.5,25.0,987.0,newdelhi,main,0,0.0,4.0,265.0,46.300000000000004,1,1,regional_comparator,35.0,978.0,regional_comparator
2011167N22089,2011,UNNAMED,2011-06-19 21:00:00,TS,23.5,84.3,,, ,main,0,0.0,5.0,270.0,,1,1,regional_comparator,35.0,978.0,regional_comparator
2011167N22089,2011,UNNAMED,2011-06-20 00:00:00,TS,23.5,84.0,25.0,987.0,newdelhi,main,0,0.0,8.0,290.0,46.300000000000004,1,1,regional_comparator,35.0,978.0,regional_comparator
2011167N22089,2011,UNNAMED,2011-06-20 03:00:00,TS,23.7,83.5,25.0,987.0,newdelhi,main,0,0.0,5.0,295.0,46.300000000000004,1,1,regional_comparator,35.0,978.0,regional_comparator
2011167N22089,2011,UNNAMED,2011-06-20 06:00:00,TS,23.7,83.5,20.0,990.0,newdelhi,main,0,0.0,3.0,305.0,37.04,1,1,regional_comparator,35.0,978.0,regional_comparator
2011167N22089,2011,UNNAMED,2011-06-20 09:00:00,TS,23.8,83.3,,, ,main,0,0.0,5.0,305.0,,1,1,regional_comparator,35.0,978.0,regional_comparator
2011167N22089,2011,UNNAMED,2011-06-20 12:00:00,TS,24.0,83.0,20.0,990.0,newdelhi,main,0,0.0,3.0,300.0,37.04,1,1,regional_comparator,35.0,978.0,regional_comparator
2011167N22089,2011,UNNAMED,2011-06-20 15:00:00,TS,24.0,83.0,,, ,main,0,0.0,0.0,0.0,,1,1,regional_comparator,35.0,978.0,regional_comparator
2011167N22089,2011,UNNAMED,2011-06-20 18:00:00,TS,24.0,83.0,20.0,990.0,newdelhi,main,0,0.0,3.0,330.0,37.04,1,1,regional_comparator,35.0,978.0,regional_comparator
2011167N22089,2011,UNNAMED,2011-06-20 21:00:00,TS,24.3,82.8,,, ,main,0,0.0,7.0,320.0,,1,1,regional_comparator,35.0,978.0,regional_comparator
2011167N22089,2011,UNNAMED,2011-06-21 00:00:00,TS,24.5,82.5,20.0,990.0,newdelhi,main,0,0.0,8.0,285.0,37.04,1,1,regional_comparator,35.0,978.0,regional_comparator
2011167N22089,2011,UNNAMED,2011-06-21 03:00:00,TS,24.5,82.0,20.0,990.0,newdelhi,main,0,0.0,9.0,270.0,37.04,1,1,regional_comparator,35.0,978.0,regional_comparator
2011167N22089,2011,UNNAMED,2011-06-21 06:00:00,TS,24.5,81.5,20.0,990.0,newdelhi,main,0,0.0,8.0,270.0,37.04,1,1,regional_comparator,35.0,978.0,regional_comparator
2011167N22089,2011,UNNAMED,2011-06-21 09:00:00,TS,24.5,81.2,,, ,main,0,0.0,5.0,270.0,,1,1,regional_comparator,35.0,978.0,regional_comparator
2011167N22089,2011,UNNAMED,2011-06-21 12:00:00,TS,24.5,81.0,20.0,990.0,newdelhi,main,0,0.0,1.0,270.0,37.04,1,1,regional_comparator,35.0,978.0,regional_comparator
2011167N22089,2011,UNNAMED,2011-06-21 15:00:00,TS,24.5,81.0,,, ,main,0,0.0,0.0,0.0,,1,1,regional_comparator,35.0,978.0,regional_comparator
2011167N22089,2011,UNNAMED,2011-06-21 18:00:00,TS,24.5,81.0,20.0,990.0,newdelhi,main,0,0.0,1.0,270.0,37.04,1,1,regional_comparator,35.0,978.0,regional_comparator
2011167N22089,2011,UNNAMED,2011-06-21 21:00:00,TS,24.5,80.8,,, ,main,0,0.0,5.0,270.0,,1,1,regional_comparator,35.0,978.0,regional_comparator
2011167N22089,2011,UNNAMED,2011-06-22 00:00:00,TS,24.5,80.5,20.0,991.0,newdelhi,main,0,0.0,8.0,270.0,37.04,1,1,regional_comparator,35.0,978.0,regional_comparator
2011167N22089,2011,UNNAMED,2011-06-22 03:00:00,TS,24.5,80.0,20.0,992.0,newdelhi,main,0,0.0,5.0,270.0,37.04,1,1,regional_comparator,35.0,978.0,regional_comparator
2011167N22089,2011,UNNAMED,2011-06-22 06:00:00,TS,24.5,80.0,20.0,992.0,newdelhi,main,0,0.0,3.0,270.0,37.04,1,1,regional_comparator,35.0,978.0,regional_comparator
2011167N22089,2011,UNNAMED,2011-06-22 09:00:00,TS,24.5,79.6,,, ,main,0,0.0,8.0,270.0,,1,1,regional_comparator,35.0,978.0,regional_comparator
2011167N22089,2011,UNNAMED,2011-06-22 12:00:00,TS,24.5,79.1,20.0,994.0,newdelhi,main,0,0.0,8.0,270.0,37.04,1,1,regional_comparator,35.0,978.0,regional_comparator
2011167N22089,2011,UNNAMED,2011-06-22 15:00:00,TS,24.5,78.7,,, ,main,0,0.0,5.0,270.0,,1,1,regional_comparator,35.0,978.0,regional_comparator
2011167N22089,2011,UNNAMED,2011-06-22 18:00:00,TS,24.5,78.5,20.0,992.0,newdelhi,main,0,,4.0,270.0,37.04,0,1,regional_comparator,35.0,978.0,regional_comparator
2013130N04093,2013,MAHASEN:VIYARU,2013-05-09 18:00:00,DS,4.4,93.0,,, ,main,264,233.0,7.0,85.0,,0,0,regional_comparator,45.0,990.0,regional_comparator
2013130N04093,2013,MAHASEN:VIYARU,2013-05-09 21:00:00,DS,4.4,93.3,,, ,main,233,208.0,5.0,80.0,,0,0,regional_comparator,45.0,990.0,regional_comparator
2013130N04093,2013,MAHASEN:VIYARU,2013-05-10 00:00:00,TS,4.5,93.5,,, ,main,208,204.0,3.0,0.0,,0,0,regional_comparator,45.0,990.0,regional_comparator
2013130N04093,2013,MAHASEN:VIYARU,2013-05-10 03:00:00,TS,4.7,93.3,,, ,main,221,221.0,6.0,310.0,,0,0,regional_comparator,45.0,990.0,regional_comparator
2013130N04093,2013,MAHASEN:VIYARU,2013-05-10 06:00:00,TS,4.9,93.0,,, ,main,247,247.0,8.0,300.0,,0,0,regional_comparator,45.0,990.0,regional_comparator
2013130N04093,2013,MAHASEN:VIYARU,2013-05-10 09:00:00,TS,5.1,92.6,25.0,1004.0,newdelhi,main,289,289.0,9.0,310.0,46.300000000000004,0,0,regional_comparator,45.0,990.0,regional_comparator
2013130N04093,2013,MAHASEN:VIYARU,2013-05-10 12:00:00,TS,5.4,92.3,30.0,1002.0,newdelhi,main,321,321.0,9.0,320.0,55.56,0,0,regional_comparator,45.0,990.0,regional_comparator
2013130N04093,2013,MAHASEN:VIYARU,2013-05-10 15:00:00,TS,5.8,92.0,,, ,main,355,355.0,10.0,315.0,,0,0,regional_comparator,45.0,990.0,regional_comparator
2013130N04093,2013,MAHASEN:VIYARU,2013-05-10 18:00:00,TS,6.1,91.7,30.0,1000.0,newdelhi,main,391,391.0,9.0,315.0,55.56,0,0,regional_comparator,45.0,990.0,regional_comparator
2013130N04093,2013,MAHASEN:VIYARU,2013-05-10 21:00:00,TS,6.4,91.3,,, ,main,440,440.0,10.0,315.0,,0,0,regional_comparator,45.0,990.0,regional_comparator
2013130N04093,2013,MAHASEN:VIYARU,2013-05-11 00:00:00,TS,6.8,91.0,30.0,998.0,newdelhi,main,483,483.0,13.0,315.0,55.56,0,0,regional_comparator,45.0,990.0,regional_comparator
2013130N04093,2013,MAHASEN:VIYARU,2013-05-11 03:00:00,TS,7.3,90.4,35.0,996.0,newdelhi,main,564,564.0,12.0,320.0,64.82000000000001,0,0,regional_comparator,45.0,990.0,regional_comparator
2013130N04093,2013,MAHASEN:VIYARU,2013-05-11 06:00:00,TS,7.8,90.2,35.0,996.0,newdelhi,main,605,605.0,10.0,310.0,64.82000000000001,0,0,regional_comparator,45.0,990.0,regional_comparator
2013130N04093,2013,MAHASEN:VIYARU,2013-05-11 09:00:00,TS,7.9,89.7,35.0,996.0,newdelhi,main,660,660.0,11.0,300.0,64.82000000000001,0,0,regional_comparator,45.0,990.0,regional_comparator
2013130N04093,2013,MAHASEN:VIYARU,2013-05-11 12:00:00,TS,8.3,89.2,40.0,994.0,newdelhi,main,728,728.0,12.0,310.0,74.08,0,0,regional_comparator,45.0,990.0,regional_comparator
2013130N04093,2013,MAHASEN:VIYARU,2013-05-11 15:00:00,TS,8.7,88.8,40.0,994.0,newdelhi,main,780,771.0,9.0,325.0,74.08,0,0,regional_comparator,45.0,990.0,regional_comparator
2013130N04093,2013,MAHASEN:VIYARU,2013-05-11 18:00:00,TS,9.1,88.7,40.0,994.0,newdelhi,main,778,740.0,9.0,325.0,74.08,0,0,regional_comparator,45.0,990.0,regional_comparator
2013130N04093,2013,MAHASEN:VIYARU,2013-05-11 21:00:00,TS,9.4,88.3,40.0,994.0,newdelhi,main,743,711.0,10.0,315.0,74.08,0,0,regional_comparator,45.0,990.0,regional_comparator
2013130N04093,2013,MAHASEN:VIYARU,2013-05-12 00:00:00,TS,9.8,87.9,40.0,994.0,newdelhi,main,714,683.0,8.0,300.0,74.08,0,0,regional_comparator,45.0,990.0,regional_comparator
2013130N04093,2013,MAHASEN:VIYARU,2013-05-12 03:00:00,TS,9.8,87.5,40.0,994.0,newdelhi,main,673,673.0,5.0,295.0,74.08,0,0,regional_comparator,45.0,990.0,regional_comparator
2013130N04093,2013,MAHASEN:VIYARU,2013-05-12 06:00:00,TS,10.0,87.5,40.0,994.0,newdelhi,main,682,651.0,6.0,315.0,74.08,0,0,regional_comparator,45.0,990.0,regional_comparator
2013130N04093,2013,MAHASEN:VIYARU,2013-05-12 09:00:00,TS,10.3,87.1,40.0,994.0,newdelhi,main,656,651.0,6.0,315.0,74.08,0,0,regional_comparator,45.0,990.0,regional_comparator
2013130N04093,2013,MAHASEN:VIYARU,2013-05-12 12:00:00,TS,10.4,87.0,40.0,994.0,newdelhi,main,651,626.0,5.0,300.0,74.08,0,0,regional_comparator,45.0,990.0,regional_comparator
2013130N04093,2013,MAHASEN:VIYARU,2013-05-12 15:00:00,TS,10.5,86.7,40.0,994.0,newdelhi,main,626,621.0,6.0,320.0,74.08,0,0,regional_comparator,45.0,990.0,regional_comparator
2013130N04093,2013,MAHASEN:VIYARU,2013-05-12 18:00:00,TS,10.9,86.6,40.0,994.0,newdelhi,main,635,635.0,5.0,350.0,74.08,0,0,regional_comparator,45.0,990.0,regional_comparator
2013130N04093,2013,MAHASEN:VIYARU,2013-05-12 21:00:00,TS,11.0,86.5,40.0,994.0,newdelhi,main,640,635.0,6.0,350.0,74.08,0,0,regional_comparator,45.0,990.0,regional_comparator
2013130N04093,2013,MAHASEN:VIYARU,2013-05-13 00:00:00,TS,11.5,86.5,40.0,994.0,newdelhi,main,658,658.0,8.0,350.0,74.08,0,0,regional_comparator,45.0,990.0,regional_comparator
2013130N04093,2013,MAHASEN:VIYARU,2013-05-13 03:00:00,TS,11.8,86.4,40.0,994.0,newdelhi,main,666,666.0,5.0,345.0,74.08,0,0,regional_comparator,45.0,990.0,regional_comparator
2013130N04093,2013,MAHASEN:VIYARU,2013-05-13 06:00:00,TS,12.0,86.4,40.0,994.0,newdelhi,main,676,633.0,5.0,295.0,74.08,0,0,regional_comparator,45.0,990.0,regional_comparator
2013130N04093,2013,MAHASEN:VIYARU,2013-05-13 09:00:00,TS,12.0,85.9,40.0,994.0,newdelhi,main,622,610.0,6.0,290.0,74.08,0,0,regional_comparator,45.0,990.0,regional_comparator
2013130N04093,2013,MAHASEN:VIYARU,2013-05-13 12:00:00,TS,12.2,85.8,40.0,994.0,newdelhi,main,609,578.0,6.0,340.0,74.08,0,0,regional_comparator,45.0,990.0,regional_comparator
2013130N04093,2013,MAHASEN:VIYARU,2013-05-13 15:00:00,TS,12.6,85.7,40.0,994.0,newdelhi,main,578,547.0,7.0,330.0,74.08,0,0,regional_comparator,45.0,990.0,regional_comparator
2013130N04093,2013,MAHASEN:VIYARU,2013-05-13 18:00:00,TS,12.8,85.5,40.0,994.0,newdelhi,main,547,505.0,7.0,335.0,74.08,0,0,regional_comparator,45.0,990.0,regional_comparator
2013130N04093,2013,MAHASEN:VIYARU,2013-05-13 21:00:00,TS,13.2,85.4,40.0,994.0,newdelhi,main,505,472.0,8.0,0.0,74.08,0,0,regional_comparator,45.0,990.0,regional_comparator
2013130N04093,2013,MAHASEN:VIYARU,2013-05-14 00:00:00,TS,13.6,85.5,40.0,994.0,newdelhi,main,480,472.0,5.0,10.0,74.08,0,0,regional_comparator,45.0,990.0,regional_comparator
2013130N04093,2013,MAHASEN:VIYARU,2013-05-14 03:00:00,TS,13.7,85.5,40.0,994.0,newdelhi,main,472,451.0,5.0,20.0,74.08,0,0,regional_comparator,45.0,990.0,regional_comparator
2013130N04093,2013,MAHASEN:VIYARU,2013-05-14 06:00:00,TS,14.1,85.7,40.0,994.0,newdelhi,main,459,452.0,5.0,25.0,74.08,0,0,regional_comparator,45.0,990.0,regional_comparator
2013130N04093,2013,MAHASEN:VIYARU,2013-05-14 09:00:00,TS,14.2,85.7,40.0,994.0,newdelhi,main,452,452.0,7.0,40.0,74.08,0,0,regional_comparator,45.0,990.0,regional_comparator
2013130N04093,2013,MAHASEN:VIYARU,2013-05-14 12:00:00,TS,14.6,86.1,40.0,994.0,newdelhi,main,456,448.0,8.0,35.0,74.08,0,0,regional_comparator,45.0,990.0,regional_comparator
2013130N04093,2013,MAHASEN:VIYARU,2013-05-14 15:00:00,TS,14.8,86.2,40.0,994.0,newdelhi,main,448,428.0,9.0,35.0,74.08,0,0,regional_comparator,45.0,990.0,regional_comparator
2013130N04093,2013,MAHASEN:VIYARU,2013-05-14 18:00:00,TS,15.3,86.6,40.0,994.0,newdelhi,main,428,401.0,11.0,25.0,74.08,0,0,regional_comparator,45.0,990.0,regional_comparator
2013130N04093,2013,MAHASEN:VIYARU,2013-05-14 21:00:00,TS,15.8,86.7,40.0,994.0,newdelhi,main,393,385.0,11.0,25.0,74.08,0,0,regional_comparator,45.0,990.0,regional_comparator
2013130N04093,2013,MAHASEN:VIYARU,2013-05-15 00:00:00,TS,16.3,87.1,40.0,994.0,newdelhi,main,384,361.0,11.0,25.0,74.08,0,0,regional_comparator,45.0,990.0,regional_comparator
2013130N04093,2013,MAHASEN:VIYARU,2013-05-15 03:00:00,TS,16.7,87.2,40.0,992.0,newdelhi,main,361,334.0,11.0,25.0,74.08,0,0,regional_comparator,45.0,990.0,regional_comparator
2013130N04093,2013,MAHASEN:VIYARU,2013-05-15 06:00:00,TS,17.3,87.6,45.0,990.0,newdelhi,main,327,291.0,11.0,30.0,83.34,0,0,regional_comparator,45.0,990.0,regional_comparator
2013130N04093,2013,MAHASEN:VIYARU,2013-05-15 09:00:00,TS,17.7,87.7,45.0,990.0,newdelhi,main,291,269.0,12.0,30.0,83.34,0,0,regional_comparator,45.0,990.0,regional_comparator
2013130N04093,2013,MAHASEN:VIYARU,2013-05-15 12:00:00,TS,18.3,88.2,45.0,990.0,newdelhi,main,268,260.0,13.0,35.0,83.34,0,0,regional_comparator,45.0,990.0,regional_comparator
2013130N04093,2013,MAHASEN:VIYARU,2013-05-15 15:00:00,TS,18.8,88.6,45.0,990.0,newdelhi,main,260,236.0,12.0,25.0,83.34,0,0,regional_comparator,45.0,990.0,regional_comparator
2013130N04093,2013,MAHASEN:VIYARU,2013-05-15 18:00:00,TS,19.3,88.8,45.0,990.0,newdelhi,main,237,201.0,12.0,30.0,83.34,0,0,regional_comparator,45.0,990.0,regional_comparator
2013130N04093,2013,MAHASEN:VIYARU,2013-05-15 21:00:00,TS,19.8,89.2,45.0,990.0,newdelhi,main,201,154.0,13.0,40.0,83.34,0,0,regional_comparator,45.0,990.0,regional_comparator
2013130N04093,2013,MAHASEN:VIYARU,2013-05-16 00:00:00,TS,20.4,89.7,45.0,990.0,newdelhi,main,147,67.0,17.0,35.0,83.34,0,0,regional_comparator,45.0,990.0,regional_comparator
2013130N04093,2013,MAHASEN:VIYARU,2013-05-16 03:00:00,TS,21.2,90.2,45.0,990.0,newdelhi,main,67,0.0,25.0,30.0,83.34,1,0,regional_comparator,45.0,990.0,regional_comparator
2013130N04093,2013,MAHASEN:VIYARU,2013-05-16 06:00:00,TS,22.5,91.0,45.0,990.0,newdelhi,main,10,0.0,27.0,35.0,83.34,1,0,regional_comparator,45.0,990.0,regional_comparator
2013130N04093,2013,MAHASEN:VIYARU,2013-05-16 09:00:00,TS,23.4,91.9,40.0,994.0,newdelhi,main,0,0.0,21.0,40.0,74.08,1,1,regional_comparator,45.0,990.0,regional_comparator
2013130N04093,2013,MAHASEN:VIYARU,2013-05-16 12:00:00,TS,24.1,92.5,30.0,996.0,newdelhi,main,0,0.0,14.0,45.0,55.56,1,1,regional_comparator,45.0,990.0,regional_comparator
2013130N04093,2013,MAHASEN:VIYARU,2013-05-16 15:00:00,TS,24.5,93.0,,, ,main,0,0.0,13.0,45.0,,1,1,regional_comparator,45.0,990.0,regional_comparator
2013130N04093,2013,MAHASEN:VIYARU,2013-05-16 18:00:00,TS,25.0,93.5,25.0,998.0,newdelhi,main,0,,14.0,40.0,46.300000000000004,0,1,regional_comparator,45.0,990.0,regional_comparator
2013281N12098,2013,PHAILIN,2013-10-07 12:00:00,DS,11.8,97.6,,, ,main,98,98.0,13.0,285.0,,0,0,direct_odisha,115.0,940.0,direct_odisha
2013281N12098,2013,PHAILIN,2013-10-07 15:00:00,DS,12.0,97.0,,, ,main,163,163.0,12.0,285.0,,0,0,direct_odisha,115.0,940.0,direct_odisha
2013281N12098,2013,PHAILIN,2013-10-07 18:00:00,TS,12.1,96.4,,, ,main,229,229.0,10.0,285.0,,0,0,direct_odisha,115.0,940.0,direct_odisha
2013281N12098,2013,PHAILIN,2013-10-07 21:00:00,TS,12.2,95.9,,, ,main,284,284.0,8.0,285.0,,0,0,direct_odisha,115.0,940.0,direct_odisha
2013281N12098,2013,PHAILIN,2013-10-08 00:00:00,TS,12.3,95.6,,, ,main,307,307.0,5.0,290.0,,0,0,direct_odisha,115.0,940.0,direct_odisha
2013281N12098,2013,PHAILIN,2013-10-08 03:00:00,TS,12.4,95.5,25.0,1004.0,newdelhi,main,312,312.0,4.0,285.0,46.300000000000004,0,0,direct_odisha,115.0,940.0,direct_odisha
2013281N12098,2013,PHAILIN,2013-10-08 06:00:00,TS,12.4,95.2,25.0,1004.0,newdelhi,main,341,341.0,6.0,270.0,46.300000000000004,0,0,direct_odisha,115.0,940.0,direct_odisha
2013281N12098,2013,PHAILIN,2013-10-08 09:00:00,TS,12.4,94.9,,, ,main,369,369.0,7.0,265.0,,0,0,direct_odisha,115.0,940.0,direct_odisha
2013281N12098,2013,PHAILIN,2013-10-08 12:00:00,TS,12.4,94.5,25.0,1003.0,newdelhi,main,373,366.0,7.0,280.0,46.300000000000004,0,0,direct_odisha,115.0,940.0,direct_odisha
2013281N12098,2013,PHAILIN,2013-10-08 15:00:00,TS,12.5,94.2,,, ,main,368,349.0,6.0,305.0,,0,0,direct_odisha,115.0,940.0,direct_odisha
2013281N12098,2013,PHAILIN,2013-10-08 18:00:00,TS,12.7,94.0,25.0,1003.0,newdelhi,main,349,331.0,7.0,310.0,46.300000000000004,0,0,direct_odisha,115.0,940.0,direct_odisha
2013281N12098,2013,PHAILIN,2013-10-08 21:00:00,TS,12.9,93.7,,, ,main,333,317.0,6.0,310.0,,0,0,direct_odisha,115.0,940.0,direct_odisha
2013281N12098,2013,PHAILIN,2013-10-09 00:00:00,TS,13.1,93.5,30.0,1002.0,newdelhi,main,317,317.0,4.0,300.0,55.56,0,0,direct_odisha,115.0,940.0,direct_odisha
2013281N12098,2013,PHAILIN,2013-10-09 03:00:00,TS,13.2,93.3,30.0,1001.0,newdelhi,main,314,314.0,5.0,280.0,55.56,0,0,direct_odisha,115.0,940.0,direct_odisha
2013281N12098,2013,PHAILIN,2013-10-09 06:00:00,TS,13.2,92.9,30.0,1000.0,newdelhi,main,332,322.0,8.0,295.0,55.56,0,0,direct_odisha,115.0,940.0,direct_odisha
2013281N12098,2013,PHAILIN,2013-10-09 09:00:00,TS,13.5,92.5,30.0,1000.0,newdelhi,main,328,320.0,6.0,310.0,55.56,0,0,direct_odisha,115.0,940.0,direct_odisha
2013281N12098,2013,PHAILIN,2013-10-09 12:00:00,TS,13.6,92.4,35.0,999.0,newdelhi,main,327,326.0,3.0,310.0,64.82000000000001,0,0,direct_odisha,115.0,940.0,direct_odisha
2013281N12098,2013,PHAILIN,2013-10-09 15:00:00,TS,13.7,92.3,35.0,999.0,newdelhi,main,326,325.0,6.0,310.0,64.82000000000001,0,0,direct_odisha,115.0,940.0,direct_odisha
2013281N12098,2013,PHAILIN,2013-10-09 18:00:00,TS,14.0,91.9,40.0,998.0,newdelhi,main,333,333.0,6.0,310.0,74.08,0,0,direct_odisha,115.0,940.0,direct_odisha
2013281N12098,2013,PHAILIN,2013-10-09 21:00:00,TS,14.1,91.8,45.0,996.0,newdelhi,main,334,331.0,7.0,315.0,83.34,0,0,direct_odisha,115.0,940.0,direct_odisha
2013281N12098,2013,PHAILIN,2013-10-10 00:00:00,TS,14.5,91.4,45.0,996.0,newdelhi,main,344,344.0,9.0,305.0,83.34,0,0,direct_odisha,115.0,940.0,direct_odisha
2013281N12098,2013,PHAILIN,2013-10-10 03:00:00,TS,14.6,91.0,55.0,990.0,newdelhi,main,377,372.0,9.0,305.0,101.86,0,0,direct_odisha,115.0,940.0,direct_odisha
2013281N12098,2013,PHAILIN,2013-10-10 06:00:00,TS,15.0,90.7,65.0,984.0,newdelhi,main,391,391.0,7.0,315.0,120.38000000000001,0,0,direct_odisha,115.0,940.0,direct_odisha
2013281N12098,2013,PHAILIN,2013-10-10 09:00:00,TS,15.1,90.5,70.0,982.0,newdelhi,main,409,406.0,7.0,310.0,129.64000000000001,0,0,direct_odisha,115.0,940.0,direct_odisha
2013281N12098,2013,PHAILIN,2013-10-10 12:00:00,TS,15.4,90.1,75.0,976.0,newdelhi,main,442,442.0,7.0,305.0,138.9,0,0,direct_odisha,115.0,940.0,direct_odisha
2013281N12098,2013,PHAILIN,2013-10-10 15:00:00,TS,15.5,89.9,90.0,966.0,newdelhi,main,463,463.0,6.0,280.0,166.68,0,0,direct_odisha,115.0,940.0,direct_odisha
2013281N12098,2013,PHAILIN,2013-10-10 18:00:00,TS,15.6,89.5,95.0,960.0,newdelhi,main,505,505.0,9.0,275.0,175.94,0,0,direct_odisha,115.0,940.0,direct_odisha
2013281N12098,2013,PHAILIN,2013-10-10 21:00:00,TS,15.6,89.0,100.0,954.0,newdelhi,main,558,524.0,9.0,290.0,185.20000000000002,0,0,direct_odisha,115.0,940.0,direct_odisha
2013281N12098,2013,PHAILIN,2013-10-11 00:00:00,TS,15.9,88.6,110.0,946.0,newdelhi,main,514,509.0,6.0,305.0,203.72,0,0,direct_odisha,115.0,940.0,direct_odisha
2013281N12098,2013,PHAILIN,2013-10-11 03:00:00,TS,15.9,88.5,115.0,940.0,newdelhi,main,509,480.0,4.0,315.0,212.98000000000002,0,0,direct_odisha,115.0,940.0,direct_odisha
2013281N12098,2013,PHAILIN,2013-10-11 06:00:00,TS,16.2,88.3,115.0,940.0,newdelhi,main,470,436.0,7.0,320.0,212.98000000000002,0,0,direct_odisha,115.0,940.0,direct_odisha
2013281N12098,2013,PHAILIN,2013-10-11 09:00:00,TS,16.5,88.0,115.0,940.0,newdelhi,main,426,393.0,8.0,315.0,212.98000000000002,0,0,direct_odisha,115.0,940.0,direct_odisha
2013281N12098,2013,PHAILIN,2013-10-11 12:00:00,TS,16.8,87.7,115.0,940.0,newdelhi,main,383,363.0,8.0,295.0,212.98000000000002,0,0,direct_odisha,115.0,940.0,direct_odisha
2013281N12098,2013,PHAILIN,2013-10-11 15:00:00,TS,16.8,87.3,115.0,940.0,newdelhi,main,363,331.0,7.0,285.0,212.98000000000002,0,0,direct_odisha,115.0,940.0,direct_odisha
2013281N12098,2013,PHAILIN,2013-10-11 18:00:00,TS,16.9,87.0,115.0,940.0,newdelhi,main,331,300.0,6.0,295.0,212.98000000000002,0,0,direct_odisha,115.0,940.0,direct_odisha
2013281N12098,2013,PHAILIN,2013-10-11 21:00:00,TS,17.1,86.7,115.0,940.0,newdelhi,main,292,254.0,8.0,315.0,212.98000000000002,0,0,direct_odisha,115.0,940.0,direct_odisha
2013281N12098,2013,PHAILIN,2013-10-12 00:00:00,TS,17.5,86.5,115.0,940.0,newdelhi,main,247,200.0,9.0,315.0,212.98000000000002,0,0,direct_odisha,115.0,940.0,direct_odisha
2013281N12098,2013,PHAILIN,2013-10-12 03:00:00,TS,17.7,86.0,115.0,940.0,newdelhi,main,192,155.0,9.0,310.0,212.98000000000002,0,0,direct_odisha,115.0,940.0,direct_odisha
2013281N12098,2013,PHAILIN,2013-10-12 06:00:00,TS,18.1,85.8,115.0,940.0,newdelhi,main,148,104.0,9.0,320.0,212.98000000000002,0,0,direct_odisha,115.0,940.0,direct_odisha
2013281N12098,2013,PHAILIN,2013-10-12 09:00:00,TS,18.5,85.4,115.0,940.0,newdelhi,main,90,62.0,8.0,320.0,212.98000000000002,0,0,direct_odisha,115.0,940.0,direct_odisha
2013281N12098,2013,PHAILIN,2013-10-12 12:00:00,TS,18.7,85.2,115.0,940.0,newdelhi,main,62,30.0,7.0,335.0,212.98000000000002,0,0,direct_odisha,115.0,940.0,direct_odisha
2013281N12098,2013,PHAILIN,2013-10-12 15:00:00,TS,19.1,85.1,115.0,940.0,newdelhi,main,30,0.0,9.0,335.0,212.98000000000002,1,0,direct_odisha,115.0,940.0,direct_odisha
2013281N12098,2013,PHAILIN,2013-10-12 18:00:00,TS,19.5,84.9,100.0,956.0,newdelhi,main,0,0.0,10.0,330.0,185.20000000000002,1,1,direct_odisha,115.0,940.0,direct_odisha
2013281N12098,2013,PHAILIN,2013-10-12 21:00:00,TS,19.9,84.6,90.0,966.0,newdelhi,main,0,0.0,10.0,340.0,166.68,1,1,direct_odisha,115.0,940.0,direct_odisha
2013281N12098,2013,PHAILIN,2013-10-13 00:00:00,TS,20.4,84.5,75.0,976.0,newdelhi,main,0,0.0,11.0,335.0,138.9,1,1,direct_odisha,115.0,940.0,direct_odisha
2013281N12098,2013,PHAILIN,2013-10-13 03:00:00,TS,20.9,84.1,55.0,990.0,newdelhi,main,0,0.0,12.0,340.0,101.86,1,1,direct_odisha,115.0,940.0,direct_odisha
2013281N12098,2013,PHAILIN,2013-10-13 06:00:00,TS,21.5,84.0,40.0,992.0,newdelhi,main,0,0.0,11.0,350.0,74.08,1,1,direct_odisha,115.0,940.0,direct_odisha
2013281N12098,2013,PHAILIN,2013-10-13 09:00:00,TS,22.0,83.9,35.0,993.0,newdelhi,main,0,0.0,11.0,350.0,64.82000000000001,1,1,direct_odisha,115.0,940.0,direct_odisha
2013281N12098,2013,PHAILIN,2013-10-13 12:00:00,TS,22.6,83.9,35.0,994.0,newdelhi,main,0,0.0,9.0,345.0,64.82000000000001,1,1,direct_odisha,115.0,940.0,direct_odisha
2013281N12098,2013,PHAILIN,2013-10-13 15:00:00,TS,22.8,83.6,,, ,main,0,0.0,5.0,320.0,,1,1,direct_odisha,115.0,940.0,direct_odisha
2013281N12098,2013,PHAILIN,2013-10-13 18:00:00,TS,23.0,83.5,30.0,996.0,newdelhi,main,0,0.0,4.0,10.0,55.56,1,1,direct_odisha,115.0,940.0,direct_odisha
2013281N12098,2013,PHAILIN,2013-10-13 21:00:00,TS,23.2,83.7,,, ,main,0,0.0,7.0,45.0,,1,1,direct_odisha,115.0,940.0,direct_odisha
2013281N12098,2013,PHAILIN,2013-10-14 00:00:00,TS,23.5,84.0,30.0,1000.0,newdelhi,main,0,0.0,8.0,30.0,55.56,1,1,direct_odisha,115.0,940.0,direct_odisha
2013281N12098,2013,PHAILIN,2013-10-14 03:00:00,TS,23.9,84.2,,, ,main,0,0.0,10.0,10.0,,1,1,direct_odisha,115.0,940.0,direct_odisha
2013281N12098,2013,PHAILIN,2013-10-14 06:00:00,TS,24.5,84.2,25.0,1004.0,newdelhi,main,0,,11.0,5.0,46.300000000000004,0,1,direct_odisha,115.0,940.0,direct_odisha
2014279N11096,2014,HUDHUD,2014-10-06 06:00:00,DS,10.7,96.1,,, ,main,262,262.0,2.0,265.0,,0,0,regional_comparator,100.0,950.0,odisha_impact_neighboring_landfall
2014279N11096,2014,HUDHUD,2014-10-06 09:00:00,DS,10.7,96.0,,, ,main,273,273.0,2.0,270.0,,0,0,regional_comparator,100.0,950.0,odisha_impact_neighboring_landfall
2014279N11096,2014,HUDHUD,2014-10-06 12:00:00,DS,10.7,95.9,,, ,main,284,284.0,2.0,280.0,,0,0,regional_comparator,100.0,950.0,odisha_impact_neighboring_landfall
2014279N11096,2014,HUDHUD,2014-10-06 15:00:00,DS,10.7,95.8,,, ,main,295,295.0,3.0,290.0,,0,0,regional_comparator,100.0,950.0,odisha_impact_neighboring_landfall
2014279N11096,2014,HUDHUD,2014-10-06 18:00:00,TS,10.8,95.6,,, ,main,317,317.0,4.0,295.0,,0,0,regional_comparator,100.0,950.0,odisha_impact_neighboring_landfall
2014279N11096,2014,HUDHUD,2014-10-06 21:00:00,TS,10.9,95.4,,, ,main,340,340.0,4.0,295.0,,0,0,regional_comparator,100.0,950.0,odisha_impact_neighboring_landfall
2014279N11096,2014,HUDHUD,2014-10-07 00:00:00,TS,11.0,95.2,,, ,main,363,363.0,5.0,305.0,,0,0,regional_comparator,100.0,950.0,odisha_impact_neighboring_landfall
2014279N11096,2014,HUDHUD,2014-10-07 03:00:00,TS,11.2,95.0,25.0,1004.0,newdelhi,main,388,388.0,6.0,310.0,46.300000000000004,0,0,regional_comparator,100.0,950.0,odisha_impact_neighboring_landfall
2014279N11096,2014,HUDHUD,2014-10-07 06:00:00,TS,11.4,94.7,25.0,1004.0,newdelhi,main,417,417.0,6.0,305.0,46.300000000000004,0,0,regional_comparator,100.0,950.0,odisha_impact_neighboring_landfall
2014279N11096,2014,HUDHUD,2014-10-07 09:00:00,TS,11.5,94.4,,, ,main,448,447.0,7.0,300.0,,0,0,regional_comparator,100.0,950.0,odisha_impact_neighboring_landfall
2014279N11096,2014,HUDHUD,2014-10-07 12:00:00,TS,11.7,94.1,30.0,1000.0,newdelhi,main,458,451.0,7.0,290.0,55.56,0,0,regional_comparator,100.0,950.0,odisha_impact_neighboring_landfall
2014279N11096,2014,HUDHUD,2014-10-07 15:00:00,TS,11.8,93.8,,, ,main,452,445.0,6.0,290.0,,0,0,regional_comparator,100.0,950.0,odisha_impact_neighboring_landfall
2014279N11096,2014,HUDHUD,2014-10-07 18:00:00,TS,11.9,93.5,30.0,1000.0,newdelhi,main,447,438.0,7.0,290.0,55.56,0,0,regional_comparator,100.0,950.0,odisha_impact_neighboring_landfall
2014279N11096,2014,HUDHUD,2014-10-07 21:00:00,TS,12.0,93.2,,, ,main,444,434.0,7.0,295.0,,0,0,regional_comparator,100.0,950.0,odisha_impact_neighboring_landfall
2014279N11096,2014,HUDHUD,2014-10-08 00:00:00,TS,12.2,92.9,30.0,1000.0,newdelhi,main,434,432.0,7.0,295.0,55.56,0,0,regional_comparator,100.0,950.0,odisha_impact_neighboring_landfall
2014279N11096,2014,HUDHUD,2014-10-08 03:00:00,TS,12.3,92.6,35.0,998.0,newdelhi,main,437,432.0,8.0,295.0,64.82000000000001,0,0,regional_comparator,100.0,950.0,odisha_impact_neighboring_landfall
2014279N11096,2014,HUDHUD,2014-10-08 06:00:00,TS,12.6,92.1,40.0,996.0,newdelhi,main,435,435.0,12.0,290.0,74.08,0,0,regional_comparator,100.0,950.0,odisha_impact_neighboring_landfall
2014279N11096,2014,HUDHUD,2014-10-08 09:00:00,TS,12.8,91.4,40.0,996.0,newdelhi,main,466,466.0,13.0,285.0,74.08,0,0,regional_comparator,100.0,950.0,odisha_impact_neighboring_landfall
2014279N11096,2014,HUDHUD,2014-10-08 12:00:00,TS,12.9,90.9,40.0,996.0,newdelhi,main,496,496.0,11.0,290.0,74.08,0,0,regional_comparator,100.0,950.0,odisha_impact_neighboring_landfall
2014279N11096,2014,HUDHUD,2014-10-08 15:00:00,TS,13.1,90.4,40.0,996.0,newdelhi,main,522,522.0,8.0,295.0,74.08,0,0,regional_comparator,100.0,950.0,odisha_impact_neighboring_landfall
2014279N11096,2014,HUDHUD,2014-10-08 18:00:00,TS,13.3,90.1,45.0,994.0,newdelhi,main,534,534.0,8.0,295.0,83.34,0,0,regional_comparator,100.0,950.0,odisha_impact_neighboring_landfall
2014279N11096,2014,HUDHUD,2014-10-08 21:00:00,TS,13.5,89.6,45.0,992.0,newdelhi,main,568,568.0,9.0,295.0,83.34,0,0,regional_comparator,100.0,950.0,odisha_impact_neighboring_landfall
2014279N11096,2014,HUDHUD,2014-10-09 00:00:00,TS,13.6,89.3,45.0,990.0,newdelhi,main,591,591.0,6.0,295.0,83.34,0,0,regional_comparator,100.0,950.0,odisha_impact_neighboring_landfall
2014279N11096,2014,HUDHUD,2014-10-09 03:00:00,TS,13.7,89.1,55.0,988.0,newdelhi,main,605,605.0,5.0,295.0,101.86,0,0,regional_comparator,100.0,950.0,odisha_impact_neighboring_landfall
2014279N11096,2014,HUDHUD,2014-10-09 06:00:00,TS,13.8,88.9,55.0,988.0,newdelhi,main,620,620.0,5.0,300.0,101.86,0,0,regional_comparator,100.0,950.0,odisha_impact_neighboring_landfall
2014279N11096,2014,HUDHUD,2014-10-09 09:00:00,TS,13.9,88.6,55.0,988.0,newdelhi,main,646,641.0,5.0,305.0,101.86,0,0,regional_comparator,100.0,950.0,odisha_impact_neighboring_landfall
2014279N11096,2014,HUDHUD,2014-10-09 12:00:00,TS,14.1,88.5,55.0,988.0,newdelhi,main,648,642.0,5.0,295.0,101.86,0,0,regional_comparator,100.0,950.0,odisha_impact_neighboring_landfall
2014279N11096,2014,HUDHUD,2014-10-09 15:00:00,TS,14.1,88.2,55.0,988.0,newdelhi,main,642,619.0,5.0,290.0,101.86,0,0,regional_comparator,100.0,950.0,odisha_impact_neighboring_landfall
2014279N11096,2014,HUDHUD,2014-10-09 18:00:00,TS,14.2,88.0,55.0,988.0,newdelhi,main,619,588.0,5.0,305.0,101.86,0,0,regional_comparator,100.0,950.0,odisha_impact_neighboring_landfall
2014279N11096,2014,HUDHUD,2014-10-09 21:00:00,TS,14.4,87.8,60.0,988.0,newdelhi,main,588,573.0,5.0,315.0,111.12,0,0,regional_comparator,100.0,950.0,odisha_impact_neighboring_landfall
2014279N11096,2014,HUDHUD,2014-10-10 00:00:00,TS,14.6,87.6,60.0,988.0,newdelhi,main,564,526.0,6.0,310.0,111.12,0,0,regional_comparator,100.0,950.0,odisha_impact_neighboring_landfall
2014279N11096,2014,HUDHUD,2014-10-10 03:00:00,TS,14.8,87.3,60.0,988.0,newdelhi,main,519,503.0,6.0,305.0,111.12,0,0,regional_comparator,100.0,950.0,odisha_impact_neighboring_landfall
2014279N11096,2014,HUDHUD,2014-10-10 06:00:00,TS,14.9,87.2,60.0,986.0,newdelhi,main,503,472.0,5.0,310.0,111.12,0,0,regional_comparator,100.0,950.0,odisha_impact_neighboring_landfall
2014279N11096,2014,HUDHUD,2014-10-10 09:00:00,TS,15.1,87.0,65.0,984.0,newdelhi,main,472,441.0,5.0,320.0,120.38000000000001,0,0,regional_comparator,100.0,950.0,odisha_impact_neighboring_landfall
2014279N11096,2014,HUDHUD,2014-10-10 12:00:00,TS,15.3,86.8,70.0,982.0,newdelhi,main,441,404.0,6.0,315.0,129.64000000000001,0,0,regional_comparator,100.0,950.0,odisha_impact_neighboring_landfall
2014279N11096,2014,HUDHUD,2014-10-10 15:00:00,TS,15.5,86.5,75.0,980.0,newdelhi,main,404,382.0,6.0,300.0,138.9,0,0,regional_comparator,100.0,950.0,odisha_impact_neighboring_landfall
2014279N11096,2014,HUDHUD,2014-10-10 18:00:00,TS,15.6,86.3,75.0,978.0,newdelhi,main,382,354.0,5.0,295.0,138.9,0,0,regional_comparator,100.0,950.0,odisha_impact_neighboring_landfall
2014279N11096,2014,HUDHUD,2014-10-10 21:00:00,TS,15.7,86.0,75.0,974.0,newdelhi,main,354,327.0,6.0,295.0,138.9,0,0,regional_comparator,100.0,950.0,odisha_impact_neighboring_landfall
2014279N11096,2014,HUDHUD,2014-10-11 00:00:00,TS,15.9,85.7,75.0,970.0,newdelhi,main,317,292.0,6.0,295.0,138.9,0,0,regional_comparator,100.0,950.0,odisha_impact_neighboring_landfall
2014279N11096,2014,HUDHUD,2014-10-11 03:00:00,TS,16.0,85.4,80.0,968.0,newdelhi,main,292,269.0,6.0,295.0,148.16,0,0,regional_comparator,100.0,950.0,odisha_impact_neighboring_landfall
2014279N11096,2014,HUDHUD,2014-10-11 06:00:00,TS,16.1,85.1,90.0,966.0,newdelhi,main,269,254.0,4.0,290.0,166.68,0,0,regional_comparator,100.0,950.0,odisha_impact_neighboring_landfall
2014279N11096,2014,HUDHUD,2014-10-11 09:00:00,TS,16.1,85.0,90.0,964.0,newdelhi,main,254,239.0,3.0,290.0,166.68,0,0,regional_comparator,100.0,950.0,odisha_impact_neighboring_landfall
2014279N11096,2014,HUDHUD,2014-10-11 12:00:00,TS,16.2,84.9,95.0,962.0,newdelhi,main,239,223.0,3.0,310.0,175.94,0,0,regional_comparator,100.0,950.0,odisha_impact_neighboring_landfall
2014279N11096,2014,HUDHUD,2014-10-11 15:00:00,TS,16.3,84.8,95.0,960.0,newdelhi,main,223,200.0,4.0,330.0,175.94,0,0,regional_comparator,100.0,950.0,odisha_impact_neighboring_landfall
2014279N11096,2014,HUDHUD,2014-10-11 18:00:00,TS,16.6,84.6,100.0,954.0,newdelhi,main,192,154.0,6.0,320.0,185.20000000000002,0,0,regional_comparator,100.0,950.0,odisha_impact_neighboring_landfall
2014279N11096,2014,HUDHUD,2014-10-11 21:00:00,TS,16.8,84.4,100.0,952.0,newdelhi,main,154,115.0,8.0,320.0,185.20000000000002,0,0,regional_comparator,100.0,950.0,odisha_impact_neighboring_landfall
2014279N11096,2014,HUDHUD,2014-10-12 00:00:00,TS,17.2,84.1,100.0,950.0,newdelhi,main,107,61.0,8.0,315.0,185.20000000000002,0,0,regional_comparator,100.0,950.0,odisha_impact_neighboring_landfall
2014279N11096,2014,HUDHUD,2014-10-12 03:00:00,TS,17.4,83.8,100.0,950.0,newdelhi,main,61,15.0,8.0,300.0,185.20000000000002,0,0,regional_comparator,100.0,950.0,odisha_impact_neighboring_landfall
2014279N11096,2014,HUDHUD,2014-10-12 06:00:00,TS,17.6,83.4,100.0,950.0,newdelhi,main,15,0.0,8.0,300.0,185.20000000000002,1,0,regional_comparator,100.0,950.0,odisha_impact_neighboring_landfall
2014279N11096,2014,HUDHUD,2014-10-12 09:00:00,TS,17.8,83.1,90.0,960.0,newdelhi,main,0,0.0,7.0,305.0,166.68,1,1,regional_comparator,100.0,950.0,odisha_impact_neighboring_landfall
2014279N11096,2014,HUDHUD,2014-10-12 12:00:00,TS,18.0,82.8,60.0,982.0,newdelhi,main,0,0.0,7.0,315.0,111.12,1,1,regional_comparator,100.0,950.0,odisha_impact_neighboring_landfall
2014279N11096,2014,HUDHUD,2014-10-12 15:00:00,TS,18.3,82.5,45.0,986.0,newdelhi,main,0,0.0,9.0,325.0,83.34,1,1,regional_comparator,100.0,950.0,odisha_impact_neighboring_landfall
2014279N11096,2014,HUDHUD,2014-10-12 18:00:00,TS,18.8,82.3,40.0,987.0,newdelhi,main,0,0.0,8.0,330.0,74.08,1,1,regional_comparator,100.0,950.0,odisha_impact_neighboring_landfall
2014279N11096,2014,HUDHUD,2014-10-12 21:00:00,TS,19.0,82.1,40.0,988.0,newdelhi,main,0,0.0,12.0,325.0,74.08,1,1,regional_comparator,100.0,950.0,odisha_impact_neighboring_landfall
2014279N11096,2014,HUDHUD,2014-10-13 00:00:00,TS,19.7,81.6,30.0,994.0,newdelhi,main,0,0.0,16.0,340.0,55.56,1,1,regional_comparator,100.0,950.0,odisha_impact_neighboring_landfall
2014279N11096,2014,HUDHUD,2014-10-13 03:00:00,TS,20.5,81.5,30.0,996.0,newdelhi,main,0,0.0,11.0,355.0,55.56,1,1,regional_comparator,100.0,950.0,odisha_impact_neighboring_landfall
2014279N11096,2014,HUDHUD,2014-10-13 06:00:00,TS,20.8,81.4,30.0,998.0,newdelhi,main,0,0.0,7.0,355.0,55.56,1,1,regional_comparator,100.0,950.0,odisha_impact_neighboring_landfall
2014279N11096,2014,HUDHUD,2014-10-13 09:00:00,TS,21.1,81.4,,, ,main,0,0.0,6.0,0.0,,1,1,regional_comparator,100.0,950.0,odisha_impact_neighboring_landfall
2014279N11096,2014,HUDHUD,2014-10-13 12:00:00,TS,21.4,81.4,25.0,998.0,newdelhi,main,0,0.0,5.0,10.0,46.300000000000004,1,1,regional_comparator,100.0,950.0,odisha_impact_neighboring_landfall
2014279N11096,2014,HUDHUD,2014-10-13 15:00:00,TS,21.7,81.5,,, ,main,0,0.0,9.0,5.0,,1,1,regional_comparator,100.0,950.0,odisha_impact_neighboring_landfall
2014279N11096,2014,HUDHUD,2014-10-13 18:00:00,TS,22.3,81.5,25.0,1000.0,newdelhi,main,0,0.0,20.0,360.0,46.300000000000004,1,1,regional_comparator,100.0,950.0,odisha_impact_neighboring_landfall
2014279N11096,2014,HUDHUD,2014-10-13 21:00:00,TS,23.6,81.5,,, ,main,0,0.0,25.0,0.0,,1,1,regional_comparator,100.0,950.0,odisha_impact_neighboring_landfall
2014279N11096,2014,HUDHUD,2014-10-14 00:00:00,TS,24.8,81.5,25.0,1000.0,newdelhi,main,0,0.0,15.0,5.0,46.300000000000004,1,1,regional_comparator,100.0,950.0,odisha_impact_neighboring_landfall
2014279N11096,2014,HUDHUD,2014-10-14 03:00:00,TS,25.1,81.6,20.0,1000.0,newdelhi,main,0,0.0,8.0,15.0,37.04,1,1,regional_comparator,100.0,950.0,odisha_impact_neighboring_landfall
2014279N11096,2014,HUDHUD,2014-10-14 06:00:00,TS,25.6,81.7,20.0,1000.0,newdelhi,main,0,0.0,12.0,10.0,37.04,1,1,regional_comparator,100.0,950.0,odisha_impact_neighboring_landfall
2014279N11096,2014,HUDHUD,2014-10-14 09:00:00,TS,26.3,81.8,20.0,1000.0,newdelhi,main,0,,14.0,5.0,37.04,0,1,regional_comparator,100.0,950.0,odisha_impact_neighboring_landfall
2016138N10081,2016,ROANU,2016-05-17 00:00:00,DS,10.0,80.8,,, ,main,62,62.0,11.0,20.0,,0,0,regional_comparator,45.0,983.0,odisha_impact_neighboring_landfall
2016138N10081,2016,ROANU,2016-05-17 03:00:00,MX,10.5,81.0,25.0,1000.0,newdelhi,main,117,117.0,9.0,20.0,46.300000000000004,0,0,regional_comparator,45.0,983.0,odisha_impact_neighboring_landfall
2016138N10081,2016,ROANU,2016-05-17 06:00:00,MX,10.8,81.1,25.0,999.0,newdelhi,main,131,130.0,7.0,10.0,46.300000000000004,0,0,regional_comparator,45.0,983.0,odisha_impact_neighboring_landfall
2016138N10081,2016,ROANU,2016-05-17 09:00:00,MX,11.2,81.1,,, ,main,130,130.0,8.0,0.0,,0,0,regional_comparator,45.0,983.0,odisha_impact_neighboring_landfall
2016138N10081,2016,ROANU,2016-05-17 12:00:00,MX,11.7,81.1,25.0,998.0,newdelhi,main,132,112.0,9.0,0.0,46.300000000000004,0,0,regional_comparator,45.0,983.0,odisha_impact_neighboring_landfall
2016138N10081,2016,ROANU,2016-05-17 15:00:00,MX,12.1,81.1,,, ,main,107,98.0,8.0,5.0,,0,0,regional_comparator,45.0,983.0,odisha_impact_neighboring_landfall
2016138N10081,2016,ROANU,2016-05-17 18:00:00,TS,12.5,81.1,25.0,998.0,newdelhi,main,108,108.0,7.0,5.0,46.300000000000004,0,0,regional_comparator,45.0,983.0,odisha_impact_neighboring_landfall
2016138N10081,2016,ROANU,2016-05-17 21:00:00,TS,12.8,81.2,,, ,main,108,100.0,7.0,5.0,,0,0,regional_comparator,45.0,983.0,odisha_impact_neighboring_landfall
2016138N10081,2016,ROANU,2016-05-18 00:00:00,TS,13.1,81.2,25.0,998.0,newdelhi,main,100,98.0,7.0,10.0,46.300000000000004,0,0,regional_comparator,45.0,983.0,odisha_impact_neighboring_landfall
2016138N10081,2016,ROANU,2016-05-18 03:00:00,TS,13.4,81.3,30.0,997.0,newdelhi,main,108,108.0,8.0,5.0,55.56,0,0,regional_comparator,45.0,983.0,odisha_impact_neighboring_landfall
2016138N10081,2016,ROANU,2016-05-18 06:00:00,TS,13.9,81.3,30.0,996.0,newdelhi,main,108,108.0,7.0,0.0,55.56,0,0,regional_comparator,45.0,983.0,odisha_impact_neighboring_landfall
2016138N10081,2016,ROANU,2016-05-18 09:00:00,TS,14.2,81.3,,, ,main,116,116.0,6.0,0.0,,0,0,regional_comparator,45.0,983.0,odisha_impact_neighboring_landfall
2016138N10081,2016,ROANU,2016-05-18 12:00:00,TS,14.4,81.3,30.0,996.0,newdelhi,main,120,118.0,4.0,0.0,55.56,0,0,regional_comparator,45.0,983.0,odisha_impact_neighboring_landfall
2016138N10081,2016,ROANU,2016-05-18 15:00:00,TS,14.5,81.3,,, ,main,118,118.0,3.0,0.0,,0,0,regional_comparator,45.0,983.0,odisha_impact_neighboring_landfall
2016138N10081,2016,ROANU,2016-05-18 18:00:00,TS,14.7,81.3,30.0,994.0,newdelhi,main,118,114.0,3.0,25.0,55.56,0,0,regional_comparator,45.0,983.0,odisha_impact_neighboring_landfall
2016138N10081,2016,ROANU,2016-05-18 21:00:00,TS,14.9,81.4,,, ,main,104,100.0,5.0,35.0,,0,0,regional_comparator,45.0,983.0,odisha_impact_neighboring_landfall
2016138N10081,2016,ROANU,2016-05-19 00:00:00,TS,15.1,81.6,35.0,990.0,newdelhi,main,100,92.0,7.0,40.0,64.82000000000001,0,0,regional_comparator,45.0,983.0,odisha_impact_neighboring_landfall
2016138N10081,2016,ROANU,2016-05-19 03:00:00,TS,15.4,81.8,35.0,990.0,newdelhi,main,92,92.0,5.0,50.0,64.82000000000001,0,0,regional_comparator,45.0,983.0,odisha_impact_neighboring_landfall
2016138N10081,2016,ROANU,2016-05-19 06:00:00,TS,15.4,82.0,40.0,988.0,newdelhi,main,105,99.0,4.0,65.0,74.08,0,0,regional_comparator,45.0,983.0,odisha_impact_neighboring_landfall
2016138N10081,2016,ROANU,2016-05-19 09:00:00,TS,15.5,82.2,,, ,main,104,89.0,6.0,50.0,,0,0,regional_comparator,45.0,983.0,odisha_impact_neighboring_landfall
2016138N10081,2016,ROANU,2016-05-19 12:00:00,TS,15.8,82.5,40.0,988.0,newdelhi,main,89,70.0,8.0,45.0,74.08,0,0,regional_comparator,45.0,983.0,odisha_impact_neighboring_landfall
2016138N10081,2016,ROANU,2016-05-19 15:00:00,TS,16.1,82.8,40.0,988.0,newdelhi,main,77,69.0,9.0,40.0,74.08,0,0,regional_comparator,45.0,983.0,odisha_impact_neighboring_landfall
2016138N10081,2016,ROANU,2016-05-19 18:00:00,TS,16.5,83.1,40.0,988.0,newdelhi,main,91,79.0,10.0,40.0,74.08,0,0,regional_comparator,45.0,983.0,odisha_impact_neighboring_landfall
2016138N10081,2016,ROANU,2016-05-19 21:00:00,TS,16.9,83.5,40.0,988.0,newdelhi,main,84,69.0,12.0,40.0,74.08,0,0,regional_comparator,45.0,983.0,odisha_impact_neighboring_landfall
2016138N10081,2016,ROANU,2016-05-20 00:00:00,TS,17.4,84.0,40.0,988.0,newdelhi,main,77,53.0,16.0,45.0,74.08,0,0,regional_comparator,45.0,983.0,odisha_impact_neighboring_landfall
2016138N10081,2016,ROANU,2016-05-20 03:00:00,TS,18.1,84.7,40.0,988.0,newdelhi,main,61,53.0,16.0,45.0,74.08,0,0,regional_comparator,45.0,983.0,odisha_impact_neighboring_landfall
2016138N10081,2016,ROANU,2016-05-20 06:00:00,TS,18.6,85.1,40.0,988.0,newdelhi,main,67,67.0,12.0,50.0,74.08,0,0,regional_comparator,45.0,983.0,odisha_impact_neighboring_landfall
2016138N10081,2016,ROANU,2016-05-20 09:00:00,TS,18.9,85.6,40.0,988.0,newdelhi,main,79,70.0,17.0,60.0,74.08,0,0,regional_comparator,45.0,983.0,odisha_impact_neighboring_landfall
2016138N10081,2016,ROANU,2016-05-20 12:00:00,TS,19.4,86.7,40.0,988.0,newdelhi,main,74,69.0,18.0,60.0,74.08,0,0,regional_comparator,45.0,983.0,odisha_impact_neighboring_landfall
2016138N10081,2016,ROANU,2016-05-20 15:00:00,TS,19.8,87.3,40.0,986.0,newdelhi,main,83,83.0,14.0,55.0,74.08,0,0,regional_comparator,45.0,983.0,odisha_impact_neighboring_landfall
2016138N10081,2016,ROANU,2016-05-20 18:00:00,TS,20.2,88.0,45.0,984.0,newdelhi,main,118,118.0,15.0,60.0,83.34,0,0,regional_comparator,45.0,983.0,odisha_impact_neighboring_landfall
2016138N10081,2016,ROANU,2016-05-20 21:00:00,TS,20.5,88.7,45.0,983.0,newdelhi,main,124,90.0,15.0,65.0,83.34,0,0,regional_comparator,45.0,983.0,odisha_impact_neighboring_landfall
2016138N10081,2016,ROANU,2016-05-21 00:00:00,TS,20.9,89.4,45.0,983.0,newdelhi,main,84,45.0,18.0,60.0,83.34,0,0,regional_comparator,45.0,983.0,odisha_impact_neighboring_landfall
2016138N10081,2016,ROANU,2016-05-21 03:00:00,TS,21.4,90.4,45.0,983.0,newdelhi,main,49,30.0,19.0,55.0,83.34,0,0,regional_comparator,45.0,983.0,odisha_impact_neighboring_landfall
2016138N10081,2016,ROANU,2016-05-21 06:00:00,TS,21.9,91.0,45.0,983.0,newdelhi,main,38,10.0,16.0,40.0,83.34,0,0,regional_comparator,45.0,983.0,odisha_impact_neighboring_landfall
2016138N10081,2016,ROANU,2016-05-21 09:00:00,TS,22.6,91.5,45.0,983.0,newdelhi,main,10,0.0,14.0,40.0,83.34,1,0,regional_comparator,45.0,983.0,odisha_impact_neighboring_landfall
2016138N10081,2016,ROANU,2016-05-21 12:00:00,TS,23.0,92.0,35.0,990.0,newdelhi,main,0,0.0,16.0,55.0,64.82000000000001,1,1,regional_comparator,45.0,983.0,odisha_impact_neighboring_landfall
2016138N10081,2016,ROANU,2016-05-21 15:00:00,TS,23.5,93.0,30.0,992.0,newdelhi,main,0,0.0,21.0,60.0,55.56,1,1,regional_comparator,45.0,983.0,odisha_impact_neighboring_landfall
2016138N10081,2016,ROANU,2016-05-21 18:00:00,TS,24.0,94.0,30.0,994.0,newdelhi,main,0,0.0,16.0,60.0,55.56,1,1,regional_comparator,45.0,983.0,odisha_impact_neighboring_landfall
2016138N10081,2016,ROANU,2016-05-21 21:00:00,TS,24.3,94.5,,, ,main,0,0.0,8.0,50.0,,1,1,regional_comparator,45.0,983.0,odisha_impact_neighboring_landfall
2016138N10081,2016,ROANU,2016-05-22 00:00:00,TS,24.5,94.7,20.0,996.0,newdelhi,main,0,,5.0,40.0,37.04,0,1,regional_comparator,45.0,983.0,odisha_impact_neighboring_landfall
2018263N17089,2018,DAYE,2018-09-19 15:00:00,TS,17.2,89.0,25.0,997.0,newdelhi,main,416,377.0,13.0,275.0,46.300000000000004,0,0,direct_odisha,35.0,992.0,direct_odisha
2018263N17089,2018,DAYE,2018-09-19 18:00:00,TS,17.2,88.3,25.0,996.0,newdelhi,main,371,350.0,11.0,270.0,46.300000000000004,0,0,direct_odisha,35.0,992.0,direct_odisha
2018263N17089,2018,DAYE,2018-09-19 21:00:00,TS,17.2,87.8,,, ,main,346,330.0,9.0,270.0,,0,0,direct_odisha,35.0,992.0,direct_odisha
2018263N17089,2018,DAYE,2018-09-20 00:00:00,TS,17.2,87.4,25.0,996.0,newdelhi,main,330,309.0,7.0,280.0,46.300000000000004,0,0,direct_odisha,35.0,992.0,direct_odisha
2018263N17089,2018,DAYE,2018-09-20 03:00:00,TS,17.3,87.1,30.0,995.0,newdelhi,main,309,284.0,5.0,315.0,55.56,0,0,direct_odisha,35.0,992.0,direct_odisha
2018263N17089,2018,DAYE,2018-09-20 06:00:00,TS,17.6,87.0,30.0,995.0,newdelhi,main,274,228.0,8.0,320.0,55.56,0,0,direct_odisha,35.0,992.0,direct_odisha
2018263N17089,2018,DAYE,2018-09-20 09:00:00,TS,17.9,86.6,,, ,main,228,163.0,11.0,310.0,,0,0,direct_odisha,35.0,992.0,direct_odisha
2018263N17089,2018,DAYE,2018-09-20 12:00:00,TS,18.3,86.1,30.0,994.0,newdelhi,main,163,118.0,11.0,315.0,55.56,0,0,direct_odisha,35.0,992.0,direct_odisha
2018263N17089,2018,DAYE,2018-09-20 15:00:00,TS,18.6,85.8,35.0,992.0,newdelhi,main,118,46.0,12.0,310.0,64.82000000000001,0,0,direct_odisha,35.0,992.0,direct_odisha
2018263N17089,2018,DAYE,2018-09-20 18:00:00,TS,19.1,85.2,35.0,992.0,newdelhi,main,38,0.0,15.0,300.0,64.82000000000001,1,0,direct_odisha,35.0,992.0,direct_odisha
2018263N17089,2018,DAYE,2018-09-20 21:00:00,TS,19.4,84.4,35.0,993.0,newdelhi,main,0,0.0,17.0,295.0,64.82000000000001,1,1,direct_odisha,35.0,992.0,direct_odisha
2018263N17089,2018,DAYE,2018-09-21 00:00:00,TS,19.8,83.6,30.0,994.0,newdelhi,main,0,0.0,19.0,290.0,55.56,1,1,direct_odisha,35.0,992.0,direct_odisha
2018263N17089,2018,DAYE,2018-09-21 03:00:00,TS,20.1,82.5,30.0,994.0,newdelhi,main,0,0.0,20.0,290.0,55.56,1,1,direct_odisha,35.0,992.0,direct_odisha
2018263N17089,2018,DAYE,2018-09-21 06:00:00,TS,20.5,81.5,30.0,995.0,newdelhi,main,0,0.0,19.0,295.0,55.56,1,1,direct_odisha,35.0,992.0,direct_odisha
2018263N17089,2018,DAYE,2018-09-21 09:00:00,TS,20.9,80.7,,, ,main,0,0.0,16.0,300.0,,1,1,direct_odisha,35.0,992.0,direct_odisha
2018263N17089,2018,DAYE,2018-09-21 12:00:00,TS,21.2,80.1,25.0,996.0,newdelhi,main,0,0.0,12.0,290.0,46.300000000000004,1,1,direct_odisha,35.0,992.0,direct_odisha
2018263N17089,2018,DAYE,2018-09-21 15:00:00,TS,21.4,79.5,,, ,main,0,0.0,13.0,275.0,,1,1,direct_odisha,35.0,992.0,direct_odisha
2018263N17089,2018,DAYE,2018-09-21 18:00:00,TS,21.4,78.7,25.0,996.0,newdelhi,main,0,0.0,17.0,285.0,46.300000000000004,1,1,direct_odisha,35.0,992.0,direct_odisha
2018263N17089,2018,DAYE,2018-09-21 21:00:00,TS,21.8,77.8,,, ,main,0,0.0,19.0,300.0,,1,1,direct_odisha,35.0,992.0,direct_odisha
2018263N17089,2018,DAYE,2018-09-22 00:00:00,TS,22.3,76.9,25.0,997.0,newdelhi,main,0,0.0,18.0,310.0,46.300000000000004,1,1,direct_odisha,35.0,992.0,direct_odisha
2018263N17089,2018,DAYE,2018-09-22 03:00:00,TS,22.9,76.3,20.0,998.0,newdelhi,main,0,0.0,8.0,315.0,37.04,1,1,direct_odisha,35.0,992.0,direct_odisha
2018263N17089,2018,DAYE,2018-09-22 06:00:00,TS,22.9,76.3,20.0,999.0,newdelhi,main,0,,0.0,0.0,37.04,0,1,direct_odisha,35.0,992.0,direct_odisha
2018281N14088,2018,TITLI,2018-10-08 00:00:00,DS,14.2,88.4,,, ,main,649,649.0,1.0,0.0,,0,0,regional_comparator,80.0,972.0,odisha_impact_neighboring_landfall
2018281N14088,2018,TITLI,2018-10-08 03:00:00,MX,14.1,88.4,25.0,1002.0,newdelhi,main,657,649.0,1.0,225.0,46.300000000000004,0,0,regional_comparator,80.0,972.0,odisha_impact_neighboring_landfall
2018281N14088,2018,TITLI,2018-10-08 06:00:00,TS,14.1,88.3,25.0,1002.0,newdelhi,main,649,626.0,3.0,285.0,46.300000000000004,0,0,regional_comparator,80.0,972.0,odisha_impact_neighboring_landfall
2018281N14088,2018,TITLI,2018-10-08 09:00:00,TS,14.2,88.1,,, ,main,626,604.0,4.0,295.0,,0,0,regional_comparator,80.0,972.0,odisha_impact_neighboring_landfall
2018281N14088,2018,TITLI,2018-10-08 12:00:00,TS,14.3,87.9,25.0,1002.0,newdelhi,main,604,581.0,5.0,290.0,46.300000000000004,0,0,regional_comparator,80.0,972.0,odisha_impact_neighboring_landfall
2018281N14088,2018,TITLI,2018-10-08 15:00:00,TS,14.4,87.7,,, ,main,581,567.0,5.0,290.0,,0,0,regional_comparator,80.0,972.0,odisha_impact_neighboring_landfall
2018281N14088,2018,TITLI,2018-10-08 18:00:00,TS,14.5,87.5,30.0,1000.0,newdelhi,main,558,536.0,4.0,295.0,55.56,0,0,regional_comparator,80.0,972.0,odisha_impact_neighboring_landfall
2018281N14088,2018,TITLI,2018-10-08 21:00:00,TS,14.6,87.3,,, ,main,536,523.0,4.0,300.0,,0,0,regional_comparator,80.0,972.0,odisha_impact_neighboring_landfall
2018281N14088,2018,TITLI,2018-10-09 00:00:00,TS,14.7,87.1,30.0,1000.0,newdelhi,main,514,507.0,3.0,295.0,55.56,0,0,regional_comparator,80.0,972.0,odisha_impact_neighboring_landfall
2018281N14088,2018,TITLI,2018-10-09 03:00:00,TS,14.7,86.9,30.0,999.0,newdelhi,main,501,486.0,3.0,295.0,55.56,0,0,regional_comparator,80.0,972.0,odisha_impact_neighboring_landfall
2018281N14088,2018,TITLI,2018-10-09 06:00:00,TS,14.8,86.8,35.0,998.0,newdelhi,main,486,470.0,3.0,315.0,64.82000000000001,0,0,regional_comparator,80.0,972.0,odisha_impact_neighboring_landfall
2018281N14088,2018,TITLI,2018-10-09 09:00:00,TS,14.9,86.7,35.0,997.0,newdelhi,main,470,446.0,4.0,325.0,64.82000000000001,0,0,regional_comparator,80.0,972.0,odisha_impact_neighboring_landfall
2018281N14088,2018,TITLI,2018-10-09 12:00:00,TS,15.1,86.6,40.0,996.0,newdelhi,main,446,421.0,5.0,330.0,74.08,0,0,regional_comparator,80.0,972.0,odisha_impact_neighboring_landfall
2018281N14088,2018,TITLI,2018-10-09 15:00:00,TS,15.3,86.5,40.0,995.0,newdelhi,main,421,391.0,5.0,325.0,74.08,0,0,regional_comparator,80.0,972.0,odisha_impact_neighboring_landfall
2018281N14088,2018,TITLI,2018-10-09 18:00:00,TS,15.6,86.3,45.0,996.0,newdelhi,main,382,351.0,6.0,325.0,83.34,0,0,regional_comparator,80.0,972.0,odisha_impact_neighboring_landfall
2018281N14088,2018,TITLI,2018-10-09 21:00:00,TS,15.8,86.1,50.0,994.0,newdelhi,main,351,327.0,6.0,330.0,92.60000000000001,0,0,regional_comparator,80.0,972.0,odisha_impact_neighboring_landfall
2018281N14088,2018,TITLI,2018-10-10 00:00:00,TS,16.1,86.0,55.0,990.0,newdelhi,main,318,277.0,8.0,345.0,101.86,0,0,regional_comparator,80.0,972.0,odisha_impact_neighboring_landfall
2018281N14088,2018,TITLI,2018-10-10 03:00:00,TS,16.5,85.9,60.0,988.0,newdelhi,main,277,230.0,10.0,340.0,111.12,0,0,regional_comparator,80.0,972.0,odisha_impact_neighboring_landfall
2018281N14088,2018,TITLI,2018-10-10 06:00:00,TS,17.0,85.6,70.0,982.0,newdelhi,main,223,184.0,9.0,335.0,129.64000000000001,0,0,regional_comparator,80.0,972.0,odisha_impact_neighboring_landfall
2018281N14088,2018,TITLI,2018-10-10 09:00:00,TS,17.3,85.4,75.0,976.0,newdelhi,main,177,153.0,7.0,330.0,138.9,0,0,regional_comparator,80.0,972.0,odisha_impact_neighboring_landfall
2018281N14088,2018,TITLI,2018-10-10 12:00:00,TS,17.6,85.3,80.0,972.0,newdelhi,main,146,115.0,6.0,330.0,148.16,0,0,regional_comparator,80.0,972.0,odisha_impact_neighboring_landfall
2018281N14088,2018,TITLI,2018-10-10 15:00:00,TS,17.8,85.1,80.0,972.0,newdelhi,main,115,76.0,8.0,335.0,148.16,0,0,regional_comparator,80.0,972.0,odisha_impact_neighboring_landfall
2018281N14088,2018,TITLI,2018-10-10 18:00:00,TS,18.3,85.0,80.0,972.0,newdelhi,main,69,15.0,9.0,325.0,148.16,0,0,regional_comparator,80.0,972.0,odisha_impact_neighboring_landfall
2018281N14088,2018,TITLI,2018-10-10 21:00:00,TS,18.6,84.6,80.0,972.0,newdelhi,main,15,0.0,8.0,310.0,148.16,1,0,regional_comparator,80.0,972.0,odisha_impact_neighboring_landfall
2018281N14088,2018,TITLI,2018-10-11 00:00:00,TS,18.8,84.4,80.0,972.0,newdelhi,main,0,0.0,6.0,305.0,148.16,1,1,regional_comparator,80.0,972.0,odisha_impact_neighboring_landfall
2018281N14088,2018,TITLI,2018-10-11 03:00:00,TS,18.9,84.1,65.0,985.0,newdelhi,main,0,0.0,6.0,310.0,120.38000000000001,1,1,regional_comparator,80.0,972.0,odisha_impact_neighboring_landfall
2018281N14088,2018,TITLI,2018-10-11 06:00:00,TS,19.2,83.9,60.0,988.0,newdelhi,main,0,0.0,6.0,330.0,111.12,1,1,regional_comparator,80.0,972.0,odisha_impact_neighboring_landfall
2018281N14088,2018,TITLI,2018-10-11 09:00:00,TS,19.4,83.8,50.0,994.0,newdelhi,main,0,0.0,6.0,350.0,92.60000000000001,1,1,regional_comparator,80.0,972.0,odisha_impact_neighboring_landfall
2018281N14088,2018,TITLI,2018-10-11 12:00:00,TS,19.7,83.8,45.0,996.0,newdelhi,main,0,0.0,5.0,15.0,83.34,1,1,regional_comparator,80.0,972.0,odisha_impact_neighboring_landfall
2018281N14088,2018,TITLI,2018-10-11 15:00:00,TS,19.9,83.9,40.0,998.0,newdelhi,main,0,0.0,6.0,45.0,74.08,1,1,regional_comparator,80.0,972.0,odisha_impact_neighboring_landfall
2018281N14088,2018,TITLI,2018-10-11 18:00:00,TS,20.1,84.2,30.0,999.0,newdelhi,main,0,0.0,6.0,45.0,55.56,1,1,regional_comparator,80.0,972.0,odisha_impact_neighboring_landfall
2018281N14088,2018,TITLI,2018-10-11 21:00:00,TS,20.3,84.4,,, ,main,0,0.0,6.0,45.0,,1,1,regional_comparator,80.0,972.0,odisha_impact_neighboring_landfall
2018281N14088,2018,TITLI,2018-10-12 00:00:00,TS,20.5,84.7,30.0,1000.0,newdelhi,main,0,0.0,6.0,50.0,55.56,1,1,regional_comparator,80.0,972.0,odisha_impact_neighboring_landfall
2018281N14088,2018,TITLI,2018-10-12 03:00:00,TS,20.7,85.0,30.0,1001.0,newdelhi,main,0,0.0,6.0,55.0,55.56,1,1,regional_comparator,80.0,972.0,odisha_impact_neighboring_landfall
2018281N14088,2018,TITLI,2018-10-12 06:00:00,TS,20.9,85.3,30.0,1001.0,newdelhi,main,0,0.0,5.0,70.0,55.56,1,1,regional_comparator,80.0,972.0,odisha_impact_neighboring_landfall
2018281N14088,2018,TITLI,2018-10-12 09:00:00,TS,20.9,85.5,25.0,1002.0,newdelhi,main,0,0.0,8.0,70.0,46.300000000000004,1,1,regional_comparator,80.0,972.0,odisha_impact_neighboring_landfall
2018281N14088,2018,TITLI,2018-10-12 12:00:00,TS,21.2,86.1,25.0,1002.0,newdelhi,main,0,0.0,13.0,60.0,46.300000000000004,1,1,regional_comparator,80.0,972.0,odisha_impact_neighboring_landfall
2018281N14088,2018,TITLI,2018-10-12 15:00:00,TS,21.6,86.7,,, ,main,0,0.0,12.0,55.0,,1,1,regional_comparator,80.0,972.0,odisha_impact_neighboring_landfall
2018281N14088,2018,TITLI,2018-10-12 18:00:00,TS,21.9,87.2,25.0,1003.0,newdelhi,main,0,0.0,9.0,55.0,46.300000000000004,1,1,regional_comparator,80.0,972.0,odisha_impact_neighboring_landfall
2018281N14088,2018,TITLI,2018-10-12 21:00:00,TS,22.1,87.5,20.0,1004.0,newdelhi,main,0,,7.0,55.0,37.04,0,1,regional_comparator,80.0,972.0,odisha_impact_neighboring_landfall
2019116N02090,2019,FANI,2019-04-25 18:00:00,TS,1.9,90.2,,, ,main,627,626.0,4.0,335.0,,0,0,direct_odisha,115.0,932.0,direct_odisha
2019116N02090,2019,FANI,2019-04-25 21:00:00,TS,2.1,90.1,,, ,main,636,636.0,4.0,325.0,,0,0,direct_odisha,115.0,932.0,direct_odisha
2019116N02090,2019,FANI,2019-04-26 00:00:00,TS,2.2,90.0,,, ,main,646,646.0,4.0,310.0,,0,0,direct_odisha,115.0,932.0,direct_odisha
2019116N02090,2019,FANI,2019-04-26 03:00:00,TS,2.3,89.8,,, ,main,668,667.0,4.0,315.0,,0,0,direct_odisha,115.0,932.0,direct_odisha
2019116N02090,2019,FANI,2019-04-26 06:00:00,TS,2.5,89.7,,, ,main,678,661.0,5.0,355.0,,0,0,direct_odisha,115.0,932.0,direct_odisha
2019116N02090,2019,FANI,2019-04-26 09:00:00,TS,2.8,89.8,,, ,main,661,643.0,7.0,5.0,,0,0,direct_odisha,115.0,932.0,direct_odisha
2019116N02090,2019,FANI,2019-04-26 12:00:00,TS,3.2,89.8,25.0,998.0,newdelhi,main,643,639.0,7.0,350.0,46.300000000000004,0,0,direct_odisha,115.0,932.0,direct_odisha
2019116N02090,2019,FANI,2019-04-26 15:00:00,TS,3.5,89.7,,, ,main,642,642.0,7.0,340.0,,0,0,direct_odisha,115.0,932.0,direct_odisha
2019116N02090,2019,FANI,2019-04-26 18:00:00,TS,3.8,89.5,25.0,998.0,newdelhi,main,654,648.0,7.0,340.0,46.300000000000004,0,0,direct_odisha,115.0,932.0,direct_odisha
2019116N02090,2019,FANI,2019-04-26 21:00:00,TS,4.2,89.4,,, ,main,655,649.0,8.0,350.0,,0,0,direct_odisha,115.0,932.0,direct_odisha
2019116N02090,2019,FANI,2019-04-27 00:00:00,TS,4.6,89.4,30.0,997.0,newdelhi,main,647,645.0,7.0,0.0,55.56,0,0,direct_odisha,115.0,932.0,direct_odisha
2019116N02090,2019,FANI,2019-04-27 03:00:00,TS,4.9,89.4,30.0,996.0,newdelhi,main,644,643.0,6.0,0.0,55.56,0,0,direct_odisha,115.0,932.0,direct_odisha
2019116N02090,2019,FANI,2019-04-27 06:00:00,TS,5.1,89.4,35.0,995.0,newdelhi,main,642,642.0,6.0,355.0,64.82000000000001,0,0,direct_odisha,115.0,932.0,direct_odisha
2019116N02090,2019,FANI,2019-04-27 09:00:00,TS,5.5,89.3,40.0,994.0,newdelhi,main,653,653.0,9.0,345.0,74.08,0,0,direct_odisha,115.0,932.0,direct_odisha
2019116N02090,2019,FANI,2019-04-27 12:00:00,TS,6.0,89.2,45.0,992.0,newdelhi,main,665,665.0,10.0,335.0,83.34,0,0,direct_odisha,115.0,932.0,direct_odisha
2019116N02090,2019,FANI,2019-04-27 15:00:00,TS,6.4,88.9,45.0,992.0,newdelhi,main,703,703.0,10.0,310.0,83.34,0,0,direct_odisha,115.0,932.0,direct_odisha
2019116N02090,2019,FANI,2019-04-27 18:00:00,TS,6.6,88.5,45.0,992.0,newdelhi,main,730,696.0,9.0,305.0,83.34,0,0,direct_odisha,115.0,932.0,direct_odisha
2019116N02090,2019,FANI,2019-04-27 21:00:00,TS,6.8,88.2,45.0,992.0,newdelhi,main,696,684.0,6.0,325.0,83.34,0,0,direct_odisha,115.0,932.0,direct_odisha
2019116N02090,2019,FANI,2019-04-28 00:00:00,TS,7.1,88.1,45.0,992.0,newdelhi,main,684,684.0,4.0,350.0,83.34,0,0,direct_odisha,115.0,932.0,direct_odisha
2019116N02090,2019,FANI,2019-04-28 03:00:00,TS,7.2,88.1,45.0,992.0,newdelhi,main,685,685.0,3.0,345.0,83.34,0,0,direct_odisha,115.0,932.0,direct_odisha
2019116N02090,2019,FANI,2019-04-28 06:00:00,TS,7.4,88.1,45.0,992.0,newdelhi,main,686,664.0,5.0,335.0,83.34,0,0,direct_odisha,115.0,932.0,direct_odisha
2019116N02090,2019,FANI,2019-04-28 09:00:00,TS,7.6,87.9,45.0,992.0,newdelhi,main,665,637.0,8.0,325.0,83.34,0,0,direct_odisha,115.0,932.0,direct_odisha
2019116N02090,2019,FANI,2019-04-28 12:00:00,TS,8.0,87.6,45.0,992.0,newdelhi,main,638,628.0,6.0,320.0,83.34,0,0,direct_odisha,115.0,932.0,direct_odisha
2019116N02090,2019,FANI,2019-04-28 15:00:00,TS,8.1,87.5,45.0,992.0,newdelhi,main,630,630.0,3.0,330.0,83.34,0,0,direct_odisha,115.0,932.0,direct_odisha
2019116N02090,2019,FANI,2019-04-28 18:00:00,TS,8.2,87.5,45.0,992.0,newdelhi,main,631,620.0,3.0,345.0,83.34,0,0,direct_odisha,115.0,932.0,direct_odisha
2019116N02090,2019,FANI,2019-04-28 21:00:00,TS,8.4,87.4,45.0,992.0,newdelhi,main,623,623.0,4.0,345.0,83.34,0,0,direct_odisha,115.0,932.0,direct_odisha
2019116N02090,2019,FANI,2019-04-29 00:00:00,TS,8.6,87.4,45.0,992.0,newdelhi,main,627,609.0,5.0,340.0,83.34,0,0,direct_odisha,115.0,932.0,direct_odisha
2019116N02090,2019,FANI,2019-04-29 03:00:00,TS,8.8,87.2,45.0,992.0,newdelhi,main,609,609.0,7.0,345.0,83.34,0,0,direct_odisha,115.0,932.0,direct_odisha
2019116N02090,2019,FANI,2019-04-29 06:00:00,TS,9.3,87.2,45.0,992.0,newdelhi,main,624,613.0,10.0,350.0,83.34,0,0,direct_odisha,115.0,932.0,direct_odisha
2019116N02090,2019,FANI,2019-04-29 09:00:00,TS,9.8,87.1,45.0,992.0,newdelhi,main,632,632.0,9.0,355.0,83.34,0,0,direct_odisha,115.0,932.0,direct_odisha
2019116N02090,2019,FANI,2019-04-29 12:00:00,TS,10.2,87.1,55.0,986.0,newdelhi,main,651,641.0,8.0,350.0,101.86,0,0,direct_odisha,115.0,932.0,direct_odisha
2019116N02090,2019,FANI,2019-04-29 15:00:00,TS,10.5,86.9,55.0,986.0,newdelhi,main,645,645.0,8.0,335.0,101.86,0,0,direct_odisha,115.0,932.0,direct_odisha
2019116N02090,2019,FANI,2019-04-29 18:00:00,TS,10.9,86.8,55.0,986.0,newdelhi,main,655,645.0,8.0,335.0,101.86,0,0,direct_odisha,115.0,932.0,direct_odisha
2019116N02090,2019,FANI,2019-04-29 21:00:00,TS,11.3,86.6,65.0,982.0,newdelhi,main,656,656.0,9.0,345.0,120.38000000000001,0,0,direct_odisha,115.0,932.0,direct_odisha
2019116N02090,2019,FANI,2019-04-30 00:00:00,TS,11.8,86.5,70.0,980.0,newdelhi,main,676,638.0,12.0,340.0,129.64000000000001,0,0,direct_odisha,115.0,932.0,direct_odisha
2019116N02090,2019,FANI,2019-04-30 03:00:00,TS,12.3,86.2,75.0,974.0,newdelhi,main,638,576.0,12.0,320.0,138.9,0,0,direct_odisha,115.0,932.0,direct_odisha
2019116N02090,2019,FANI,2019-04-30 06:00:00,TS,12.7,85.8,80.0,970.0,newdelhi,main,576,516.0,11.0,310.0,148.16,0,0,direct_odisha,115.0,932.0,direct_odisha
2019116N02090,2019,FANI,2019-04-30 09:00:00,TS,13.0,85.3,85.0,966.0,newdelhi,main,516,465.0,11.0,300.0,157.42000000000002,0,0,direct_odisha,115.0,932.0,direct_odisha
2019116N02090,2019,FANI,2019-04-30 12:00:00,TS,13.3,84.8,90.0,962.0,newdelhi,main,456,435.0,8.0,295.0,166.68,0,0,direct_odisha,115.0,932.0,direct_odisha
2019116N02090,2019,FANI,2019-04-30 15:00:00,TS,13.4,84.6,95.0,957.0,newdelhi,main,435,413.0,5.0,305.0,175.94,0,0,direct_odisha,115.0,932.0,direct_odisha
2019116N02090,2019,FANI,2019-04-30 18:00:00,TS,13.5,84.4,95.0,957.0,newdelhi,main,413,392.0,4.0,310.0,175.94,0,0,direct_odisha,115.0,932.0,direct_odisha
2019116N02090,2019,FANI,2019-04-30 21:00:00,TS,13.6,84.2,95.0,957.0,newdelhi,main,383,358.0,5.0,320.0,175.94,0,0,direct_odisha,115.0,932.0,direct_odisha
2019116N02090,2019,FANI,2019-05-01 00:00:00,TS,13.9,84.1,95.0,957.0,newdelhi,main,358,334.0,5.0,335.0,175.94,0,0,direct_odisha,115.0,932.0,direct_odisha
2019116N02090,2019,FANI,2019-05-01 03:00:00,TS,14.1,84.0,95.0,957.0,newdelhi,main,334,324.0,3.0,350.0,175.94,0,0,direct_odisha,115.0,932.0,direct_odisha
2019116N02090,2019,FANI,2019-05-01 06:00:00,TS,14.2,84.0,95.0,957.0,newdelhi,main,324,304.0,5.0,15.0,175.94,0,0,direct_odisha,115.0,932.0,direct_odisha
2019116N02090,2019,FANI,2019-05-01 09:00:00,TS,14.5,84.1,95.0,955.0,newdelhi,main,304,278.0,7.0,10.0,175.94,0,0,direct_odisha,115.0,932.0,direct_odisha
2019116N02090,2019,FANI,2019-05-01 12:00:00,TS,14.9,84.1,100.0,950.0,newdelhi,main,278,270.0,6.0,5.0,185.20000000000002,0,0,direct_odisha,115.0,932.0,direct_odisha
2019116N02090,2019,FANI,2019-05-01 15:00:00,TS,15.0,84.2,100.0,950.0,newdelhi,main,270,256.0,4.0,5.0,185.20000000000002,0,0,direct_odisha,115.0,932.0,direct_odisha
2019116N02090,2019,FANI,2019-05-01 18:00:00,TS,15.2,84.2,100.0,950.0,newdelhi,main,256,246.0,5.0,20.0,185.20000000000002,0,0,direct_odisha,115.0,932.0,direct_odisha
2019116N02090,2019,FANI,2019-05-01 21:00:00,TS,15.5,84.3,100.0,950.0,newdelhi,main,246,244.0,7.0,25.0,185.20000000000002,0,0,direct_odisha,115.0,932.0,direct_odisha
2019116N02090,2019,FANI,2019-05-02 00:00:00,TS,15.9,84.6,105.0,945.0,newdelhi,main,241,216.0,8.0,25.0,194.46,0,0,direct_odisha,115.0,932.0,direct_odisha
2019116N02090,2019,FANI,2019-05-02 03:00:00,TS,16.2,84.7,105.0,945.0,newdelhi,main,223,192.0,9.0,15.0,194.46,0,0,direct_odisha,115.0,932.0,direct_odisha
2019116N02090,2019,FANI,2019-05-02 06:00:00,TS,16.8,84.8,110.0,940.0,newdelhi,main,183,153.0,9.0,10.0,203.72,0,0,direct_odisha,115.0,932.0,direct_odisha
2019116N02090,2019,FANI,2019-05-02 09:00:00,TS,17.2,84.8,115.0,932.0,newdelhi,main,143,116.0,8.0,0.0,212.98000000000002,0,0,direct_odisha,115.0,932.0,direct_odisha
2019116N02090,2019,FANI,2019-05-02 12:00:00,TS,17.6,84.8,115.0,932.0,newdelhi,main,107,92.0,7.0,5.0,212.98000000000002,0,0,direct_odisha,115.0,932.0,direct_odisha
2019116N02090,2019,FANI,2019-05-02 15:00:00,TS,17.9,84.9,115.0,934.0,newdelhi,main,92,76.0,7.0,15.0,212.98000000000002,0,0,direct_odisha,115.0,932.0,direct_odisha
2019116N02090,2019,FANI,2019-05-02 18:00:00,TS,18.3,85.0,115.0,934.0,newdelhi,main,69,62.0,8.0,25.0,212.98000000000002,0,0,direct_odisha,115.0,932.0,direct_odisha
2019116N02090,2019,FANI,2019-05-02 21:00:00,TS,18.6,85.2,115.0,934.0,newdelhi,main,67,54.0,10.0,30.0,212.98000000000002,0,0,direct_odisha,115.0,932.0,direct_odisha
2019116N02090,2019,FANI,2019-05-03 00:00:00,TS,19.1,85.5,105.0,945.0,newdelhi,main,54,22.0,11.0,25.0,194.46,0,0,direct_odisha,115.0,932.0,direct_odisha
2019116N02090,2019,FANI,2019-05-03 03:00:00,TS,19.6,85.7,100.0,952.0,newdelhi,main,22,0.0,12.0,20.0,185.20000000000002,1,0,direct_odisha,115.0,932.0,direct_odisha
2019116N02090,2019,FANI,2019-05-03 06:00:00,TS,20.2,85.9,85.0,966.0,newdelhi,main,0,0.0,11.0,20.0,157.42000000000002,1,1,direct_odisha,115.0,932.0,direct_odisha
2019116N02090,2019,FANI,2019-05-03 09:00:00,TS,20.7,86.1,75.0,970.0,newdelhi,main,0,0.0,12.0,30.0,138.9,1,1,direct_odisha,115.0,932.0,direct_odisha
2019116N02090,2019,FANI,2019-05-03 12:00:00,TS,21.2,86.5,70.0,976.0,newdelhi,main,0,0.0,12.0,40.0,129.64000000000001,1,1,direct_odisha,115.0,932.0,direct_odisha
2019116N02090,2019,FANI,2019-05-03 15:00:00,TS,21.6,86.9,60.0,980.0,newdelhi,main,0,0.0,12.0,45.0,111.12,1,1,direct_odisha,115.0,932.0,direct_odisha
2019116N02090,2019,FANI,2019-05-03 18:00:00,TS,22.1,87.4,55.0,984.0,newdelhi,main,0,0.0,15.0,45.0,101.86,1,1,direct_odisha,115.0,932.0,direct_odisha
2019116N02090,2019,FANI,2019-05-03 21:00:00,TS,22.6,88.1,50.0,986.0,newdelhi,main,0,0.0,15.0,40.0,92.60000000000001,1,1,direct_odisha,115.0,932.0,direct_odisha
2019116N02090,2019,FANI,2019-05-04 00:00:00,TS,23.2,88.5,40.0,994.0,newdelhi,main,0,0.0,14.0,40.0,74.08,1,1,direct_odisha,115.0,932.0,direct_odisha
2019116N02090,2019,FANI,2019-05-04 03:00:00,TS,23.7,89.0,30.0,996.0,newdelhi,main,0,0.0,15.0,40.0,55.56,1,1,direct_odisha,115.0,932.0,direct_odisha
2019116N02090,2019,FANI,2019-05-04 06:00:00,TS,24.4,89.5,25.0,998.0,newdelhi,main,0,0.0,14.0,40.0,46.300000000000004,1,1,direct_odisha,115.0,932.0,direct_odisha
2019116N02090,2019,FANI,2019-05-04 09:00:00,TS,24.8,89.9,,, ,main,0,0.0,14.0,55.0,,1,1,direct_odisha,115.0,932.0,direct_odisha
2019116N02090,2019,FANI,2019-05-04 12:00:00,TS,25.2,90.7,20.0,1000.0,newdelhi,main,0,,16.0,60.0,37.04,0,1,direct_odisha,115.0,932.0,direct_odisha
2019302N11118,2019,BULBUL:MATMO,2019-10-28 12:00:00,DS,10.6,118.2,,, ,main,86,86.0,6.0,270.0,,0,0,regional_comparator,75.0,976.0,odisha_impact_neighboring_landfall
2019302N11118,2019,BULBUL:MATMO,2019-10-28 15:00:00,DS,10.6,117.9,,, ,main,113,113.0,11.0,295.0,,0,0,regional_comparator,75.0,976.0,odisha_impact_neighboring_landfall
2019302N11118,2019,BULBUL:MATMO,2019-10-28 18:00:00,MX,11.1,117.2,,1004.0,tokyo,main,207,207.0,14.0,305.0,,0,0,regional_comparator,75.0,976.0,odisha_impact_neighboring_landfall
2019302N11118,2019,BULBUL:MATMO,2019-10-28 21:00:00,MX,11.4,116.7,,, ,main,271,271.0,13.0,300.0,,0,0,regional_comparator,75.0,976.0,odisha_impact_neighboring_landfall
2019302N11118,2019,BULBUL:MATMO,2019-10-29 00:00:00,MX,11.7,116.1,,1004.0,tokyo,main,336,336.0,13.0,300.0,,0,0,regional_comparator,75.0,976.0,odisha_impact_neighboring_landfall
2019302N11118,2019,BULBUL:MATMO,2019-10-29 03:00:00,MX,12.0,115.5,,, ,main,402,402.0,12.0,295.0,,0,0,regional_comparator,75.0,976.0,odisha_impact_neighboring_landfall
2019302N11118,2019,BULBUL:MATMO,2019-10-29 06:00:00,TS,12.2,115.0,,1002.0,tokyo,main,454,454.0,11.0,295.0,,0,0,regional_comparator,75.0,976.0,odisha_impact_neighboring_landfall
2019302N11118,2019,BULBUL:MATMO,2019-10-29 09:00:00,TS,12.5,114.5,,, ,main,516,488.0,11.0,295.0,,0,0,regional_comparator,75.0,976.0,odisha_impact_neighboring_landfall
2019302N11118,2019,BULBUL:MATMO,2019-10-29 12:00:00,TS,12.7,114.0,,1002.0,tokyo,main,488,423.0,12.0,285.0,,0,0,regional_comparator,75.0,976.0,odisha_impact_neighboring_landfall
2019302N11118,2019,BULBUL:MATMO,2019-10-29 15:00:00,TS,12.8,113.4,,, ,main,423,357.0,12.0,280.0,,0,0,regional_comparator,75.0,976.0,odisha_impact_neighboring_landfall
2019302N11118,2019,BULBUL:MATMO,2019-10-29 18:00:00,TS,12.9,112.8,35.0,1000.0,tokyo,main,357,304.0,10.0,280.0,64.82000000000001,0,0,regional_comparator,75.0,976.0,odisha_impact_neighboring_landfall
2019302N11118,2019,BULBUL:MATMO,2019-10-29 21:00:00,TS,13.1,112.3,,, ,main,304,250.0,11.0,280.0,,0,0,regional_comparator,75.0,976.0,odisha_impact_neighboring_landfall
2019302N11118,2019,BULBUL:MATMO,2019-10-30 00:00:00,TS,13.1,111.7,45.0,994.0,tokyo,main,239,197.0,10.0,275.0,83.34,0,0,regional_comparator,75.0,976.0,odisha_impact_neighboring_landfall
2019302N11118,2019,BULBUL:MATMO,2019-10-30 03:00:00,TS,13.2,111.2,,, ,main,187,144.0,9.0,270.0,,0,0,regional_comparator,75.0,976.0,odisha_impact_neighboring_landfall
2019302N11118,2019,BULBUL:MATMO,2019-10-30 06:00:00,TS,13.2,110.8,50.0,992.0,tokyo,main,144,113.0,7.0,275.0,92.60000000000001,0,0,regional_comparator,75.0,976.0,odisha_impact_neighboring_landfall
2019302N11118,2019,BULBUL:MATMO,2019-10-30 09:00:00,TS,13.2,110.5,,, ,main,113,78.0,7.0,280.0,,0,0,regional_comparator,75.0,976.0,odisha_impact_neighboring_landfall
2019302N11118,2019,BULBUL:MATMO,2019-10-30 12:00:00,TS,13.3,110.1,50.0,992.0,tokyo,main,78,32.0,10.0,280.0,92.60000000000001,0,0,regional_comparator,75.0,976.0,odisha_impact_neighboring_landfall
2019302N11118,2019,BULBUL:MATMO,2019-10-30 15:00:00,TS,13.4,109.5,,, ,main,21,0.0,13.0,280.0,,1,0,regional_comparator,75.0,976.0,odisha_impact_neighboring_landfall
2019302N11118,2019,BULBUL:MATMO,2019-10-30 18:00:00,TS,13.5,108.8,50.0,994.0,tokyo,main,0,0.0,15.0,275.0,92.60000000000001,1,1,regional_comparator,75.0,976.0,odisha_impact_neighboring_landfall
2019302N11118,2019,BULBUL:MATMO,2019-10-30 21:00:00,TS,13.5,108.0,,, ,main,0,0.0,16.0,275.0,,1,1,regional_comparator,75.0,976.0,odisha_impact_neighboring_landfall
2019302N11118,2019,BULBUL:MATMO,2019-10-31 00:00:00,TS,13.6,107.2,35.0,1000.0,tokyo,main,0,0.0,14.0,275.0,64.82000000000001,1,1,regional_comparator,75.0,976.0,odisha_impact_neighboring_landfall
2019302N11118,2019,BULBUL:MATMO,2019-10-31 03:00:00,TS,13.6,106.5,,, ,main,0,0.0,12.0,275.0,,1,1,regional_comparator,75.0,976.0,odisha_impact_neighboring_landfall
2019302N11118,2019,BULBUL:MATMO,2019-10-31 06:00:00,TS,13.7,105.9,,1002.0,tokyo,main,0,0.0,10.0,280.0,,1,1,regional_comparator,75.0,976.0,odisha_impact_neighboring_landfall
2019302N11118,2019,BULBUL:MATMO,2019-10-31 09:00:00,TS,13.8,105.4,,, ,main,0,0.0,10.0,280.0,,1,1,regional_comparator,75.0,976.0,odisha_impact_neighboring_landfall
2019302N11118,2019,BULBUL:MATMO,2019-10-31 12:00:00,TS,13.9,104.9,,1006.0,tokyo,main,0,0.0,11.0,275.0,,1,1,regional_comparator,75.0,976.0,odisha_impact_neighboring_landfall
2019302N11118,2019,BULBUL:MATMO,2019-10-31 15:00:00,TS,13.9,104.3,,, ,main,0,0.0,13.0,275.0,,1,1,regional_comparator,75.0,976.0,odisha_impact_neighboring_landfall
2019302N11118,2019,BULBUL:MATMO,2019-10-31 18:00:00,MX,14.0,103.6,,1008.0,tokyo,main,0,0.0,15.0,280.0,,1,1,regional_comparator,75.0,976.0,odisha_impact_neighboring_landfall
2019302N11118,2019,BULBUL:MATMO,2019-10-31 21:00:00,DS,14.2,102.8,,, ,main,0,0.0,14.0,285.0,,1,1,regional_comparator,75.0,976.0,odisha_impact_neighboring_landfall
2019302N11118,2019,BULBUL:MATMO,2019-11-01 00:00:00,DS,14.3,102.2,,, ,main,0,0.0,10.0,285.0,,1,1,regional_comparator,75.0,976.0,odisha_impact_neighboring_landfall
2019302N11118,2019,BULBUL:MATMO,2019-11-01 03:00:00,DS,14.4,101.8,,, ,main,0,0.0,8.0,285.0,,1,1,regional_comparator,75.0,976.0,odisha_impact_neighboring_landfall
2019302N11118,2019,BULBUL:MATMO,2019-11-01 06:00:00,DS,14.5,101.4,,, ,main,0,0.0,7.0,275.0,,1,1,regional_comparator,75.0,976.0,odisha_impact_neighboring_landfall
2019302N11118,2019,BULBUL:MATMO,2019-11-01 09:00:00,DS,14.5,101.0,,, ,main,0,0.0,7.0,260.0,,1,1,regional_comparator,75.0,976.0,odisha_impact_neighboring_landfall
2019302N11118,2019,BULBUL:MATMO,2019-11-01 12:00:00,DS,14.4,100.7,,, ,main,0,0.0,7.0,255.0,,1,1,regional_comparator,75.0,976.0,odisha_impact_neighboring_landfall
2019302N11118,2019,BULBUL:MATMO,2019-11-01 15:00:00,DS,14.3,100.4,,, ,main,0,0.0,7.0,255.0,,1,1,regional_comparator,75.0,976.0,odisha_impact_neighboring_landfall
2019302N11118,2019,BULBUL:MATMO,2019-11-01 18:00:00,DS,14.2,100.0,,, ,main,0,0.0,7.0,255.0,,1,1,regional_comparator,75.0,976.0,odisha_impact_neighboring_landfall
2019302N11118,2019,BULBUL:MATMO,2019-11-01 21:00:00,DS,14.1,99.6,,, ,main,0,0.0,7.0,255.0,,1,1,regional_comparator,75.0,976.0,odisha_impact_neighboring_landfall
2019302N11118,2019,BULBUL:MATMO,2019-11-02 00:00:00,DS,14.0,99.3,,, ,main,0,0.0,6.0,250.0,,1,1,regional_comparator,75.0,976.0,odisha_impact_neighboring_landfall
2019302N11118,2019,BULBUL:MATMO,2019-11-02 03:00:00,DS,13.9,99.0,,, ,main,0,0.0,5.0,250.0,,1,1,regional_comparator,75.0,976.0,odisha_impact_neighboring_landfall
2019302N11118,2019,BULBUL:MATMO,2019-11-02 06:00:00,DS,13.8,98.8,,, ,main,0,0.0,5.0,245.0,,1,1,regional_comparator,75.0,976.0,odisha_impact_neighboring_landfall
2019302N11118,2019,BULBUL:MATMO,2019-11-02 09:00:00,DS,13.7,98.6,,, ,main,0,0.0,5.0,250.0,,1,1,regional_comparator,75.0,976.0,odisha_impact_neighboring_landfall
2019302N11118,2019,BULBUL:MATMO,2019-11-02 12:00:00,DS,13.6,98.3,,, ,main,10,0.0,6.0,250.0,,1,0,regional_comparator,75.0,976.0,odisha_impact_neighboring_landfall
2019302N11118,2019,BULBUL:MATMO,2019-11-02 15:00:00,DS,13.5,98.0,,, ,main,15,15.0,7.0,255.0,,0,0,regional_comparator,75.0,976.0,odisha_impact_neighboring_landfall
2019302N11118,2019,BULBUL:MATMO,2019-11-02 18:00:00,DS,13.4,97.6,,, ,main,58,58.0,8.0,260.0,,0,0,regional_comparator,75.0,976.0,odisha_impact_neighboring_landfall
2019302N11118,2019,BULBUL:MATMO,2019-11-02 21:00:00,DS,13.3,97.2,,, ,main,103,103.0,9.0,265.0,,0,0,regional_comparator,75.0,976.0,odisha_impact_neighboring_landfall
2019302N11118,2019,BULBUL:MATMO,2019-11-03 00:00:00,DS,13.3,96.7,,, ,main,155,155.0,8.0,265.0,,0,0,regional_comparator,75.0,976.0,odisha_impact_neighboring_landfall
2019302N11118,2019,BULBUL:MATMO,2019-11-03 03:00:00,DS,13.3,96.3,,, ,main,197,197.0,7.0,270.0,,0,0,regional_comparator,75.0,976.0,odisha_impact_neighboring_landfall
2019302N11118,2019,BULBUL:MATMO,2019-11-03 06:00:00,DS,13.3,96.0,,, ,main,229,229.0,6.0,270.0,,0,0,regional_comparator,75.0,976.0,odisha_impact_neighboring_landfall
2019302N11118,2019,BULBUL:MATMO,2019-11-03 09:00:00,DS,13.3,95.7,,, ,main,261,261.0,6.0,270.0,,0,0,regional_comparator,75.0,976.0,odisha_impact_neighboring_landfall
2019302N11118,2019,BULBUL:MATMO,2019-11-03 12:00:00,DS,13.3,95.4,,, ,main,268,268.0,6.0,265.0,,0,0,regional_comparator,75.0,976.0,odisha_impact_neighboring_landfall
2019302N11118,2019,BULBUL:MATMO,2019-11-03 15:00:00,DS,13.3,95.1,,, ,main,268,268.0,6.0,260.0,,0,0,regional_comparator,75.0,976.0,odisha_impact_neighboring_landfall
2019302N11118,2019,BULBUL:MATMO,2019-11-03 18:00:00,DS,13.2,94.8,,, ,main,280,280.0,6.0,255.0,,0,0,regional_comparator,75.0,976.0,odisha_impact_neighboring_landfall
2019302N11118,2019,BULBUL:MATMO,2019-11-03 21:00:00,DS,13.1,94.5,,, ,main,296,296.0,7.0,255.0,,0,0,regional_comparator,75.0,976.0,odisha_impact_neighboring_landfall
2019302N11118,2019,BULBUL:MATMO,2019-11-04 00:00:00,DS,13.0,94.1,,, ,main,315,315.0,8.0,255.0,,0,0,regional_comparator,75.0,976.0,odisha_impact_neighboring_landfall
2019302N11118,2019,BULBUL:MATMO,2019-11-04 03:00:00,DS,12.9,93.7,,, ,main,333,333.0,9.0,255.0,,0,0,regional_comparator,75.0,976.0,odisha_impact_neighboring_landfall
2019302N11118,2019,BULBUL:MATMO,2019-11-04 06:00:00,TS,12.8,93.2,,, ,main,359,359.0,9.0,265.0,,0,0,regional_comparator,75.0,976.0,odisha_impact_neighboring_landfall
2019302N11118,2019,BULBUL:MATMO,2019-11-04 09:00:00,TS,12.8,92.7,,, ,main,382,382.0,9.0,270.0,,0,0,regional_comparator,75.0,976.0,odisha_impact_neighboring_landfall
2019302N11118,2019,BULBUL:MATMO,2019-11-04 12:00:00,TS,12.8,92.3,,, ,main,405,405.0,8.0,270.0,,0,0,regional_comparator,75.0,976.0,odisha_impact_neighboring_landfall
2019302N11118,2019,BULBUL:MATMO,2019-11-04 15:00:00,TS,12.8,91.9,,, ,main,430,430.0,7.0,270.0,,0,0,regional_comparator,75.0,976.0,odisha_impact_neighboring_landfall
2019302N11118,2019,BULBUL:MATMO,2019-11-04 18:00:00,TS,12.8,91.6,,, ,main,451,451.0,6.0,270.0,,0,0,regional_comparator,75.0,976.0,odisha_impact_neighboring_landfall
2019302N11118,2019,BULBUL:MATMO,2019-11-04 21:00:00,TS,12.8,91.3,,, ,main,473,473.0,5.0,275.0,,0,0,regional_comparator,75.0,976.0,odisha_impact_neighboring_landfall
2019302N11118,2019,BULBUL:MATMO,2019-11-05 00:00:00,TS,12.9,91.1,20.0,1004.0,newdelhi,main,481,481.0,4.0,285.0,37.04,0,0,regional_comparator,75.0,976.0,odisha_impact_neighboring_landfall
2019302N11118,2019,BULBUL:MATMO,2019-11-05 03:00:00,TS,12.9,90.9,25.0,1003.0,newdelhi,main,496,496.0,5.0,280.0,46.300000000000004,0,0,regional_comparator,75.0,976.0,odisha_impact_neighboring_landfall
2019302N11118,2019,BULBUL:MATMO,2019-11-05 06:00:00,TS,12.9,90.6,25.0,1003.0,newdelhi,main,520,520.0,5.0,280.0,46.300000000000004,0,0,regional_comparator,75.0,976.0,odisha_impact_neighboring_landfall
2019302N11118,2019,BULBUL:MATMO,2019-11-05 09:00:00,TS,13.0,90.4,,, ,main,529,529.0,5.0,285.0,,0,0,regional_comparator,75.0,976.0,odisha_impact_neighboring_landfall
2019302N11118,2019,BULBUL:MATMO,2019-11-05 12:00:00,TS,13.1,90.1,25.0,1003.0,newdelhi,main,547,547.0,5.0,280.0,46.300000000000004,0,0,regional_comparator,75.0,976.0,odisha_impact_neighboring_landfall
2019302N11118,2019,BULBUL:MATMO,2019-11-05 15:00:00,TS,13.1,89.9,,, ,main,565,565.0,3.0,280.0,,0,0,regional_comparator,75.0,976.0,odisha_impact_neighboring_landfall
2019302N11118,2019,BULBUL:MATMO,2019-11-05 18:00:00,TS,13.1,89.8,25.0,1002.0,newdelhi,main,574,567.0,2.0,320.0,46.300000000000004,0,0,regional_comparator,75.0,976.0,odisha_impact_neighboring_landfall
2019302N11118,2019,BULBUL:MATMO,2019-11-05 21:00:00,TS,13.2,89.8,,, ,main,567,561.0,2.0,15.0,,0,0,regional_comparator,75.0,976.0,odisha_impact_neighboring_landfall
2019302N11118,2019,BULBUL:MATMO,2019-11-06 00:00:00,TS,13.3,89.8,30.0,1001.0,newdelhi,main,561,561.0,1.0,0.0,55.56,0,0,regional_comparator,75.0,976.0,odisha_impact_neighboring_landfall
2019302N11118,2019,BULBUL:MATMO,2019-11-06 03:00:00,TS,13.3,89.8,30.0,1001.0,newdelhi,main,561,561.0,1.0,245.0,55.56,0,0,regional_comparator,75.0,976.0,odisha_impact_neighboring_landfall
2019302N11118,2019,BULBUL:MATMO,2019-11-06 06:00:00,TS,13.3,89.7,30.0,1001.0,newdelhi,main,570,570.0,1.0,275.0,55.56,0,0,regional_comparator,75.0,976.0,odisha_impact_neighboring_landfall
2019302N11118,2019,BULBUL:MATMO,2019-11-06 09:00:00,TS,13.3,89.7,,, ,main,570,564.0,2.0,340.0,,0,0,regional_comparator,75.0,976.0,odisha_impact_neighboring_landfall
2019302N11118,2019,BULBUL:MATMO,2019-11-06 12:00:00,TS,13.4,89.7,30.0,1000.0,newdelhi,main,564,562.0,3.0,355.0,55.56,0,0,regional_comparator,75.0,976.0,odisha_impact_neighboring_landfall
2019302N11118,2019,BULBUL:MATMO,2019-11-06 15:00:00,TS,13.6,89.6,,, ,main,562,552.0,5.0,350.0,,0,0,regional_comparator,75.0,976.0,odisha_impact_neighboring_landfall
2019302N11118,2019,BULBUL:MATMO,2019-11-06 18:00:00,TS,13.9,89.6,35.0,998.0,newdelhi,main,547,547.0,5.0,335.0,64.82000000000001,0,0,regional_comparator,75.0,976.0,odisha_impact_neighboring_landfall
2019302N11118,2019,BULBUL:MATMO,2019-11-06 21:00:00,TS,14.1,89.4,,, ,main,557,557.0,6.0,330.0,,0,0,regional_comparator,75.0,976.0,odisha_impact_neighboring_landfall
2019302N11118,2019,BULBUL:MATMO,2019-11-07 00:00:00,TS,14.4,89.3,35.0,998.0,newdelhi,main,555,555.0,7.0,340.0,64.82000000000001,0,0,regional_comparator,75.0,976.0,odisha_impact_neighboring_landfall
2019302N11118,2019,BULBUL:MATMO,2019-11-07 03:00:00,TS,14.8,89.1,35.0,998.0,newdelhi,main,563,563.0,10.0,330.0,64.82000000000001,0,0,regional_comparator,75.0,976.0,odisha_impact_neighboring_landfall
2019302N11118,2019,BULBUL:MATMO,2019-11-07 06:00:00,TS,15.2,88.7,40.0,996.0,newdelhi,main,589,560.0,9.0,315.0,74.08,0,0,regional_comparator,75.0,976.0,odisha_impact_neighboring_landfall
2019302N11118,2019,BULBUL:MATMO,2019-11-07 09:00:00,TS,15.4,88.4,45.0,995.0,newdelhi,main,554,516.0,8.0,315.0,83.34,0,0,regional_comparator,75.0,976.0,odisha_impact_neighboring_landfall
2019302N11118,2019,BULBUL:MATMO,2019-11-07 12:00:00,TS,15.8,88.2,45.0,994.0,newdelhi,main,507,477.0,8.0,320.0,83.34,0,0,regional_comparator,75.0,976.0,odisha_impact_neighboring_landfall
2019302N11118,2019,BULBUL:MATMO,2019-11-07 15:00:00,TS,16.0,88.0,50.0,992.0,newdelhi,main,477,439.0,6.0,330.0,92.60000000000001,0,0,regional_comparator,75.0,976.0,odisha_impact_neighboring_landfall
2019302N11118,2019,BULBUL:MATMO,2019-11-07 18:00:00,TS,16.3,87.8,55.0,989.0,newdelhi,main,439,404.0,6.0,340.0,101.86,0,0,regional_comparator,75.0,976.0,odisha_impact_neighboring_landfall
2019302N11118,2019,BULBUL:MATMO,2019-11-07 21:00:00,TS,16.6,87.7,60.0,986.0,newdelhi,main,404,372.0,7.0,350.0,111.12,0,0,regional_comparator,75.0,976.0,odisha_impact_neighboring_landfall
2019302N11118,2019,BULBUL:MATMO,2019-11-08 00:00:00,TS,17.0,87.7,65.0,983.0,newdelhi,main,362,331.0,7.0,0.0,120.38000000000001,0,0,regional_comparator,75.0,976.0,odisha_impact_neighboring_landfall
2019302N11118,2019,BULBUL:MATMO,2019-11-08 03:00:00,TS,17.3,87.7,65.0,982.0,newdelhi,main,331,291.0,8.0,0.0,120.38000000000001,0,0,regional_comparator,75.0,976.0,odisha_impact_neighboring_landfall
2019302N11118,2019,BULBUL:MATMO,2019-11-08 06:00:00,TS,17.7,87.8,70.0,980.0,newdelhi,main,296,249.0,9.0,5.0,129.64000000000001,0,0,regional_comparator,75.0,976.0,odisha_impact_neighboring_landfall
2019302N11118,2019,BULBUL:MATMO,2019-11-08 09:00:00,TS,18.2,87.8,70.0,980.0,newdelhi,main,249,207.0,9.0,0.0,129.64000000000001,0,0,regional_comparator,75.0,976.0,odisha_impact_neighboring_landfall
2019302N11118,2019,BULBUL:MATMO,2019-11-08 12:00:00,TS,18.6,87.8,75.0,976.0,newdelhi,main,214,176.0,9.0,0.0,138.9,0,0,regional_comparator,75.0,976.0,odisha_impact_neighboring_landfall
2019302N11118,2019,BULBUL:MATMO,2019-11-08 15:00:00,TS,19.1,87.8,75.0,976.0,newdelhi,main,176,153.0,7.0,355.0,138.9,0,0,regional_comparator,75.0,976.0,odisha_impact_neighboring_landfall
2019302N11118,2019,BULBUL:MATMO,2019-11-08 18:00:00,TS,19.3,87.7,75.0,976.0,newdelhi,main,153,130.0,5.0,355.0,138.9,0,0,regional_comparator,75.0,976.0,odisha_impact_neighboring_landfall
2019302N11118,2019,BULBUL:MATMO,2019-11-08 21:00:00,TS,19.6,87.7,75.0,976.0,newdelhi,main,130,107.0,7.0,355.0,138.9,0,0,regional_comparator,75.0,976.0,odisha_impact_neighboring_landfall
2019302N11118,2019,BULBUL:MATMO,2019-11-09 00:00:00,TS,20.0,87.6,75.0,976.0,newdelhi,main,107,76.0,7.0,355.0,138.9,0,0,regional_comparator,75.0,976.0,odisha_impact_neighboring_landfall
2019302N11118,2019,BULBUL:MATMO,2019-11-09 03:00:00,TS,20.4,87.6,70.0,980.0,newdelhi,main,70,70.0,6.0,10.0,129.64000000000001,0,0,regional_comparator,75.0,976.0,odisha_impact_neighboring_landfall
2019302N11118,2019,BULBUL:MATMO,2019-11-09 06:00:00,TS,20.6,87.8,70.0,982.0,newdelhi,main,83,83.0,6.0,20.0,129.64000000000001,0,0,regional_comparator,75.0,976.0,odisha_impact_neighboring_landfall
2019302N11118,2019,BULBUL:MATMO,2019-11-09 09:00:00,TS,20.9,87.9,70.0,982.0,newdelhi,main,84,59.0,6.0,25.0,129.64000000000001,0,0,regional_comparator,75.0,976.0,odisha_impact_neighboring_landfall
2019302N11118,2019,BULBUL:MATMO,2019-11-09 12:00:00,TS,21.2,88.1,70.0,982.0,newdelhi,main,45,22.0,6.0,35.0,129.64000000000001,0,0,regional_comparator,75.0,976.0,odisha_impact_neighboring_landfall
2019302N11118,2019,BULBUL:MATMO,2019-11-09 15:00:00,TS,21.4,88.3,60.0,986.0,newdelhi,main,22,0.0,7.0,50.0,111.12,1,0,regional_comparator,75.0,976.0,odisha_impact_neighboring_landfall
2019302N11118,2019,BULBUL:MATMO,2019-11-09 18:00:00,TS,21.6,88.6,60.0,990.0,newdelhi,main,10,0.0,9.0,60.0,111.12,1,0,regional_comparator,75.0,976.0,odisha_impact_neighboring_landfall
2019302N11118,2019,BULBUL:MATMO,2019-11-09 21:00:00,TS,21.8,89.1,50.0,996.0,newdelhi,main,0,0.0,9.0,65.0,92.60000000000001,1,1,regional_comparator,75.0,976.0,odisha_impact_neighboring_landfall
2019302N11118,2019,BULBUL:MATMO,2019-11-10 00:00:00,TS,22.0,89.5,45.0,998.0,newdelhi,main,0,0.0,7.0,65.0,83.34,1,1,regional_comparator,75.0,976.0,odisha_impact_neighboring_landfall
2019302N11118,2019,BULBUL:MATMO,2019-11-10 03:00:00,TS,22.2,89.8,40.0,1000.0,newdelhi,main,0,0.0,7.0,65.0,74.08,1,1,regional_comparator,75.0,976.0,odisha_impact_neighboring_landfall
2019302N11118,2019,BULBUL:MATMO,2019-11-10 06:00:00,TS,22.3,90.1,40.0,1000.0,newdelhi,main,0,0.0,6.0,60.0,74.08,1,1,regional_comparator,75.0,976.0,odisha_impact_neighboring_landfall
2019302N11118,2019,BULBUL:MATMO,2019-11-10 09:00:00,TS,22.4,90.3,30.0,1002.0,newdelhi,main,0,0.0,5.0,60.0,55.56,1,1,regional_comparator,75.0,976.0,odisha_impact_neighboring_landfall
2019302N11118,2019,BULBUL:MATMO,2019-11-10 12:00:00,TS,22.6,90.6,30.0,1002.0,newdelhi,main,0,0.0,5.0,65.0,55.56,1,1,regional_comparator,75.0,976.0,odisha_impact_neighboring_landfall
2019302N11118,2019,BULBUL:MATMO,2019-11-10 15:00:00,TS,22.6,90.8,,, ,main,10,0.0,5.0,70.0,,1,0,regional_comparator,75.0,976.0,odisha_impact_neighboring_landfall
2019302N11118,2019,BULBUL:MATMO,2019-11-10 18:00:00,TS,22.8,91.1,30.0,1002.0,newdelhi,main,0,0.0,5.0,60.0,55.56,1,1,regional_comparator,75.0,976.0,odisha_impact_neighboring_landfall
2019302N11118,2019,BULBUL:MATMO,2019-11-10 21:00:00,TS,22.9,91.3,,, ,main,0,0.0,5.0,45.0,,1,1,regional_comparator,75.0,976.0,odisha_impact_neighboring_landfall
2019302N11118,2019,BULBUL:MATMO,2019-11-11 00:00:00,MX,23.1,91.5,20.0,1004.0,newdelhi,main,0,,5.0,40.0,37.04,0,1,regional_comparator,75.0,976.0,odisha_impact_neighboring_landfall
2020136N10088,2020,AMPHAN,2020-05-15 06:00:00,DS,9.5,87.5,,, ,main,662,641.0,5.0,270.0,,0,0,regional_comparator,130.0,920.0,odisha_impact_neighboring_landfall
2020136N10088,2020,AMPHAN,2020-05-15 09:00:00,DS,9.5,87.2,,, ,main,631,610.0,5.0,270.0,,0,0,regional_comparator,130.0,920.0,odisha_impact_neighboring_landfall
2020136N10088,2020,AMPHAN,2020-05-15 12:00:00,TS,9.5,87.0,,, ,main,610,589.0,5.0,265.0,,0,0,regional_comparator,130.0,920.0,odisha_impact_neighboring_landfall
2020136N10088,2020,AMPHAN,2020-05-15 15:00:00,TS,9.5,86.8,,, ,main,589,569.0,4.0,270.0,,0,0,regional_comparator,130.0,920.0,odisha_impact_neighboring_landfall
2020136N10088,2020,AMPHAN,2020-05-15 18:00:00,TS,9.5,86.6,,, ,main,569,559.0,3.0,285.0,,0,0,regional_comparator,130.0,920.0,odisha_impact_neighboring_landfall
2020136N10088,2020,AMPHAN,2020-05-15 21:00:00,TS,9.6,86.5,,, ,main,563,553.0,4.0,335.0,,0,0,regional_comparator,130.0,920.0,odisha_impact_neighboring_landfall
2020136N10088,2020,AMPHAN,2020-05-16 00:00:00,TS,9.8,86.4,25.0,1000.0,newdelhi,main,562,557.0,6.0,335.0,46.300000000000004,0,0,regional_comparator,130.0,920.0,odisha_impact_neighboring_landfall
2020136N10088,2020,AMPHAN,2020-05-16 03:00:00,TS,10.1,86.2,25.0,1000.0,newdelhi,main,557,552.0,6.0,325.0,46.300000000000004,0,0,regional_comparator,130.0,920.0,odisha_impact_neighboring_landfall
2020136N10088,2020,AMPHAN,2020-05-16 06:00:00,TS,10.3,86.1,25.0,1000.0,newdelhi,main,557,557.0,4.0,345.0,46.300000000000004,0,0,regional_comparator,130.0,920.0,odisha_impact_neighboring_landfall
2020136N10088,2020,AMPHAN,2020-05-16 09:00:00,TS,10.5,86.1,30.0,998.0,newdelhi,main,567,567.0,3.0,15.0,55.56,0,0,regional_comparator,130.0,920.0,odisha_impact_neighboring_landfall
2020136N10088,2020,AMPHAN,2020-05-16 12:00:00,TS,10.6,86.2,35.0,996.0,newdelhi,main,581,571.0,3.0,5.0,64.82000000000001,0,0,regional_comparator,130.0,920.0,odisha_impact_neighboring_landfall
2020136N10088,2020,AMPHAN,2020-05-16 15:00:00,TS,10.8,86.1,40.0,995.0,newdelhi,main,581,581.0,3.0,350.0,74.08,0,0,regional_comparator,130.0,920.0,odisha_impact_neighboring_landfall
2020136N10088,2020,AMPHAN,2020-05-16 18:00:00,TS,10.9,86.1,40.0,995.0,newdelhi,main,586,586.0,3.0,0.0,74.08,0,0,regional_comparator,130.0,920.0,odisha_impact_neighboring_landfall
2020136N10088,2020,AMPHAN,2020-05-16 21:00:00,TS,11.1,86.1,45.0,994.0,newdelhi,main,597,597.0,3.0,0.0,83.34,0,0,regional_comparator,130.0,920.0,odisha_impact_neighboring_landfall
2020136N10088,2020,AMPHAN,2020-05-17 00:00:00,TS,11.2,86.1,45.0,993.0,newdelhi,main,603,603.0,2.0,0.0,83.34,0,0,regional_comparator,130.0,920.0,odisha_impact_neighboring_landfall
2020136N10088,2020,AMPHAN,2020-05-17 03:00:00,TS,11.3,86.1,50.0,990.0,newdelhi,main,609,609.0,3.0,15.0,92.60000000000001,0,0,regional_comparator,130.0,920.0,odisha_impact_neighboring_landfall
2020136N10088,2020,AMPHAN,2020-05-17 06:00:00,TS,11.5,86.2,55.0,988.0,newdelhi,main,630,630.0,3.0,5.0,101.86,0,0,regional_comparator,130.0,920.0,odisha_impact_neighboring_landfall
2020136N10088,2020,AMPHAN,2020-05-17 09:00:00,TS,11.6,86.2,65.0,980.0,newdelhi,main,636,636.0,5.0,5.0,120.38000000000001,0,0,regional_comparator,130.0,920.0,odisha_impact_neighboring_landfall
2020136N10088,2020,AMPHAN,2020-05-17 12:00:00,TS,11.9,86.2,70.0,978.0,newdelhi,main,654,637.0,9.0,15.0,129.64000000000001,0,0,regional_comparator,130.0,920.0,odisha_impact_neighboring_landfall
2020136N10088,2020,AMPHAN,2020-05-17 15:00:00,TS,12.5,86.4,75.0,972.0,newdelhi,main,636,629.0,6.0,15.0,138.9,0,0,regional_comparator,130.0,920.0,odisha_impact_neighboring_landfall
2020136N10088,2020,AMPHAN,2020-05-17 18:00:00,TS,12.5,86.4,80.0,970.0,newdelhi,main,636,612.0,4.0,15.0,148.16,0,0,regional_comparator,130.0,920.0,odisha_impact_neighboring_landfall
2020136N10088,2020,AMPHAN,2020-05-17 21:00:00,TS,12.9,86.5,90.0,962.0,newdelhi,main,612,589.0,7.0,0.0,166.68,0,0,regional_comparator,130.0,920.0,odisha_impact_neighboring_landfall
2020136N10088,2020,AMPHAN,2020-05-18 00:00:00,TS,13.2,86.4,100.0,952.0,newdelhi,main,582,558.0,5.0,330.0,185.20000000000002,0,0,regional_comparator,130.0,920.0,odisha_impact_neighboring_landfall
2020136N10088,2020,AMPHAN,2020-05-18 03:00:00,TS,13.3,86.2,115.0,936.0,newdelhi,main,558,551.0,3.0,330.0,212.98000000000002,0,0,regional_comparator,130.0,920.0,odisha_impact_neighboring_landfall
2020136N10088,2020,AMPHAN,2020-05-18 06:00:00,TS,13.4,86.2,120.0,930.0,newdelhi,main,551,529.0,4.0,360.0,222.24,0,0,regional_comparator,130.0,920.0,odisha_impact_neighboring_landfall
2020136N10088,2020,AMPHAN,2020-05-18 09:00:00,TS,13.7,86.2,120.0,930.0,newdelhi,main,529,518.0,7.0,15.0,222.24,0,0,regional_comparator,130.0,920.0,odisha_impact_neighboring_landfall
2020136N10088,2020,AMPHAN,2020-05-18 12:00:00,TS,14.1,86.4,125.0,926.0,newdelhi,main,520,487.0,8.0,15.0,231.5,0,0,regional_comparator,130.0,920.0,odisha_impact_neighboring_landfall
2020136N10088,2020,AMPHAN,2020-05-18 15:00:00,TS,14.5,86.5,125.0,926.0,newdelhi,main,494,467.0,8.0,15.0,231.5,0,0,regional_comparator,130.0,920.0,odisha_impact_neighboring_landfall
2020136N10088,2020,AMPHAN,2020-05-18 18:00:00,TS,14.9,86.6,130.0,920.0,newdelhi,main,464,446.0,7.0,15.0,240.76000000000002,0,0,regional_comparator,130.0,920.0,odisha_impact_neighboring_landfall
2020136N10088,2020,AMPHAN,2020-05-18 21:00:00,TS,15.2,86.7,130.0,920.0,newdelhi,main,443,418.0,7.0,15.0,240.76000000000002,0,0,regional_comparator,130.0,920.0,odisha_impact_neighboring_landfall
2020136N10088,2020,AMPHAN,2020-05-19 00:00:00,TS,15.6,86.8,125.0,926.0,newdelhi,main,416,385.0,9.0,15.0,231.5,0,0,regional_comparator,130.0,920.0,odisha_impact_neighboring_landfall
2020136N10088,2020,AMPHAN,2020-05-19 03:00:00,TS,16.0,86.9,120.0,930.0,newdelhi,main,393,354.0,10.0,10.0,222.24,0,0,regional_comparator,130.0,920.0,odisha_impact_neighboring_landfall
2020136N10088,2020,AMPHAN,2020-05-19 06:00:00,TS,16.5,87.0,115.0,936.0,newdelhi,main,361,331.0,10.0,5.0,212.98000000000002,0,0,regional_comparator,130.0,920.0,odisha_impact_neighboring_landfall
2020136N10088,2020,AMPHAN,2020-05-19 09:00:00,TS,16.9,87.0,110.0,942.0,newdelhi,main,324,304.0,9.0,5.0,203.72,0,0,regional_comparator,130.0,920.0,odisha_impact_neighboring_landfall
2020136N10088,2020,AMPHAN,2020-05-19 12:00:00,TS,17.3,87.1,105.0,946.0,newdelhi,main,298,246.0,10.0,5.0,194.46,0,0,regional_comparator,130.0,920.0,odisha_impact_neighboring_landfall
2020136N10088,2020,AMPHAN,2020-05-19 15:00:00,TS,17.9,87.1,100.0,948.0,newdelhi,main,246,207.0,10.0,10.0,185.20000000000002,0,0,regional_comparator,130.0,920.0,odisha_impact_neighboring_landfall
2020136N10088,2020,AMPHAN,2020-05-19 18:00:00,TS,18.3,87.2,100.0,948.0,newdelhi,main,197,167.0,8.0,10.0,185.20000000000002,0,0,regional_comparator,130.0,920.0,odisha_impact_neighboring_landfall
2020136N10088,2020,AMPHAN,2020-05-19 21:00:00,TS,18.7,87.3,100.0,948.0,newdelhi,main,173,153.0,9.0,20.0,185.20000000000002,0,0,regional_comparator,130.0,920.0,odisha_impact_neighboring_landfall
2020136N10088,2020,AMPHAN,2020-05-20 00:00:00,TS,19.2,87.5,95.0,952.0,newdelhi,main,145,118.0,12.0,20.0,175.94,0,0,regional_comparator,130.0,920.0,odisha_impact_neighboring_landfall
2020136N10088,2020,AMPHAN,2020-05-20 03:00:00,TS,19.8,87.7,95.0,954.0,newdelhi,main,118,96.0,15.0,15.0,175.94,0,0,regional_comparator,130.0,920.0,odisha_impact_neighboring_landfall
2020136N10088,2020,AMPHAN,2020-05-20 06:00:00,TS,20.6,88.0,90.0,956.0,newdelhi,main,104,35.0,16.0,15.0,166.68,0,0,regional_comparator,130.0,920.0,odisha_impact_neighboring_landfall
2020136N10088,2020,AMPHAN,2020-05-20 09:00:00,TS,21.4,88.1,90.0,960.0,newdelhi,main,24,0.0,16.0,15.0,166.68,1,0,regional_comparator,130.0,920.0,odisha_impact_neighboring_landfall
2020136N10088,2020,AMPHAN,2020-05-20 12:00:00,TS,22.1,88.4,85.0,957.0,newdelhi,main,0,0.0,16.0,20.0,157.42000000000002,1,1,regional_comparator,130.0,920.0,odisha_impact_neighboring_landfall
2020136N10088,2020,AMPHAN,2020-05-20 15:00:00,TS,22.8,88.6,65.0,968.0,newdelhi,main,0,0.0,16.0,25.0,120.38000000000001,1,1,regional_comparator,130.0,920.0,odisha_impact_neighboring_landfall
2020136N10088,2020,AMPHAN,2020-05-20 18:00:00,TS,23.5,89.1,50.0,978.0,newdelhi,main,0,0.0,16.0,20.0,92.60000000000001,1,1,regional_comparator,130.0,920.0,odisha_impact_neighboring_landfall
2020136N10088,2020,AMPHAN,2020-05-20 21:00:00,TS,24.3,89.3,45.0,986.0,newdelhi,main,0,0.0,13.0,25.0,83.34,1,1,regional_comparator,130.0,920.0,odisha_impact_neighboring_landfall
2020136N10088,2020,AMPHAN,2020-05-21 00:00:00,TS,24.6,89.6,40.0,988.0,newdelhi,main,0,0.0,10.0,35.0,74.08,1,1,regional_comparator,130.0,920.0,odisha_impact_neighboring_landfall
2020136N10088,2020,AMPHAN,2020-05-21 03:00:00,TS,25.1,89.9,35.0,990.0,newdelhi,main,0,0.0,8.0,25.0,64.82000000000001,1,1,regional_comparator,130.0,920.0,odisha_impact_neighboring_landfall
2020136N10088,2020,AMPHAN,2020-05-21 06:00:00,TS,25.4,90.1,30.0,992.0,newdelhi,main,0,0.0,3.0,295.0,55.56,1,1,regional_comparator,130.0,920.0,odisha_impact_neighboring_landfall
2020136N10088,2020,AMPHAN,2020-05-21 09:00:00,TS,25.2,89.6,,, ,main,0,0.0,4.0,275.0,,1,1,regional_comparator,130.0,920.0,odisha_impact_neighboring_landfall
2020136N10088,2020,AMPHAN,2020-05-21 12:00:00,TS,25.4,89.6,20.0,995.0,newdelhi,main,0,,4.0,0.0,37.04,0,1,regional_comparator,130.0,920.0,odisha_impact_neighboring_landfall
2021143N15090,2021,YAAS,2021-05-23 00:00:00,DS,15.5,90.0,,, ,main,453,453.0,3.0,245.0,,0,0,direct_odisha,75.0,970.0,direct_odisha
2021143N15090,2021,YAAS,2021-05-23 03:00:00,DS,15.4,89.9,,, ,main,465,465.0,2.0,295.0,,0,0,direct_odisha,75.0,970.0,direct_odisha
2021143N15090,2021,YAAS,2021-05-23 06:00:00,TS,15.6,89.8,25.0,996.0,newdelhi,main,473,473.0,2.0,325.0,46.300000000000004,0,0,direct_odisha,75.0,970.0,direct_odisha
2021143N15090,2021,YAAS,2021-05-23 09:00:00,TS,15.6,89.7,,, ,main,483,482.0,3.0,310.0,,0,0,direct_odisha,75.0,970.0,direct_odisha
2021143N15090,2021,YAAS,2021-05-23 12:00:00,TS,15.7,89.6,25.0,994.0,newdelhi,main,493,492.0,3.0,310.0,46.300000000000004,0,0,direct_odisha,75.0,970.0,direct_odisha
2021143N15090,2021,YAAS,2021-05-23 15:00:00,TS,15.8,89.5,,, ,main,503,503.0,2.0,305.0,,0,0,direct_odisha,75.0,970.0,direct_odisha
2021143N15090,2021,YAAS,2021-05-23 18:00:00,MX,15.8,89.5,30.0,992.0,newdelhi,main,502,492.0,2.0,30.0,55.56,0,0,direct_odisha,75.0,970.0,direct_odisha
2021143N15090,2021,YAAS,2021-05-23 21:00:00,MX,16.0,89.6,,, ,main,491,481.0,4.0,45.0,,0,0,direct_odisha,75.0,970.0,direct_odisha
2021143N15090,2021,YAAS,2021-05-24 00:00:00,TS,16.1,89.8,35.0,990.0,newdelhi,main,470,470.0,5.0,10.0,64.82000000000001,0,0,direct_odisha,75.0,970.0,direct_odisha
2021143N15090,2021,YAAS,2021-05-24 03:00:00,TS,16.5,89.7,40.0,988.0,newdelhi,main,483,483.0,5.0,350.0,74.08,0,0,direct_odisha,75.0,970.0,direct_odisha
2021143N15090,2021,YAAS,2021-05-24 06:00:00,TS,16.6,89.6,40.0,988.0,newdelhi,main,485,483.0,5.0,345.0,74.08,0,0,direct_odisha,75.0,970.0,direct_odisha
2021143N15090,2021,YAAS,2021-05-24 09:00:00,TS,16.9,89.6,40.0,988.0,newdelhi,main,483,453.0,6.0,335.0,74.08,0,0,direct_odisha,75.0,970.0,direct_odisha
2021143N15090,2021,YAAS,2021-05-24 12:00:00,TS,17.2,89.4,45.0,986.0,newdelhi,main,445,414.0,6.0,325.0,83.34,0,0,direct_odisha,75.0,970.0,direct_odisha
2021143N15090,2021,YAAS,2021-05-24 15:00:00,TS,17.4,89.2,45.0,986.0,newdelhi,main,414,383.0,6.0,320.0,83.34,0,0,direct_odisha,75.0,970.0,direct_odisha
2021143N15090,2021,YAAS,2021-05-24 18:00:00,TS,17.6,89.0,50.0,984.0,newdelhi,main,383,360.0,6.0,320.0,92.60000000000001,0,0,direct_odisha,75.0,970.0,direct_odisha
2021143N15090,2021,YAAS,2021-05-24 21:00:00,TS,17.8,88.9,55.0,982.0,newdelhi,main,360,321.0,6.0,325.0,101.86,0,0,direct_odisha,75.0,970.0,direct_odisha
2021143N15090,2021,YAAS,2021-05-25 00:00:00,TS,18.1,88.6,55.0,980.0,newdelhi,main,321,275.0,7.0,325.0,101.86,0,0,direct_odisha,75.0,970.0,direct_odisha
2021143N15090,2021,YAAS,2021-05-25 03:00:00,TS,18.4,88.4,55.0,980.0,newdelhi,main,275,229.0,8.0,330.0,101.86,0,0,direct_odisha,75.0,970.0,direct_odisha
2021143N15090,2021,YAAS,2021-05-25 06:00:00,TS,18.8,88.2,60.0,978.0,newdelhi,main,229,206.0,7.0,345.0,111.12,0,0,direct_odisha,75.0,970.0,direct_odisha
2021143N15090,2021,YAAS,2021-05-25 09:00:00,TS,19.1,88.2,60.0,978.0,newdelhi,main,206,180.0,7.0,355.0,111.12,0,0,direct_odisha,75.0,970.0,direct_odisha
2021143N15090,2021,YAAS,2021-05-25 12:00:00,TS,19.5,88.2,65.0,976.0,newdelhi,main,180,137.0,8.0,340.0,120.38000000000001,0,0,direct_odisha,75.0,970.0,direct_odisha
2021143N15090,2021,YAAS,2021-05-25 15:00:00,TS,19.9,88.0,65.0,976.0,newdelhi,main,137,100.0,8.0,335.0,120.38000000000001,0,0,direct_odisha,75.0,970.0,direct_odisha
2021143N15090,2021,YAAS,2021-05-25 18:00:00,TS,20.3,87.8,70.0,974.0,newdelhi,main,94,80.0,5.0,335.0,129.64000000000001,0,0,direct_odisha,75.0,970.0,direct_odisha
2021143N15090,2021,YAAS,2021-05-25 21:00:00,TS,20.4,87.7,75.0,970.0,newdelhi,main,80,63.0,4.0,325.0,138.9,0,0,direct_odisha,75.0,970.0,direct_odisha
2021143N15090,2021,YAAS,2021-05-26 00:00:00,TS,20.6,87.6,75.0,970.0,newdelhi,main,63,33.0,8.0,330.0,138.9,0,0,direct_odisha,75.0,970.0,direct_odisha
2021143N15090,2021,YAAS,2021-05-26 03:00:00,TS,21.1,87.2,75.0,970.0,newdelhi,main,38,0.0,11.0,325.0,138.9,1,0,direct_odisha,75.0,970.0,direct_odisha
2021143N15090,2021,YAAS,2021-05-26 06:00:00,TS,21.5,86.9,75.0,970.0,newdelhi,main,0,0.0,9.0,320.0,138.9,1,1,direct_odisha,75.0,970.0,direct_odisha
2021143N15090,2021,YAAS,2021-05-26 09:00:00,TS,21.7,86.6,55.0,978.0,newdelhi,main,0,0.0,6.0,315.0,101.86,1,1,direct_odisha,75.0,970.0,direct_odisha
2021143N15090,2021,YAAS,2021-05-26 12:00:00,TS,21.9,86.5,45.0,984.0,newdelhi,main,0,0.0,7.0,310.0,83.34,1,1,direct_odisha,75.0,970.0,direct_odisha
2021143N15090,2021,YAAS,2021-05-26 15:00:00,TS,22.2,86.1,40.0,986.0,newdelhi,main,0,0.0,9.0,315.0,74.08,1,1,direct_odisha,75.0,970.0,direct_odisha
2021143N15090,2021,YAAS,2021-05-26 18:00:00,TS,22.5,85.8,30.0,988.0,newdelhi,main,0,0.0,7.0,335.0,55.56,1,1,direct_odisha,75.0,970.0,direct_odisha
2021143N15090,2021,YAAS,2021-05-26 21:00:00,TS,22.8,85.7,,, ,main,0,0.0,6.0,350.0,,1,1,direct_odisha,75.0,970.0,direct_odisha
2021143N15090,2021,YAAS,2021-05-27 00:00:00,TS,23.1,85.7,30.0,988.0,newdelhi,main,0,0.0,5.0,355.0,55.56,1,1,direct_odisha,75.0,970.0,direct_odisha
2021143N15090,2021,YAAS,2021-05-27 03:00:00,TS,23.3,85.7,30.0,990.0,newdelhi,main,0,0.0,5.0,345.0,55.56,1,1,direct_odisha,75.0,970.0,direct_odisha
2021143N15090,2021,YAAS,2021-05-27 06:00:00,MX,23.6,85.6,25.0,991.0,newdelhi,main,0,0.0,7.0,345.0,46.300000000000004,1,1,direct_odisha,75.0,970.0,direct_odisha
2021143N15090,2021,YAAS,2021-05-27 09:00:00,TS,23.9,85.5,,, ,main,0,0.0,8.0,340.0,,1,1,direct_odisha,75.0,970.0,direct_odisha
2021143N15090,2021,YAAS,2021-05-27 12:00:00,TS,24.3,85.3,25.0,992.0,newdelhi,main,0,0.0,7.0,330.0,46.300000000000004,1,1,direct_odisha,75.0,970.0,direct_odisha
2021143N15090,2021,YAAS,2021-05-27 15:00:00,TS,24.5,85.1,,, ,main,0,0.0,6.0,310.0,,1,1,direct_odisha,75.0,970.0,direct_odisha
2021143N15090,2021,YAAS,2021-05-27 18:00:00,TS,24.7,84.8,25.0,992.0,newdelhi,main,0,,6.0,305.0,46.300000000000004,0,1,direct_odisha,75.0,970.0,direct_odisha
2021267N18094,2021,GULAB:SHAHEEN-GU,2021-09-23 18:00:00,TS,18.4,94.1,,, ,main,23,23.0,9.0,240.0,,0,0,regional_comparator,60.0,984.0,odisha_impact_neighboring_landfall
2021267N18094,2021,GULAB:SHAHEEN-GU,2021-09-23 21:00:00,TS,18.2,93.7,,, ,main,63,63.0,8.0,250.0,,0,0,regional_comparator,60.0,984.0,odisha_impact_neighboring_landfall
2021267N18094,2021,GULAB:SHAHEEN-GU,2021-09-24 00:00:00,TS,18.1,93.3,,, ,main,100,100.0,8.0,270.0,,0,0,regional_comparator,60.0,984.0,odisha_impact_neighboring_landfall
2021267N18094,2021,GULAB:SHAHEEN-GU,2021-09-24 03:00:00,TS,18.2,92.9,,, ,main,122,122.0,9.0,285.0,,0,0,regional_comparator,60.0,984.0,odisha_impact_neighboring_landfall
2021267N18094,2021,GULAB:SHAHEEN-GU,2021-09-24 06:00:00,TS,18.3,92.4,,, ,main,157,157.0,9.0,280.0,,0,0,regional_comparator,60.0,984.0,odisha_impact_neighboring_landfall
2021267N18094,2021,GULAB:SHAHEEN-GU,2021-09-24 09:00:00,TS,18.3,91.9,,, ,main,205,205.0,10.0,270.0,,0,0,regional_comparator,60.0,984.0,odisha_impact_neighboring_landfall
2021267N18094,2021,GULAB:SHAHEEN-GU,2021-09-24 12:00:00,TS,18.3,91.4,25.0,1000.0,newdelhi,main,254,254.0,10.0,270.0,46.300000000000004,0,0,regional_comparator,60.0,984.0,odisha_impact_neighboring_landfall
2021267N18094,2021,GULAB:SHAHEEN-GU,2021-09-24 15:00:00,TS,18.3,90.9,,, ,main,290,290.0,9.0,275.0,,0,0,regional_comparator,60.0,984.0,odisha_impact_neighboring_landfall
2021267N18094,2021,GULAB:SHAHEEN-GU,2021-09-24 18:00:00,TS,18.3,90.5,25.0,1000.0,newdelhi,main,321,321.0,7.0,270.0,46.300000000000004,0,0,regional_comparator,60.0,984.0,odisha_impact_neighboring_landfall
2021267N18094,2021,GULAB:SHAHEEN-GU,2021-09-24 21:00:00,TS,18.3,90.1,,, ,main,352,352.0,7.0,265.0,,0,0,regional_comparator,60.0,984.0,odisha_impact_neighboring_landfall
2021267N18094,2021,GULAB:SHAHEEN-GU,2021-09-25 00:00:00,TS,18.3,89.8,30.0,999.0,newdelhi,main,376,361.0,7.0,265.0,55.56,0,0,regional_comparator,60.0,984.0,odisha_impact_neighboring_landfall
2021267N18094,2021,GULAB:SHAHEEN-GU,2021-09-25 03:00:00,TS,18.3,89.4,30.0,998.0,newdelhi,main,361,321.0,8.0,270.0,55.56,0,0,regional_comparator,60.0,984.0,odisha_impact_neighboring_landfall
2021267N18094,2021,GULAB:SHAHEEN-GU,2021-09-25 06:00:00,TS,18.3,88.9,30.0,998.0,newdelhi,main,321,306.0,7.0,270.0,55.56,0,0,regional_comparator,60.0,984.0,odisha_impact_neighboring_landfall
2021267N18094,2021,GULAB:SHAHEEN-GU,2021-09-25 09:00:00,TS,18.3,88.6,,, ,main,299,291.0,4.0,265.0,,0,0,regional_comparator,60.0,984.0,odisha_impact_neighboring_landfall
2021267N18094,2021,GULAB:SHAHEEN-GU,2021-09-25 12:00:00,TS,18.3,88.5,35.0,997.0,newdelhi,main,291,291.0,3.0,265.0,64.82000000000001,0,0,regional_comparator,60.0,984.0,odisha_impact_neighboring_landfall
2021267N18094,2021,GULAB:SHAHEEN-GU,2021-09-25 15:00:00,TS,18.2,88.4,35.0,997.0,newdelhi,main,291,276.0,3.0,270.0,64.82000000000001,0,0,regional_comparator,60.0,984.0,odisha_impact_neighboring_landfall
2021267N18094,2021,GULAB:SHAHEEN-GU,2021-09-25 18:00:00,TS,18.3,88.2,35.0,996.0,newdelhi,main,268,240.0,6.0,270.0,64.82000000000001,0,0,regional_comparator,60.0,984.0,odisha_impact_neighboring_landfall
2021267N18094,2021,GULAB:SHAHEEN-GU,2021-09-25 21:00:00,TS,18.3,87.7,35.0,996.0,newdelhi,main,234,212.0,9.0,275.0,64.82000000000001,0,0,regional_comparator,60.0,984.0,odisha_impact_neighboring_landfall
2021267N18094,2021,GULAB:SHAHEEN-GU,2021-09-26 00:00:00,TS,18.3,87.3,40.0,994.0,newdelhi,main,212,175.0,11.0,275.0,74.08,0,0,regional_comparator,60.0,984.0,odisha_impact_neighboring_landfall
2021267N18094,2021,GULAB:SHAHEEN-GU,2021-09-26 03:00:00,TS,18.4,86.5,40.0,994.0,newdelhi,main,172,148.0,12.0,275.0,74.08,0,0,regional_comparator,60.0,984.0,odisha_impact_neighboring_landfall
2021267N18094,2021,GULAB:SHAHEEN-GU,2021-09-26 06:00:00,TS,18.5,86.0,45.0,992.0,newdelhi,main,138,86.0,12.0,270.0,83.34,0,0,regional_comparator,60.0,984.0,odisha_impact_neighboring_landfall
2021267N18094,2021,GULAB:SHAHEEN-GU,2021-09-26 09:00:00,TS,18.4,85.3,45.0,992.0,newdelhi,main,86,30.0,14.0,270.0,83.34,0,0,regional_comparator,60.0,984.0,odisha_impact_neighboring_landfall
2021267N18094,2021,GULAB:SHAHEEN-GU,2021-09-26 12:00:00,TS,18.4,84.6,45.0,992.0,newdelhi,main,30,0.0,14.0,265.0,83.34,1,0,regional_comparator,60.0,984.0,odisha_impact_neighboring_landfall
2021267N18094,2021,GULAB:SHAHEEN-GU,2021-09-26 15:00:00,TS,18.3,83.9,45.0,992.0,newdelhi,main,0,0.0,11.0,265.0,83.34,1,1,regional_comparator,60.0,984.0,odisha_impact_neighboring_landfall
2021267N18094,2021,GULAB:SHAHEEN-GU,2021-09-26 18:00:00,TS,18.3,83.4,35.0,994.0,newdelhi,main,0,0.0,9.0,265.0,64.82000000000001,1,1,regional_comparator,60.0,984.0,odisha_impact_neighboring_landfall
2021267N18094,2021,GULAB:SHAHEEN-GU,2021-09-26 21:00:00,TS,18.2,82.9,30.0,996.0,newdelhi,main,0,0.0,8.0,255.0,55.56,1,1,regional_comparator,60.0,984.0,odisha_impact_neighboring_landfall
2021267N18094,2021,GULAB:SHAHEEN-GU,2021-09-27 00:00:00,TS,18.2,82.6,30.0,996.0,newdelhi,main,0,0.0,7.0,270.0,55.56,1,1,regional_comparator,60.0,984.0,odisha_impact_neighboring_landfall
2021267N18094,2021,GULAB:SHAHEEN-GU,2021-09-27 03:00:00,TS,18.2,82.2,30.0,996.0,newdelhi,main,0,0.0,10.0,290.0,55.56,1,1,regional_comparator,60.0,984.0,odisha_impact_neighboring_landfall
2021267N18094,2021,GULAB:SHAHEEN-GU,2021-09-27 06:00:00,TS,18.5,81.7,30.0,996.0,newdelhi,main,0,0.0,14.0,285.0,55.56,1,1,regional_comparator,60.0,984.0,odisha_impact_neighboring_landfall
2021267N18094,2021,GULAB:SHAHEEN-GU,2021-09-27 09:00:00,TS,18.6,80.8,,, ,main,0,0.0,17.0,280.0,,1,1,regional_comparator,60.0,984.0,odisha_impact_neighboring_landfall
2021267N18094,2021,GULAB:SHAHEEN-GU,2021-09-27 12:00:00,MX,18.8,80.0,25.0,998.0,newdelhi,main,0,0.0,12.0,285.0,46.300000000000004,1,1,regional_comparator,60.0,984.0,odisha_impact_neighboring_landfall
2021267N18094,2021,GULAB:SHAHEEN-GU,2021-09-27 15:00:00,MX,18.9,79.5,,, ,main,0,0.0,8.0,290.0,,1,1,regional_comparator,60.0,984.0,odisha_impact_neighboring_landfall
2021267N18094,2021,GULAB:SHAHEEN-GU,2021-09-27 18:00:00,MX,19.1,79.2,25.0,998.0,newdelhi,main,0,0.0,8.0,290.0,46.300000000000004,1,1,regional_comparator,60.0,984.0,odisha_impact_neighboring_landfall
2021267N18094,2021,GULAB:SHAHEEN-GU,2021-09-27 21:00:00,MX,19.2,78.8,,, ,main,0,0.0,10.0,295.0,,1,1,regional_comparator,60.0,984.0,odisha_impact_neighboring_landfall
2021267N18094,2021,GULAB:SHAHEEN-GU,2021-09-28 00:00:00,MX,19.5,78.3,25.0,998.0,newdelhi,main,0,0.0,11.0,300.0,46.300000000000004,1,1,regional_comparator,60.0,984.0,odisha_impact_neighboring_landfall
2021267N18094,2021,GULAB:SHAHEEN-GU,2021-09-28 03:00:00,MX,19.8,77.8,20.0,999.0,newdelhi,main,0,0.0,10.0,310.0,37.04,1,1,regional_comparator,60.0,984.0,odisha_impact_neighboring_landfall
2021267N18094,2021,GULAB:SHAHEEN-GU,2021-09-28 06:00:00,DS,20.1,77.5,,, ,main,0,0.0,9.0,305.0,,1,1,regional_comparator,60.0,984.0,odisha_impact_neighboring_landfall
2021267N18094,2021,GULAB:SHAHEEN-GU,2021-09-28 09:00:00,DS,20.3,77.0,,, ,main,0,0.0,10.0,295.0,,1,1,regional_comparator,60.0,984.0,odisha_impact_neighboring_landfall
2021267N18094,2021,GULAB:SHAHEEN-GU,2021-09-28 12:00:00,DS,20.5,76.5,,, ,main,0,0.0,11.0,290.0,,1,1,regional_comparator,60.0,984.0,odisha_impact_neighboring_landfall
2021267N18094,2021,GULAB:SHAHEEN-GU,2021-09-28 15:00:00,DS,20.7,75.9,,, ,main,0,0.0,12.0,290.0,,1,1,regional_comparator,60.0,984.0,odisha_impact_neighboring_landfall
2021267N18094,2021,GULAB:SHAHEEN-GU,2021-09-28 18:00:00,DS,20.9,75.3,,, ,main,0,0.0,12.0,295.0,,1,1,regional_comparator,60.0,984.0,odisha_impact_neighboring_landfall
2021267N18094,2021,GULAB:SHAHEEN-GU,2021-09-28 21:00:00,DS,21.2,74.7,,, ,main,0,0.0,13.0,300.0,,1,1,regional_comparator,60.0,984.0,odisha_impact_neighboring_landfall
2021267N18094,2021,GULAB:SHAHEEN-GU,2021-09-29 00:00:00,DS,21.5,74.1,,, ,main,0,0.0,15.0,300.0,,1,1,regional_comparator,60.0,984.0,odisha_impact_neighboring_landfall
2021267N18094,2021,GULAB:SHAHEEN-GU,2021-09-29 03:00:00,DS,21.9,73.3,,, ,main,0,0.0,16.0,295.0,,1,1,regional_comparator,60.0,984.0,odisha_impact_neighboring_landfall
2021267N18094,2021,GULAB:SHAHEEN-GU,2021-09-29 06:00:00,TS,22.2,72.6,,, ,main,11,0.0,13.0,295.0,,1,0,regional_comparator,60.0,984.0,odisha_impact_neighboring_landfall
2021267N18094,2021,GULAB:SHAHEEN-GU,2021-09-29 09:00:00,TS,22.4,72.0,,, ,main,0,0.0,11.0,290.0,,1,1,regional_comparator,60.0,984.0,odisha_impact_neighboring_landfall
2021267N18094,2021,GULAB:SHAHEEN-GU,2021-09-29 12:00:00,TS,22.6,71.5,,, ,main,0,0.0,12.0,280.0,,1,1,regional_comparator,60.0,984.0,odisha_impact_neighboring_landfall
2021267N18094,2021,GULAB:SHAHEEN-GU,2021-09-29 15:00:00,TS,22.7,70.8,,, ,main,0,0.0,13.0,275.0,,1,1,regional_comparator,60.0,984.0,odisha_impact_neighboring_landfall
2021267N18094,2021,GULAB:SHAHEEN-GU,2021-09-29 18:00:00,TS,22.7,70.1,,, ,main,20,0.0,11.0,270.0,,1,0,regional_comparator,60.0,984.0,odisha_impact_neighboring_landfall
2021267N18094,2021,GULAB:SHAHEEN-GU,2021-09-29 21:00:00,TS,22.7,69.6,,, ,main,10,10.0,8.0,265.0,,0,0,regional_comparator,60.0,984.0,odisha_impact_neighboring_landfall
2021267N18094,2021,GULAB:SHAHEEN-GU,2021-09-30 00:00:00,TS,22.6,69.3,25.0,998.0,newdelhi,main,22,22.0,8.0,265.0,46.300000000000004,0,0,regional_comparator,60.0,984.0,odisha_impact_neighboring_landfall
2021267N18094,2021,GULAB:SHAHEEN-GU,2021-09-30 03:00:00,TS,22.6,68.7,25.0,998.0,newdelhi,main,38,38.0,9.0,270.0,46.300000000000004,0,0,regional_comparator,60.0,984.0,odisha_impact_neighboring_landfall
2021267N18094,2021,GULAB:SHAHEEN-GU,2021-09-30 06:00:00,TS,22.6,68.3,25.0,998.0,newdelhi,main,69,69.0,9.0,280.0,46.300000000000004,0,0,regional_comparator,60.0,984.0,odisha_impact_neighboring_landfall
2021267N18094,2021,GULAB:SHAHEEN-GU,2021-09-30 09:00:00,TS,22.8,67.7,,, ,main,102,102.0,10.0,285.0,,0,0,regional_comparator,60.0,984.0,odisha_impact_neighboring_landfall
2021267N18094,2021,GULAB:SHAHEEN-GU,2021-09-30 12:00:00,TS,22.9,67.2,25.0,998.0,newdelhi,main,108,108.0,9.0,280.0,46.300000000000004,0,0,regional_comparator,60.0,984.0,odisha_impact_neighboring_landfall
2021267N18094,2021,GULAB:SHAHEEN-GU,2021-09-30 15:00:00,TS,22.9,66.8,,, ,main,129,129.0,7.0,275.0,,0,0,regional_comparator,60.0,984.0,odisha_impact_neighboring_landfall
2021267N18094,2021,GULAB:SHAHEEN-GU,2021-09-30 18:00:00,TS,23.0,66.4,30.0,996.0,newdelhi,main,150,150.0,8.0,275.0,55.56,0,0,regional_comparator,60.0,984.0,odisha_impact_neighboring_landfall
2021267N18094,2021,GULAB:SHAHEEN-GU,2021-09-30 21:00:00,TS,23.0,65.9,,, ,main,189,189.0,9.0,275.0,,0,0,regional_comparator,60.0,984.0,odisha_impact_neighboring_landfall
2021267N18094,2021,GULAB:SHAHEEN-GU,2021-10-01 00:00:00,TS,23.1,65.4,35.0,995.0,newdelhi,main,227,227.0,9.0,280.0,64.82000000000001,0,0,regional_comparator,60.0,984.0,odisha_impact_neighboring_landfall
2021267N18094,2021,GULAB:SHAHEEN-GU,2021-10-01 03:00:00,TS,23.1,64.9,40.0,994.0,newdelhi,main,235,223.0,8.0,280.0,74.08,0,0,regional_comparator,60.0,984.0,odisha_impact_neighboring_landfall
2021267N18094,2021,GULAB:SHAHEEN-GU,2021-10-01 06:00:00,TS,23.2,64.6,45.0,992.0,newdelhi,main,223,212.0,7.0,290.0,83.34,0,0,regional_comparator,60.0,984.0,odisha_impact_neighboring_landfall
2021267N18094,2021,GULAB:SHAHEEN-GU,2021-10-01 09:00:00,TS,23.3,64.2,45.0,991.0,newdelhi,main,213,203.0,7.0,290.0,83.34,0,0,regional_comparator,60.0,984.0,odisha_impact_neighboring_landfall
2021267N18094,2021,GULAB:SHAHEEN-GU,2021-10-01 12:00:00,TS,23.5,63.9,55.0,987.0,newdelhi,main,194,178.0,7.0,295.0,101.86,0,0,regional_comparator,60.0,984.0,odisha_impact_neighboring_landfall
2021267N18094,2021,GULAB:SHAHEEN-GU,2021-10-01 15:00:00,TS,23.6,63.5,55.0,986.0,newdelhi,main,178,178.0,6.0,290.0,101.86,0,0,regional_comparator,60.0,984.0,odisha_impact_neighboring_landfall
2021267N18094,2021,GULAB:SHAHEEN-GU,2021-10-01 18:00:00,TS,23.7,63.2,60.0,984.0,newdelhi,main,168,153.0,6.0,290.0,111.12,0,0,regional_comparator,60.0,984.0,odisha_impact_neighboring_landfall
2021267N18094,2021,GULAB:SHAHEEN-GU,2021-10-01 21:00:00,TS,23.8,62.8,60.0,984.0,newdelhi,main,150,145.0,7.0,285.0,111.12,0,0,regional_comparator,60.0,984.0,odisha_impact_neighboring_landfall
2021267N18094,2021,GULAB:SHAHEEN-GU,2021-10-02 00:00:00,TS,23.8,62.5,60.0,984.0,newdelhi,main,134,126.0,7.0,285.0,111.12,0,0,regional_comparator,60.0,984.0,odisha_impact_neighboring_landfall
2021267N18094,2021,GULAB:SHAHEEN-GU,2021-10-02 03:00:00,TS,24.0,62.1,60.0,984.0,newdelhi,main,115,100.0,7.0,290.0,111.12,0,0,regional_comparator,60.0,984.0,odisha_impact_neighboring_landfall
2021267N18094,2021,GULAB:SHAHEEN-GU,2021-10-02 06:00:00,TS,24.1,61.7,60.0,984.0,newdelhi,main,101,94.0,8.0,290.0,111.12,0,0,regional_comparator,60.0,984.0,odisha_impact_neighboring_landfall
2021267N18094,2021,GULAB:SHAHEEN-GU,2021-10-02 09:00:00,TS,24.2,61.3,60.0,984.0,newdelhi,main,101,91.0,8.0,290.0,111.12,0,0,regional_comparator,60.0,984.0,odisha_impact_neighboring_landfall
2021267N18094,2021,GULAB:SHAHEEN-GU,2021-10-02 12:00:00,TS,24.4,60.9,60.0,984.0,newdelhi,main,89,89.0,8.0,280.0,111.12,0,0,regional_comparator,60.0,984.0,odisha_impact_neighboring_landfall
2021267N18094,2021,GULAB:SHAHEEN-GU,2021-10-02 15:00:00,TS,24.4,60.5,60.0,984.0,newdelhi,main,100,100.0,7.0,270.0,111.12,0,0,regional_comparator,60.0,984.0,odisha_impact_neighboring_landfall
2021267N18094,2021,GULAB:SHAHEEN-GU,2021-10-02 18:00:00,TS,24.3,60.1,60.0,984.0,newdelhi,main,101,101.0,7.0,265.0,111.12,0,0,regional_comparator,60.0,984.0,odisha_impact_neighboring_landfall
2021267N18094,2021,GULAB:SHAHEEN-GU,2021-10-02 21:00:00,TS,24.3,59.7,60.0,984.0,newdelhi,main,113,105.0,6.0,255.0,111.12,0,0,regional_comparator,60.0,984.0,odisha_impact_neighboring_landfall
2021267N18094,2021,GULAB:SHAHEEN-GU,2021-10-03 00:00:00,TS,24.2,59.5,60.0,984.0,newdelhi,main,105,73.0,6.0,255.0,111.12,0,0,regional_comparator,60.0,984.0,odisha_impact_neighboring_landfall
2021267N18094,2021,GULAB:SHAHEEN-GU,2021-10-03 03:00:00,TS,24.1,59.1,60.0,984.0,newdelhi,main,73,67.0,6.0,260.0,111.12,0,0,regional_comparator,60.0,984.0,odisha_impact_neighboring_landfall
2021267N18094,2021,GULAB:SHAHEEN-GU,2021-10-03 06:00:00,TS,24.1,58.8,60.0,984.0,newdelhi,main,67,56.0,6.0,265.0,111.12,0,0,regional_comparator,60.0,984.0,odisha_impact_neighboring_landfall
2021267N18094,2021,GULAB:SHAHEEN-GU,2021-10-03 09:00:00,TS,24.1,58.4,60.0,984.0,newdelhi,main,56,39.0,6.0,260.0,111.12,0,0,regional_comparator,60.0,984.0,odisha_impact_neighboring_landfall
2021267N18094,2021,GULAB:SHAHEEN-GU,2021-10-03 12:00:00,TS,24.0,58.1,60.0,984.0,newdelhi,main,39,33.0,5.0,260.0,111.12,0,0,regional_comparator,60.0,984.0,odisha_impact_neighboring_landfall
2021267N18094,2021,GULAB:SHAHEEN-GU,2021-10-03 15:00:00,TS,24.0,57.8,60.0,984.0,newdelhi,main,33,15.0,5.0,260.0,111.12,0,0,regional_comparator,60.0,984.0,odisha_impact_neighboring_landfall
2021267N18094,2021,GULAB:SHAHEEN-GU,2021-10-03 18:00:00,TS,23.9,57.6,55.0,986.0,newdelhi,main,15,0.0,5.0,250.0,101.86,1,0,regional_comparator,60.0,984.0,odisha_impact_neighboring_landfall
2021267N18094,2021,GULAB:SHAHEEN-GU,2021-10-03 21:00:00,TS,23.8,57.3,55.0,988.0,newdelhi,main,0,0.0,6.0,250.0,101.86,1,1,regional_comparator,60.0,984.0,odisha_impact_neighboring_landfall
2021267N18094,2021,GULAB:SHAHEEN-GU,2021-10-04 00:00:00,TS,23.7,56.9,40.0,994.0,newdelhi,main,0,0.0,8.0,250.0,74.08,1,1,regional_comparator,60.0,984.0,odisha_impact_neighboring_landfall
2021267N18094,2021,GULAB:SHAHEEN-GU,2021-10-04 03:00:00,TS,23.5,56.5,30.0,998.0,newdelhi,main,0,0.0,8.0,250.0,55.56,1,1,regional_comparator,60.0,984.0,odisha_impact_neighboring_landfall
2021267N18094,2021,GULAB:SHAHEEN-GU,2021-10-04 06:00:00,TS,23.4,56.1,20.0,1000.0,newdelhi,main,0,,8.0,250.0,37.04,0,1,regional_comparator,60.0,984.0,odisha_impact_neighboring_landfall
2023293N12089,2023,HAMOON,2023-10-20 06:00:00,DS,12.4,88.6,,, ,main,725,719.0,4.0,335.0,,0,0,regional_comparator,65.0,984.0,regional_comparator
2023293N12089,2023,HAMOON,2023-10-20 09:00:00,DS,12.6,88.5,,, ,main,722,716.0,4.0,325.0,,0,0,regional_comparator,65.0,984.0,regional_comparator
2023293N12089,2023,HAMOON,2023-10-20 12:00:00,DS,12.7,88.4,,, ,main,726,726.0,3.0,300.0,,0,0,regional_comparator,65.0,984.0,regional_comparator
2023293N12089,2023,HAMOON,2023-10-20 15:00:00,DS,12.7,88.2,,, ,main,744,739.0,4.0,285.0,,0,0,regional_comparator,65.0,984.0,regional_comparator
2023293N12089,2023,HAMOON,2023-10-20 18:00:00,DS,12.8,88.0,,, ,main,743,713.0,5.0,295.0,,0,0,regional_comparator,65.0,984.0,regional_comparator
2023293N12089,2023,HAMOON,2023-10-20 21:00:00,DS,13.0,87.8,,, ,main,713,674.0,6.0,310.0,,0,0,regional_comparator,65.0,984.0,regional_comparator
2023293N12089,2023,HAMOON,2023-10-21 00:00:00,DS,13.2,87.5,,, ,main,674,659.0,5.0,315.0,,0,0,regional_comparator,65.0,984.0,regional_comparator
2023293N12089,2023,HAMOON,2023-10-21 03:00:00,DS,13.4,87.3,,, ,main,643,612.0,6.0,315.0,,0,0,regional_comparator,65.0,984.0,regional_comparator
2023293N12089,2023,HAMOON,2023-10-21 06:00:00,DS,13.6,87.1,,, ,main,612,534.0,11.0,315.0,,0,0,regional_comparator,65.0,984.0,regional_comparator
2023293N12089,2023,HAMOON,2023-10-21 09:00:00,DS,14.1,86.5,,, ,main,527,449.0,15.0,315.0,,0,0,regional_comparator,65.0,984.0,regional_comparator
2023293N12089,2023,HAMOON,2023-10-21 12:00:00,TS,14.6,86.0,,, ,main,449,410.0,11.0,325.0,,0,0,regional_comparator,65.0,984.0,regional_comparator
2023293N12089,2023,HAMOON,2023-10-21 15:00:00,TS,15.0,85.8,,, ,main,402,401.0,5.0,0.0,,0,0,regional_comparator,65.0,984.0,regional_comparator
2023293N12089,2023,HAMOON,2023-10-21 18:00:00,TS,15.1,86.0,25.0,1003.0,newdelhi,main,409,407.0,4.0,50.0,46.300000000000004,0,0,regional_comparator,65.0,984.0,regional_comparator
2023293N12089,2023,HAMOON,2023-10-21 21:00:00,TS,15.2,86.1,25.0,1003.0,newdelhi,main,407,407.0,3.0,60.0,46.300000000000004,0,0,regional_comparator,65.0,984.0,regional_comparator
2023293N12089,2023,HAMOON,2023-10-22 00:00:00,TS,15.2,86.2,25.0,1003.0,newdelhi,main,412,403.0,2.0,45.0,46.300000000000004,0,0,regional_comparator,65.0,984.0,regional_comparator
2023293N12089,2023,HAMOON,2023-10-22 03:00:00,TS,15.3,86.2,25.0,1003.0,newdelhi,main,403,391.0,3.0,10.0,46.300000000000004,0,0,regional_comparator,65.0,984.0,regional_comparator
2023293N12089,2023,HAMOON,2023-10-22 06:00:00,TS,15.5,86.3,25.0,1003.0,newdelhi,main,391,380.0,4.0,25.0,46.300000000000004,0,0,regional_comparator,65.0,984.0,regional_comparator
2023293N12089,2023,HAMOON,2023-10-22 09:00:00,TS,15.7,86.4,25.0,1002.0,newdelhi,main,380,378.0,5.0,40.0,46.300000000000004,0,0,regional_comparator,65.0,984.0,regional_comparator
2023293N12089,2023,HAMOON,2023-10-22 12:00:00,TS,15.9,86.6,30.0,1001.0,newdelhi,main,377,369.0,5.0,30.0,55.56,0,0,regional_comparator,65.0,984.0,regional_comparator
2023293N12089,2023,HAMOON,2023-10-22 15:00:00,TS,16.2,86.7,30.0,1001.0,newdelhi,main,362,362.0,4.0,20.0,55.56,0,0,regional_comparator,65.0,984.0,regional_comparator
2023293N12089,2023,HAMOON,2023-10-22 18:00:00,TS,16.2,86.8,30.0,1001.0,newdelhi,main,369,354.0,3.0,25.0,55.56,0,0,regional_comparator,65.0,984.0,regional_comparator
2023293N12089,2023,HAMOON,2023-10-22 21:00:00,TS,16.4,86.8,30.0,1001.0,newdelhi,main,354,330.0,6.0,10.0,55.56,0,0,regional_comparator,65.0,984.0,regional_comparator
2023293N12089,2023,HAMOON,2023-10-23 00:00:00,TS,16.8,86.9,30.0,1001.0,newdelhi,main,330,315.0,7.0,5.0,55.56,0,0,regional_comparator,65.0,984.0,regional_comparator
2023293N12089,2023,HAMOON,2023-10-23 03:00:00,TS,17.1,86.9,30.0,1001.0,newdelhi,main,308,295.0,7.0,10.0,55.56,0,0,regional_comparator,65.0,984.0,regional_comparator
2023293N12089,2023,HAMOON,2023-10-23 06:00:00,TS,17.5,87.0,30.0,1000.0,newdelhi,main,284,249.0,9.0,20.0,55.56,0,0,regional_comparator,65.0,984.0,regional_comparator
2023293N12089,2023,HAMOON,2023-10-23 09:00:00,TS,17.9,87.2,30.0,1000.0,newdelhi,main,249,207.0,10.0,20.0,55.56,0,0,regional_comparator,65.0,984.0,regional_comparator
2023293N12089,2023,HAMOON,2023-10-23 12:00:00,TS,18.4,87.4,35.0,999.0,newdelhi,main,207,191.0,10.0,30.0,64.82000000000001,0,0,regional_comparator,65.0,984.0,regional_comparator
2023293N12089,2023,HAMOON,2023-10-23 15:00:00,TS,18.8,87.8,40.0,998.0,newdelhi,main,198,191.0,11.0,45.0,74.08,0,0,regional_comparator,65.0,984.0,regional_comparator
2023293N12089,2023,HAMOON,2023-10-23 18:00:00,TS,19.2,88.2,40.0,998.0,newdelhi,main,199,199.0,10.0,50.0,74.08,0,0,regional_comparator,65.0,984.0,regional_comparator
2023293N12089,2023,HAMOON,2023-10-23 21:00:00,TS,19.4,88.6,50.0,994.0,newdelhi,main,221,212.0,9.0,55.0,92.60000000000001,0,0,regional_comparator,65.0,984.0,regional_comparator
2023293N12089,2023,HAMOON,2023-10-24 00:00:00,TS,19.7,89.0,55.0,990.0,newdelhi,main,212,183.0,12.0,60.0,101.86,0,0,regional_comparator,65.0,984.0,regional_comparator
2023293N12089,2023,HAMOON,2023-10-24 03:00:00,TS,20.0,89.6,65.0,984.0,newdelhi,main,186,167.0,13.0,60.0,120.38000000000001,0,0,regional_comparator,65.0,984.0,regional_comparator
2023293N12089,2023,HAMOON,2023-10-24 06:00:00,TS,20.3,90.2,65.0,985.0,newdelhi,main,156,133.0,13.0,55.0,120.38000000000001,0,0,regional_comparator,65.0,984.0,regional_comparator
2023293N12089,2023,HAMOON,2023-10-24 09:00:00,TS,20.7,90.8,65.0,986.0,newdelhi,main,137,106.0,11.0,55.0,120.38000000000001,0,0,regional_comparator,65.0,984.0,regional_comparator
2023293N12089,2023,HAMOON,2023-10-24 12:00:00,TS,21.0,91.2,55.0,988.0,newdelhi,main,91,91.0,3.0,50.0,101.86,0,0,regional_comparator,65.0,984.0,regional_comparator
2023293N12089,2023,HAMOON,2023-10-24 15:00:00,TS,20.9,91.0,55.0,990.0,newdelhi,main,114,114.0,3.0,255.0,101.86,0,0,regional_comparator,65.0,984.0,regional_comparator
2023293N12089,2023,HAMOON,2023-10-24 18:00:00,TS,20.9,90.8,50.0,994.0,newdelhi,main,118,51.0,8.0,35.0,92.60000000000001,0,0,regional_comparator,65.0,984.0,regional_comparator
2023293N12089,2023,HAMOON,2023-10-24 21:00:00,TS,21.5,91.5,45.0,996.0,newdelhi,main,41,0.0,19.0,45.0,83.34,1,0,regional_comparator,65.0,984.0,regional_comparator
2023293N12089,2023,HAMOON,2023-10-25 00:00:00,TS,22.2,92.2,35.0,999.0,newdelhi,main,0,0.0,14.0,40.0,64.82000000000001,1,1,regional_comparator,65.0,984.0,regional_comparator
2023293N12089,2023,HAMOON,2023-10-25 03:00:00,TS,22.5,92.4,30.0,1003.0,newdelhi,main,0,0.0,6.0,30.0,55.56,1,1,regional_comparator,65.0,984.0,regional_comparator
2023293N12089,2023,HAMOON,2023-10-25 06:00:00,TS,22.7,92.5,25.0,1004.0,newdelhi,main,0,,3.0,5.0,46.300000000000004,0,1,regional_comparator,65.0,984.0,regional_comparator
2024295N15092,2024,DANA,2024-10-21 06:00:00,DS,15.3,92.1,,, ,main,238,238.0,1.0,0.0,,0,0,direct_odisha,60.0,986.0,direct_odisha
2024295N15092,2024,DANA,2024-10-21 09:00:00,DS,15.2,92.1,,, ,main,242,242.0,1.0,0.0,,0,0,direct_odisha,60.0,986.0,direct_odisha
2024295N15092,2024,DANA,2024-10-21 12:00:00,DS,15.2,92.1,,, ,main,242,242.0,1.0,235.0,,0,0,direct_odisha,60.0,986.0,direct_odisha
2024295N15092,2024,DANA,2024-10-21 15:00:00,DS,15.2,92.1,,, ,main,242,242.0,1.0,270.0,,0,0,direct_odisha,60.0,986.0,direct_odisha
2024295N15092,2024,DANA,2024-10-21 18:00:00,DS,15.2,92.0,,, ,main,252,252.0,1.0,225.0,,0,0,direct_odisha,60.0,986.0,direct_odisha
2024295N15092,2024,DANA,2024-10-21 21:00:00,DS,15.1,92.0,,, ,main,252,252.0,1.0,245.0,,0,0,direct_odisha,60.0,986.0,direct_odisha
2024295N15092,2024,DANA,2024-10-22 00:00:00,MX,15.2,91.9,20.0,1003.0,newdelhi,main,262,262.0,2.0,290.0,37.04,0,0,direct_odisha,60.0,986.0,direct_odisha
2024295N15092,2024,DANA,2024-10-22 03:00:00,MX,15.2,91.8,20.0,1002.0,newdelhi,main,272,272.0,3.0,295.0,37.04,0,0,direct_odisha,60.0,986.0,direct_odisha
2024295N15092,2024,DANA,2024-10-22 06:00:00,TS,15.3,91.6,25.0,1000.0,newdelhi,main,289,289.0,2.0,295.0,46.300000000000004,0,0,direct_odisha,60.0,986.0,direct_odisha
2024295N15092,2024,DANA,2024-10-22 09:00:00,TS,15.3,91.5,,, ,main,299,296.0,3.0,300.0,,0,0,direct_odisha,60.0,986.0,direct_odisha
2024295N15092,2024,DANA,2024-10-22 12:00:00,TS,15.4,91.4,30.0,999.0,newdelhi,main,307,307.0,5.0,290.0,55.56,0,0,direct_odisha,60.0,986.0,direct_odisha
2024295N15092,2024,DANA,2024-10-22 15:00:00,TS,15.5,91.1,,, ,main,336,336.0,7.0,285.0,,0,0,direct_odisha,60.0,986.0,direct_odisha
2024295N15092,2024,DANA,2024-10-22 18:00:00,TS,15.6,90.7,30.0,998.0,newdelhi,main,377,377.0,8.0,290.0,55.56,0,0,direct_odisha,60.0,986.0,direct_odisha
2024295N15092,2024,DANA,2024-10-22 21:00:00,TS,15.8,90.3,,, ,main,417,417.0,9.0,300.0,,0,0,direct_odisha,60.0,986.0,direct_odisha
2024295N15092,2024,DANA,2024-10-23 00:00:00,TS,16.1,89.9,35.0,997.0,newdelhi,main,459,459.0,9.0,310.0,64.82000000000001,0,0,direct_odisha,60.0,986.0,direct_odisha
2024295N15092,2024,DANA,2024-10-23 03:00:00,TS,16.4,89.6,35.0,996.0,newdelhi,main,493,488.0,9.0,315.0,64.82000000000001,0,0,direct_odisha,60.0,986.0,direct_odisha
2024295N15092,2024,DANA,2024-10-23 06:00:00,TS,16.7,89.3,40.0,995.0,newdelhi,main,479,448.0,7.0,320.0,74.08,0,0,direct_odisha,60.0,986.0,direct_odisha
2024295N15092,2024,DANA,2024-10-23 09:00:00,TS,16.9,89.1,45.0,994.0,newdelhi,main,448,416.0,7.0,335.0,83.34,0,0,direct_odisha,60.0,986.0,direct_odisha
2024295N15092,2024,DANA,2024-10-23 12:00:00,TS,17.3,89.0,45.0,992.0,newdelhi,main,407,368.0,8.0,340.0,83.34,0,0,direct_odisha,60.0,986.0,direct_odisha
2024295N15092,2024,DANA,2024-10-23 15:00:00,TS,17.6,88.8,45.0,992.0,newdelhi,main,368,337.0,8.0,340.0,83.34,0,0,direct_odisha,60.0,986.0,direct_odisha
2024295N15092,2024,DANA,2024-10-23 18:00:00,TS,18.0,88.7,50.0,990.0,newdelhi,main,329,283.0,8.0,330.0,92.60000000000001,0,0,direct_odisha,60.0,986.0,direct_odisha
2024295N15092,2024,DANA,2024-10-23 21:00:00,TS,18.3,88.4,50.0,990.0,newdelhi,main,283,245.0,8.0,330.0,92.60000000000001,0,0,direct_odisha,60.0,986.0,direct_odisha
2024295N15092,2024,DANA,2024-10-24 00:00:00,TS,18.7,88.2,55.0,988.0,newdelhi,main,238,199.0,8.0,325.0,101.86,0,0,direct_odisha,60.0,986.0,direct_odisha
2024295N15092,2024,DANA,2024-10-24 03:00:00,TS,19.0,88.0,55.0,988.0,newdelhi,main,199,160.0,8.0,325.0,101.86,0,0,direct_odisha,60.0,986.0,direct_odisha
2024295N15092,2024,DANA,2024-10-24 06:00:00,TS,19.3,87.8,55.0,988.0,newdelhi,main,160,129.0,6.0,325.0,101.86,0,0,direct_odisha,60.0,986.0,direct_odisha
2024295N15092,2024,DANA,2024-10-24 09:00:00,TS,19.5,87.6,60.0,986.0,newdelhi,main,129,100.0,6.0,335.0,111.12,0,0,direct_odisha,60.0,986.0,direct_odisha
2024295N15092,2024,DANA,2024-10-24 12:00:00,TS,19.8,87.5,60.0,986.0,newdelhi,main,100,66.0,7.0,335.0,111.12,0,0,direct_odisha,60.0,986.0,direct_odisha
2024295N15092,2024,DANA,2024-10-24 15:00:00,TS,20.1,87.3,60.0,986.0,newdelhi,main,66,23.0,8.0,330.0,111.12,0,0,direct_odisha,60.0,986.0,direct_odisha
2024295N15092,2024,DANA,2024-10-24 18:00:00,TS,20.5,87.1,55.0,988.0,newdelhi,main,23,0.0,6.0,335.0,101.86,1,0,direct_odisha,60.0,986.0,direct_odisha
2024295N15092,2024,DANA,2024-10-24 21:00:00,TS,20.7,87.0,55.0,988.0,newdelhi,main,0,0.0,5.0,330.0,101.86,1,1,direct_odisha,60.0,986.0,direct_odisha
2024295N15092,2024,DANA,2024-10-25 00:00:00,TS,20.9,86.9,50.0,990.0,newdelhi,main,0,0.0,4.0,335.0,92.60000000000001,1,1,direct_odisha,60.0,986.0,direct_odisha
2024295N15092,2024,DANA,2024-10-25 03:00:00,TS,21.1,86.8,45.0,994.0,newdelhi,main,0,0.0,3.0,335.0,83.34,1,1,direct_odisha,60.0,986.0,direct_odisha
2024295N15092,2024,DANA,2024-10-25 06:00:00,TS,21.2,86.7,35.0,997.0,newdelhi,main,0,0.0,3.0,315.0,64.82000000000001,1,1,direct_odisha,60.0,986.0,direct_odisha
2024295N15092,2024,DANA,2024-10-25 09:00:00,TS,21.3,86.6,30.0,998.0,newdelhi,main,0,0.0,2.0,290.0,55.56,1,1,direct_odisha,60.0,986.0,direct_odisha
2024295N15092,2024,DANA,2024-10-25 12:00:00,TS,21.3,86.5,30.0,999.0,newdelhi,main,0,0.0,1.0,260.0,55.56,1,1,direct_odisha,60.0,986.0,direct_odisha
2024295N15092,2024,DANA,2024-10-25 15:00:00,TS,21.3,86.4,,, ,main,0,0.0,1.0,230.0,,1,1,direct_odisha,60.0,986.0,direct_odisha
2024295N15092,2024,DANA,2024-10-25 18:00:00,TS,21.3,86.4,25.0,1000.0,newdelhi,main,0,0.0,1.0,0.0,46.300000000000004,1,1,direct_odisha,60.0,986.0,direct_odisha
2024295N15092,2024,DANA,2024-10-25 21:00:00,TS,21.2,86.5,,, ,main,0,0.0,1.0,205.0,,1,1,direct_odisha,60.0,986.0,direct_odisha
2024295N15092,2024,DANA,2024-10-26 00:00:00,DS,21.2,86.4,,, ,main,0,,1.0,275.0,,0,1,direct_odisha,60.0,986.0,direct_odisha
